#
# A fatal error has been detected by the Java Runtime Environment:
#
#  SIGSEGV (0xb) at pc=0x00007d345c1b40db, pid=171310, tid=175384
#
# JRE version: OpenJDK Runtime Environment (21.0.9+10) (build 21.0.9+10-Ubuntu-124.04)
# Java VM: OpenJDK 64-Bit Server VM (21.0.9+10-Ubuntu-124.04, mixed mode, tiered, compressed oops, compressed class ptrs, g1 gc, linux-amd64)
# Problematic frame:
# C  [libpipewire-0.3.so.0+0x470db]
#
# Core dump will be written. Default location: Core dumps may be processed with "/usr/share/apport/apport -p%p -s%s -c%c -d%d -P%P -u%u -g%g -F%F -- %E" (or dumping to /home/linux/Documents/Projets/VoiceChat-Desktop/client/core.171310)
#
# If you would like to submit a bug report, please visit:
#   https://bugs.launchpad.net/ubuntu/+source/openjdk-21
#

---------------  S U M M A R Y ------------

Command Line: --module-path=/home/linux/Documents/Projets/VoiceChat-Desktop/client/build/libs/client.jar:/home/linux/.gradle/caches/modules-2/files-2.1/shared-lib/voicechat-common/1.0.69/de37d2b850701251ca9f53ea06132262e926c9fd/voicechat-common-1.0.69.jar:/home/linux/.gradle/caches/modules-2/files-2.1/de.maxhenkel.opus4j/opus4j/2.1.0/71b4a98d2f53f03bc06272a4101d643bcdaaec70/opus4j-2.1.0.jar:/home/linux/.gradle/caches/modules-2/files-2.1/org.neo4j/neo4j-ogm-core/4.0.19/1e2d21e8ba46104c40bfc16f1a3cbf420c54b37d/neo4j-ogm-core-4.0.19.jar:/home/linux/.gradle/caches/modules-2/files-2.1/org.neo4j/neo4j-ogm-bolt-driver/4.0.19/d05dbe5db979e498f15a863af3429618d7346b04/neo4j-ogm-bolt-driver-4.0.19.jar:/home/linux/.gradle/caches/modules-2/files-2.1/org.neo4j/neo4j-ogm-api/4.0.19/f588d6bbe583e57d21e6860940c09b631063cc24/neo4j-ogm-api-4.0.19.jar:/home/linux/.gradle/caches/modules-2/files-2.1/com.fasterxml.jackson.datatype/jackson-datatype-jdk8/2.19.1/eabbc99d0e146b1a7085fddd02568faf1d3b4ab1/jackson-datatype-jdk8-2.19.1.jar:/home/linux/.gradle/caches/modules-2/files-2.1/com.fasterxml.jackson.core/jackson-databind/2.19.1/e8cb8e76faea3e0791165f5d3614fc45933b2ee0/jackson-databind-2.19.1.jar:/home/linux/.gradle/caches/modules-2/files-2.1/com.fasterxml.jackson.core/jackson-annotations/2.19.1/37e4f0c5dba684e00137defdb04ad9df95920c44/jackson-annotations-2.19.1.jar:/home/linux/.gradle/caches/modules-2/files-2.1/com.fasterxml.jackson.core/jackson-core/2.19.1/6e5a8cb8a6cada322497cefb7726657d98aaee15/jackson-core-2.19.1.jar:/home/linux/.gradle/caches/modules-2/files-2.1/com.fasterxml.jackson.datatype/jackson-datatype-jsr310/2.19.1/e9df57105f3b0730040ad7f3a1b603684a3329f4/jackson-datatype-jsr310-2.19.1.jar:/home/linux/.gradle/caches/modules-2/files-2.1/io.github.resilience4j/resilience4j-all/1.7.0/9300a162db7a081e9db23e151015f1dbb0828514/resilience4j-all-1.7.0.jar:/home/linux/.gradle/caches/modules-2/files-2.1/org.apache.commons/commons-collections4/4.4/62ebe7544cb7164d87e0637a2a6a2bdc981395e8/commons-col--patch-module=com.voicechat.client=/home/linux/Documents/Projets/VoiceChat-Desktop/client/build/resources/main -Dfile.encoding=UTF-8 -Duser.country=US -Duser.language=en -Duser.variant -Djdk.module.main=com.voicechat.client com.voicechat.client/com.voicechat.client.VoiceChatApplication

Host: AMD Ryzen 7 5700X 8-Core Processor, 32 cores, 31G, Ubuntu 24.04.3 LTS
Time: Fri Jan  2 17:09:48 2026 CET elapsed time: 82.808507 seconds (0d 0h 1m 22s)

---------------  T H R E A D  ---------------

Current thread is native thread

Stack: [0x00007d325b6b8000,0x00007d325beb8000],  sp=0x00007d325beb6a40,  free space=8186k
Native frames: (J=compiled Java code, j=interpreted, Vv=VM code, C=native code)
C  [libpipewire-0.3.so.0+0x470db]
C  [libpipewire-module-protocol-native.so+0x1fd32]
C  [libpipewire-module-protocol-native.so+0x15ee1]
C  [libpipewire-module-protocol-native.so+0x166c8]
C  [libspa-support.so+0x8d16]
C  [libpipewire-0.3.so.0+0x91c67]
C  [libc.so.6+0x9caa4]

siginfo: si_signo: 11 (SIGSEGV), si_code: 1 (SEGV_MAPERR), si_addr: 0x0000000000000008

Registers:
RAX=0x0000000000000000, RBX=0x0000000000000003, RCX=0x00000000ffffffff, RDX=0x0000000000000000
RSP=0x00007d325beb6a40, RBP=0x00007d325beb6a70, RSI=0x0000000000000000, RDI=0x00007d33d051d850
R8 =0x0000000000000003, R9 =0x00007d345c1b4080, R10=0x0000000000000048, R11=0x0000000000000007
R12=0x00007d33d050f8a0, R13=0x0000000000000000, R14=0x00000000ffffffff, R15=0x0000000000000002
RIP=0x00007d345c1b40db, EFLAGS=0x0000000000010246, CSGSFS=0x002b000000000033, ERR=0x0000000000000004
  TRAPNO=0x000000000000000e

XMM[0]=0x0000000000000000 0x0000000000000000
XMM[1]=0x0000000000000000 0x0000000000000000
XMM[2]=0x00007d33d0524188 0x0000000600000000
XMM[3]=0x00007d33d051d9a8 0x0000000000000048
XMM[4]=0x0000000000000000 0x00007d3448000090
XMM[5]=0xffffffffffffff00 0xffffffffffffffff
XMM[6]=0x0000000000000000 0x0000000000000000
XMM[7]=0x6e3c203d20656d61 0x6e2e617461646174
XMM[8]=0x616e652e6c617472 0x6f70747220282029
XMM[9]=0x00007d33d050ca10 0x00007d33d050ca10
XMM[10]=0x00007d33d050ca00 0x00007d33d050ca00
XMM[11]=0x00007d33d050c9f0 0x00007d33d050c9f0
XMM[12]=0x00007d33d050c9e0 0x00007d33d050c9e0
XMM[13]=0x00007d33d050c9d0 0x00007d33d050c9d0
XMM[14]=0x00007d33d050c9c0 0x00007d33d050c9c0
XMM[15]=0x0000000000000000 0x0000000000000000
  MXCSR=0x00001fa6


Top of Stack: (sp=0x00007d325beb6a40)
0x00007d325beb6a40:   00007d33d051d8b0 00000000ffffffff
0x00007d325beb6a50:   00007d33d050f8f8 0000000000000001
0x00007d325beb6a60:   00007d33d051d8b0 0000000000000001
0x00007d325beb6a70:   00007d325beb6b20 00007d345cb16d32
0x00007d325beb6a80:   00007d325beb6b20 000000035cb15dce
0x00007d325beb6a90:   0000000000000002 ffffffffffffffff
0x00007d325beb6aa0:   00007d33d0524188 0000000000000048
0x00007d325beb6ab0:   0000000000000048 0000000000000000
0x00007d325beb6ac0:   00007d33d04e89c8 00007d33d050f940
0x00007d325beb6ad0:   0000000000000000 0000000000000000
0x00007d325beb6ae0:   0000000000000000 0000000000000000
0x00007d325beb6af0:   0000000000000000 14ea4df6fc95f300
0x00007d325beb6b00:   00007d33d051d970 00007d33d050f8a0
0x00007d325beb6b10:   00007d33d051d970 00007d33d050f8a0
0x00007d325beb6b20:   00007d325beb6b80 00007d345cb0cee1
0x00007d325beb6b30:   0000000000000000 00007d325beb6b40
0x00007d325beb6b40:   00007d33d051aea8 14ea4df6fc95f300
0x00007d325beb6b50:   00007d33d051af70 00007d33d050f8a0
0x00007d325beb6b60:   00007d33d04e8dc0 00007d33d051d8b0
0x00007d325beb6b70:   0000000000000d78 0000000000000001
0x00007d325beb6b80:   00007d325beb6c20 00007d345cb0d6c8
0x00007d325beb6b90:   0000000000000000 00007d33d051d970
0x00007d325beb6ba0:   0000000000000000 0000000000000008
0x00007d325beb6bb0:   00007d3200000004 0000000000000008
0x00007d325beb6bc0:   00007d325beb6bd0 00007d33d04e8260
0x00007d325beb6bd0:   00007d325beb6c20 00007d3581ca0157
0x00007d325beb6be0:   0000000000000000 14ea4df6fc95f300
0x00007d325beb6bf0:   0000000000000001 00007d325beb6c58
0x00007d325beb6c00:   00007d325beb6c58 00007d325beb6c68
0x00007d325beb6c10:   0000000000000001 00007d33d04e8f70
0x00007d325beb6c20:   00007d325beb6e90 00007d345cb57d16
0x00007d325beb6c30:   0000000000000000 0000000000000000 

Instructions: (pc=0x00007d345c1b40db)
0x00007d345c1b3fdb:   49 8b 84 24 08 01 00 00 89 de 48 c1 e8 03 48 39
0x00007d345c1b3feb:   c6 73 32 49 8b 84 24 00 01 00 00 48 8b 3c f0 40
0x00007d345c1b3ffb:   f6 c7 01 75 20 48 85 ff 74 1b 48 8d 65 e8 44 89
0x00007d345c1b400b:   ee 5b 41 5c 41 5d 5d e9 99 55 03 00 66 0f 1f 84
0x00007d345c1b401b:   00 00 00 00 00 48 8d 65 e8 5b 41 5c 41 5d 5d c3
0x00007d345c1b402b:   0f 1f 44 00 00 48 8b 05 81 6f 09 00 83 38 03 76
0x00007d345c1b403b:   9f 48 83 ec 08 4c 8d 0d 7f 39 05 00 31 c0 b9 47
0x00007d345c1b404b:   00 00 00 41 55 4c 8d 05 b9 fa 05 00 48 8d 15 26
0x00007d345c1b405b:   39 05 00 bf 04 00 00 00 53 48 8d 35 e5 6f 09 00
0x00007d345c1b406b:   41 54 e8 fe bf 01 00 48 83 c4 20 e9 60 ff ff ff
0x00007d345c1b407b:   0f 1f 44 00 00 f3 0f 1e fa 55 48 89 e5 41 57 41
0x00007d345c1b408b:   89 d7 41 56 41 89 ce 41 55 41 89 f5 41 54 49 89
0x00007d345c1b409b:   fc 53 44 89 c3 48 83 ec 08 80 3d b9 6f 09 00 00
0x00007d345c1b40ab:   0f 84 9f 00 00 00 31 c0 83 3d a6 6f 09 00 03 0f
0x00007d345c1b40bb:   97 c0 48 85 c0 0f 85 b1 00 00 00 49 8b bc 24 98
0x00007d345c1b40cb:   00 00 00 89 de 44 89 f1 44 89 fa e8 95 d9 01 00
0x00007d345c1b40db:   44 8b 40 08 48 89 c3 45 39 e8 74 59 80 3d 76 6f
0x00007d345c1b40eb:   09 00 00 75 78 48 8b 05 c1 6e 09 00 8b 00 85 c0
0x00007d345c1b40fb:   0f 95 c0 0f b6 c0 48 85 c0 0f 85 b0 00 00 00 31
0x00007d345c1b410b:   c0 44 89 e9 48 8d 15 5a 9f 05 00 4c 89 e7 be ea
0x00007d345c1b411b:   ff ff ff e8 6d 2b 03 00 83 6b 0c 01 75 17 48 8d
0x00007d345c1b412b:   65 d8 48 89 df 5b 41 5c 41 5d 41 5e 41 5f 5d e9
0x00007d345c1b413b:   21 de 01 00 90 48 8d 65 d8 5b 41 5c 41 5d 41 5e
0x00007d345c1b414b:   41 5f 5d c3 90 48 8b 05 61 6e 09 00 83 38 03 0f
0x00007d345c1b415b:   97 c0 0f b6 c0 e9 58 ff ff ff 0f 1f 00 8b 15 f2
0x00007d345c1b416b:   6e 09 00 31 c0 85 d2 0f 95 c0 eb 8a 48 83 ec 08
0x00007d345c1b417b:   4c 8d 0d 96 9e 05 00 31 c0 b9 51 00 00 00 53 4c
0x00007d345c1b418b:   8d 05 5f f9 05 00 48 8d 15 ec 37 05 00 bf 04 00
0x00007d345c1b419b:   00 00 41 56 48 8d 35 aa 6e 09 00 41 57 41 55 41
0x00007d345c1b41ab:   54 e8 bf be 01 00 48 83 c4 30 e9 0c ff ff ff 41
0x00007d345c1b41bb:   50 4c 8d 0d 7d 9e 05 00 b9 55 00 00 00 31 c0 41
0x00007d345c1b41cb:   56 4c 8d 05 1d f9 05 00 48 8d 15 aa 37 05 00 bf 



---------------  P R O C E S S  ---------------

VM state: not at safepoint (normal execution)

VM Mutex/Monitor currently owned by a thread: None

Heap address: 0x00000005cbc00000, size: 8004 MB, Compressed Oops mode: Zero based, Oop shift amount: 3

CDS archive(s) not mapped
Compressed class space mapped at: 0x00000007c0000000-0x0000000800000000, reserved size: 1073741824
Narrow klass base: 0x0000000000000000, Narrow klass shift: 3, Narrow klass range: 0x800000000

GC Precious Log:
<Skipped>

Heap:
 garbage-first heap   total 704512K, used 360482K [0x00000005cbc00000, 0x00000007c0000000)
  region size 4096K, 40 young (163840K), 1 survivors (4096K)
 Metaspace       used 40337K, committed 40832K, reserved 1114112K
  class space    used 4959K, committed 5184K, reserved 1048576K

Heap Regions: E=young(eden), S=young(survivor), O=old, HS=humongous(starts), HC=humongous(continues), CS=collection set, F=free, TAMS=top-at-mark-start, PB=parsable bottom
|   0|0x00000005cbc00000, 0x00000005cc000000, 0x00000005cc000000|100%| O|  |TAMS 0x00000005cbc00000| PB 0x00000005cbc00000| Untracked 
|   1|0x00000005cc000000, 0x00000005cc400000, 0x00000005cc400000|100%| O|  |TAMS 0x00000005cc000000| PB 0x00000005cc000000| Untracked 
|   2|0x00000005cc400000, 0x00000005cc800000, 0x00000005cc800000|100%| O|  |TAMS 0x00000005cc400000| PB 0x00000005cc400000| Untracked 
|   3|0x00000005cc800000, 0x00000005ccbef3e0, 0x00000005ccc00000| 98%| O|  |TAMS 0x00000005cc800000| PB 0x00000005cc800000| Untracked 
|   4|0x00000005ccc00000, 0x00000005cd000000, 0x00000005cd000000|100%| O|  |TAMS 0x00000005ccc00000| PB 0x00000005ccc00000| Untracked 
|   5|0x00000005cd000000, 0x00000005cd000000, 0x00000005cd400000|  0%| F|  |TAMS 0x00000005cd000000| PB 0x00000005cd000000| Untracked 
|   6|0x00000005cd400000, 0x00000005cd400000, 0x00000005cd800000|  0%| F|  |TAMS 0x00000005cd400000| PB 0x00000005cd400000| Untracked 
|   7|0x00000005cd800000, 0x00000005cdc00000, 0x00000005cdc00000|100%| O|  |TAMS 0x00000005cd800000| PB 0x00000005cd800000| Untracked 
|   8|0x00000005cdc00000, 0x00000005ce000000, 0x00000005ce000000|100%| O|  |TAMS 0x00000005cdc00000| PB 0x00000005cdc00000| Untracked 
|   9|0x00000005ce000000, 0x00000005ce400000, 0x00000005ce400000|100%| O|  |TAMS 0x00000005ce000000| PB 0x00000005ce000000| Untracked 
|  10|0x00000005ce400000, 0x00000005ce400000, 0x00000005ce800000|  0%| F|  |TAMS 0x00000005ce400000| PB 0x00000005ce400000| Untracked 
|  11|0x00000005ce800000, 0x00000005ce800000, 0x00000005cec00000|  0%| F|  |TAMS 0x00000005ce800000| PB 0x00000005ce800000| Untracked 
|  12|0x00000005cec00000, 0x00000005cec00000, 0x00000005cf000000|  0%| F|  |TAMS 0x00000005cec00000| PB 0x00000005cec00000| Untracked 
|  13|0x00000005cf000000, 0x00000005cf000000, 0x00000005cf400000|  0%| F|  |TAMS 0x00000005cf000000| PB 0x00000005cf000000| Untracked 
|  14|0x00000005cf400000, 0x00000005cf400000, 0x00000005cf800000|  0%| F|  |TAMS 0x00000005cf400000| PB 0x00000005cf400000| Untracked 
|  15|0x00000005cf800000, 0x00000005cf800000, 0x00000005cfc00000|  0%| F|  |TAMS 0x00000005cf800000| PB 0x00000005cf800000| Untracked 
|  16|0x00000005cfc00000, 0x00000005d0000000, 0x00000005d0000000|100%|HS|  |TAMS 0x00000005cfc00000| PB 0x00000005cfc00000| Complete 
|  17|0x00000005d0000000, 0x00000005d0400000, 0x00000005d0400000|100%|HC|  |TAMS 0x00000005d0000000| PB 0x00000005d0000000| Complete 
|  18|0x00000005d0400000, 0x00000005d0800000, 0x00000005d0800000|100%| O|  |TAMS 0x00000005d0400000| PB 0x00000005d0400000| Untracked 
|  19|0x00000005d0800000, 0x00000005d0c00000, 0x00000005d0c00000|100%| O|  |TAMS 0x00000005d0800000| PB 0x00000005d0800000| Untracked 
|  20|0x00000005d0c00000, 0x00000005d1000000, 0x00000005d1000000|100%| O|  |TAMS 0x00000005d0c00000| PB 0x00000005d0c00000| Untracked 
|  21|0x00000005d1000000, 0x00000005d1400000, 0x00000005d1400000|100%| O|  |TAMS 0x00000005d1000000| PB 0x00000005d1000000| Untracked 
|  22|0x00000005d1400000, 0x00000005d1400000, 0x00000005d1800000|  0%| F|  |TAMS 0x00000005d1400000| PB 0x00000005d1400000| Untracked 
|  23|0x00000005d1800000, 0x00000005d1c00000, 0x00000005d1c00000|100%|HS|  |TAMS 0x00000005d1800000| PB 0x00000005d1800000| Complete 
|  24|0x00000005d1c00000, 0x00000005d2000000, 0x00000005d2000000|100%|HC|  |TAMS 0x00000005d1c00000| PB 0x00000005d1c00000| Complete 
|  25|0x00000005d2000000, 0x00000005d2400000, 0x00000005d2400000|100%|HC|  |TAMS 0x00000005d2000000| PB 0x00000005d2000000| Complete 
|  26|0x00000005d2400000, 0x00000005d2800000, 0x00000005d2800000|100%|HC|  |TAMS 0x00000005d2400000| PB 0x00000005d2400000| Complete 
|  27|0x00000005d2800000, 0x00000005d2c00000, 0x00000005d2c00000|100%|HC|  |TAMS 0x00000005d2800000| PB 0x00000005d2800000| Complete 
|  28|0x00000005d2c00000, 0x00000005d3000000, 0x00000005d3000000|100%|HC|  |TAMS 0x00000005d2c00000| PB 0x00000005d2c00000| Complete 
|  29|0x00000005d3000000, 0x00000005d3400000, 0x00000005d3400000|100%|HC|  |TAMS 0x00000005d3000000| PB 0x00000005d3000000| Complete 
|  30|0x00000005d3400000, 0x00000005d3800000, 0x00000005d3800000|100%|HC|  |TAMS 0x00000005d3400000| PB 0x00000005d3400000| Complete 
|  31|0x00000005d3800000, 0x00000005d3c00000, 0x00000005d3c00000|100%|HC|  |TAMS 0x00000005d3800000| PB 0x00000005d3800000| Complete 
|  32|0x00000005d3c00000, 0x00000005d4000000, 0x00000005d4000000|100%|HC|  |TAMS 0x00000005d3c00000| PB 0x00000005d3c00000| Complete 
|  33|0x00000005d4000000, 0x00000005d4400000, 0x00000005d4400000|100%|HC|  |TAMS 0x00000005d4000000| PB 0x00000005d4000000| Complete 
|  34|0x00000005d4400000, 0x00000005d4800000, 0x00000005d4800000|100%|HC|  |TAMS 0x00000005d4400000| PB 0x00000005d4400000| Complete 
|  35|0x00000005d4800000, 0x00000005d4c00000, 0x00000005d4c00000|100%|HC|  |TAMS 0x00000005d4800000| PB 0x00000005d4800000| Complete 
|  36|0x00000005d4c00000, 0x00000005d5000000, 0x00000005d5000000|100%| O|  |TAMS 0x00000005d4c00000| PB 0x00000005d4c00000| Untracked 
|  37|0x00000005d5000000, 0x00000005d5400000, 0x00000005d5400000|100%| O|  |TAMS 0x00000005d5000000| PB 0x00000005d5000000| Untracked 
|  38|0x00000005d5400000, 0x00000005d5800000, 0x00000005d5800000|100%| O|  |TAMS 0x00000005d5400000| PB 0x00000005d5400000| Untracked 
|  39|0x00000005d5800000, 0x00000005d5c00000, 0x00000005d5c00000|100%| O|  |TAMS 0x00000005d5800000| PB 0x00000005d5800000| Untracked 
|  40|0x00000005d5c00000, 0x00000005d6000000, 0x00000005d6000000|100%| O|  |TAMS 0x00000005d5c00000| PB 0x00000005d5c00000| Untracked 
|  41|0x00000005d6000000, 0x00000005d6400000, 0x00000005d6400000|100%| O|  |TAMS 0x00000005d6000000| PB 0x00000005d6000000| Untracked 
|  42|0x00000005d6400000, 0x00000005d6800000, 0x00000005d6800000|100%| O|  |TAMS 0x00000005d6400000| PB 0x00000005d6400000| Untracked 
|  43|0x00000005d6800000, 0x00000005d6c00000, 0x00000005d6c00000|100%| O|  |TAMS 0x00000005d6800000| PB 0x00000005d6800000| Untracked 
|  44|0x00000005d6c00000, 0x00000005d7000000, 0x00000005d7000000|100%| O|  |TAMS 0x00000005d6c00000| PB 0x00000005d6c00000| Untracked 
|  45|0x00000005d7000000, 0x00000005d7400000, 0x00000005d7400000|100%| O|  |TAMS 0x00000005d7000000| PB 0x00000005d7000000| Untracked 
|  46|0x00000005d7400000, 0x00000005d7800000, 0x00000005d7800000|100%| O|  |TAMS 0x00000005d7400000| PB 0x00000005d7400000| Untracked 
|  47|0x00000005d7800000, 0x00000005d7800000, 0x00000005d7c00000|  0%| F|  |TAMS 0x00000005d7800000| PB 0x00000005d7800000| Untracked 
|  48|0x00000005d7c00000, 0x00000005d8000000, 0x00000005d8000000|100%| O|  |TAMS 0x00000005d7c00000| PB 0x00000005d7c00000| Untracked 
|  49|0x00000005d8000000, 0x00000005d8400000, 0x00000005d8400000|100%| O|  |TAMS 0x00000005d8000000| PB 0x00000005d8000000| Untracked 
|  50|0x00000005d8400000, 0x00000005d8800000, 0x00000005d8800000|100%| O|  |TAMS 0x00000005d8400000| PB 0x00000005d8400000| Untracked 
|  51|0x00000005d8800000, 0x00000005d8c00000, 0x00000005d8c00000|100%| O|  |TAMS 0x00000005d8800000| PB 0x00000005d8800000| Untracked 
|  52|0x00000005d8c00000, 0x00000005d9000000, 0x00000005d9000000|100%| O|  |TAMS 0x00000005d8c00000| PB 0x00000005d8c00000| Untracked 
|  53|0x00000005d9000000, 0x00000005d9000000, 0x00000005d9400000|  0%| F|  |TAMS 0x00000005d9000000| PB 0x00000005d9000000| Untracked 
|  54|0x00000005d9400000, 0x00000005d9400000, 0x00000005d9800000|  0%| F|  |TAMS 0x00000005d9400000| PB 0x00000005d9400000| Untracked 
|  55|0x00000005d9800000, 0x00000005d9800000, 0x00000005d9c00000|  0%| F|  |TAMS 0x00000005d9800000| PB 0x00000005d9800000| Untracked 
|  56|0x00000005d9c00000, 0x00000005d9c00000, 0x00000005da000000|  0%| F|  |TAMS 0x00000005d9c00000| PB 0x00000005d9c00000| Untracked 
|  57|0x00000005da000000, 0x00000005da000000, 0x00000005da400000|  0%| F|  |TAMS 0x00000005da000000| PB 0x00000005da000000| Untracked 
|  58|0x00000005da400000, 0x00000005da400000, 0x00000005da800000|  0%| F|  |TAMS 0x00000005da400000| PB 0x00000005da400000| Untracked 
|  59|0x00000005da800000, 0x00000005da800000, 0x00000005dac00000|  0%| F|  |TAMS 0x00000005da800000| PB 0x00000005da800000| Untracked 
|  60|0x00000005dac00000, 0x00000005dac00000, 0x00000005db000000|  0%| F|  |TAMS 0x00000005dac00000| PB 0x00000005dac00000| Untracked 
|  61|0x00000005db000000, 0x00000005db000000, 0x00000005db400000|  0%| F|  |TAMS 0x00000005db000000| PB 0x00000005db000000| Untracked 
|  62|0x00000005db400000, 0x00000005db419740, 0x00000005db800000|  2%| S|CS|TAMS 0x00000005db400000| PB 0x00000005db400000| Complete 
|  63|0x00000005db800000, 0x00000005db800000, 0x00000005dbc00000|  0%| F|  |TAMS 0x00000005db800000| PB 0x00000005db800000| Untracked 
|  64|0x00000005dbc00000, 0x00000005dbc00000, 0x00000005dc000000|  0%| F|  |TAMS 0x00000005dbc00000| PB 0x00000005dbc00000| Untracked 
|  65|0x00000005dc000000, 0x00000005dc000000, 0x00000005dc400000|  0%| F|  |TAMS 0x00000005dc000000| PB 0x00000005dc000000| Untracked 
|  66|0x00000005dc400000, 0x00000005dc400000, 0x00000005dc800000|  0%| F|  |TAMS 0x00000005dc400000| PB 0x00000005dc400000| Untracked 
|  67|0x00000005dc800000, 0x00000005dc800000, 0x00000005dcc00000|  0%| F|  |TAMS 0x00000005dc800000| PB 0x00000005dc800000| Untracked 
|  68|0x00000005dcc00000, 0x00000005dcc00000, 0x00000005dd000000|  0%| F|  |TAMS 0x00000005dcc00000| PB 0x00000005dcc00000| Untracked 
|  69|0x00000005dd000000, 0x00000005dd000000, 0x00000005dd400000|  0%| F|  |TAMS 0x00000005dd000000| PB 0x00000005dd000000| Untracked 
|  70|0x00000005dd400000, 0x00000005dd400000, 0x00000005dd800000|  0%| F|  |TAMS 0x00000005dd400000| PB 0x00000005dd400000| Untracked 
|  71|0x00000005dd800000, 0x00000005dd800000, 0x00000005ddc00000|  0%| F|  |TAMS 0x00000005dd800000| PB 0x00000005dd800000| Untracked 
|  72|0x00000005ddc00000, 0x00000005ddc00000, 0x00000005de000000|  0%| F|  |TAMS 0x00000005ddc00000| PB 0x00000005ddc00000| Untracked 
|  73|0x00000005de000000, 0x00000005de000000, 0x00000005de400000|  0%| F|  |TAMS 0x00000005de000000| PB 0x00000005de000000| Untracked 
|  74|0x00000005de400000, 0x00000005de400000, 0x00000005de800000|  0%| F|  |TAMS 0x00000005de400000| PB 0x00000005de400000| Untracked 
|  75|0x00000005de800000, 0x00000005de800000, 0x00000005dec00000|  0%| F|  |TAMS 0x00000005de800000| PB 0x00000005de800000| Untracked 
|  76|0x00000005dec00000, 0x00000005dec00000, 0x00000005df000000|  0%| F|  |TAMS 0x00000005dec00000| PB 0x00000005dec00000| Untracked 
|  77|0x00000005df000000, 0x00000005df000000, 0x00000005df400000|  0%| F|  |TAMS 0x00000005df000000| PB 0x00000005df000000| Untracked 
|  78|0x00000005df400000, 0x00000005df400000, 0x00000005df800000|  0%| F|  |TAMS 0x00000005df400000| PB 0x00000005df400000| Untracked 
|  79|0x00000005df800000, 0x00000005df800000, 0x00000005dfc00000|  0%| F|  |TAMS 0x00000005df800000| PB 0x00000005df800000| Untracked 
|  80|0x00000005dfc00000, 0x00000005dfc00000, 0x00000005e0000000|  0%| F|  |TAMS 0x00000005dfc00000| PB 0x00000005dfc00000| Untracked 
|  81|0x00000005e0000000, 0x00000005e0000000, 0x00000005e0400000|  0%| F|  |TAMS 0x00000005e0000000| PB 0x00000005e0000000| Untracked 
|  82|0x00000005e0400000, 0x00000005e0400000, 0x00000005e0800000|  0%| F|  |TAMS 0x00000005e0400000| PB 0x00000005e0400000| Untracked 
|  83|0x00000005e0800000, 0x00000005e0800000, 0x00000005e0c00000|  0%| F|  |TAMS 0x00000005e0800000| PB 0x00000005e0800000| Untracked 
|  84|0x00000005e0c00000, 0x00000005e0c00000, 0x00000005e1000000|  0%| F|  |TAMS 0x00000005e0c00000| PB 0x00000005e0c00000| Untracked 
|  85|0x00000005e1000000, 0x00000005e1000000, 0x00000005e1400000|  0%| F|  |TAMS 0x00000005e1000000| PB 0x00000005e1000000| Untracked 
|  86|0x00000005e1400000, 0x00000005e1400000, 0x00000005e1800000|  0%| F|  |TAMS 0x00000005e1400000| PB 0x00000005e1400000| Untracked 
|  87|0x00000005e1800000, 0x00000005e1800000, 0x00000005e1c00000|  0%| F|  |TAMS 0x00000005e1800000| PB 0x00000005e1800000| Untracked 
|  88|0x00000005e1c00000, 0x00000005e1c00000, 0x00000005e2000000|  0%| F|  |TAMS 0x00000005e1c00000| PB 0x00000005e1c00000| Untracked 
|  89|0x00000005e2000000, 0x00000005e2000000, 0x00000005e2400000|  0%| F|  |TAMS 0x00000005e2000000| PB 0x00000005e2000000| Untracked 
|  90|0x00000005e2400000, 0x00000005e2400000, 0x00000005e2800000|  0%| F|  |TAMS 0x00000005e2400000| PB 0x00000005e2400000| Untracked 
|  91|0x00000005e2800000, 0x00000005e2800000, 0x00000005e2c00000|  0%| F|  |TAMS 0x00000005e2800000| PB 0x00000005e2800000| Untracked 
|  92|0x00000005e2c00000, 0x00000005e2c00000, 0x00000005e3000000|  0%| F|  |TAMS 0x00000005e2c00000| PB 0x00000005e2c00000| Untracked 
|  93|0x00000005e3000000, 0x00000005e3000000, 0x00000005e3400000|  0%| F|  |TAMS 0x00000005e3000000| PB 0x00000005e3000000| Untracked 
|  94|0x00000005e3400000, 0x00000005e3400000, 0x00000005e3800000|  0%| F|  |TAMS 0x00000005e3400000| PB 0x00000005e3400000| Untracked 
|  95|0x00000005e3800000, 0x00000005e3800000, 0x00000005e3c00000|  0%| F|  |TAMS 0x00000005e3800000| PB 0x00000005e3800000| Untracked 
|  96|0x00000005e3c00000, 0x00000005e3c00000, 0x00000005e4000000|  0%| F|  |TAMS 0x00000005e3c00000| PB 0x00000005e3c00000| Untracked 
|  97|0x00000005e4000000, 0x00000005e4000000, 0x00000005e4400000|  0%| F|  |TAMS 0x00000005e4000000| PB 0x00000005e4000000| Untracked 
|  98|0x00000005e4400000, 0x00000005e4400000, 0x00000005e4800000|  0%| F|  |TAMS 0x00000005e4400000| PB 0x00000005e4400000| Untracked 
|  99|0x00000005e4800000, 0x00000005e4800000, 0x00000005e4c00000|  0%| F|  |TAMS 0x00000005e4800000| PB 0x00000005e4800000| Untracked 
| 100|0x00000005e4c00000, 0x00000005e4c00000, 0x00000005e5000000|  0%| F|  |TAMS 0x00000005e4c00000| PB 0x00000005e4c00000| Untracked 
| 101|0x00000005e5000000, 0x00000005e5000000, 0x00000005e5400000|  0%| F|  |TAMS 0x00000005e5000000| PB 0x00000005e5000000| Untracked 
| 102|0x00000005e5400000, 0x00000005e5400000, 0x00000005e5800000|  0%| F|  |TAMS 0x00000005e5400000| PB 0x00000005e5400000| Untracked 
| 103|0x00000005e5800000, 0x00000005e5800000, 0x00000005e5c00000|  0%| F|  |TAMS 0x00000005e5800000| PB 0x00000005e5800000| Untracked 
| 104|0x00000005e5c00000, 0x00000005e5c00000, 0x00000005e6000000|  0%| F|  |TAMS 0x00000005e5c00000| PB 0x00000005e5c00000| Untracked 
| 105|0x00000005e6000000, 0x00000005e6000000, 0x00000005e6400000|  0%| F|  |TAMS 0x00000005e6000000| PB 0x00000005e6000000| Untracked 
| 106|0x00000005e6400000, 0x00000005e6400000, 0x00000005e6800000|  0%| F|  |TAMS 0x00000005e6400000| PB 0x00000005e6400000| Untracked 
| 107|0x00000005e6800000, 0x00000005e6800000, 0x00000005e6c00000|  0%| F|  |TAMS 0x00000005e6800000| PB 0x00000005e6800000| Untracked 
| 108|0x00000005e6c00000, 0x00000005e6c00000, 0x00000005e7000000|  0%| F|  |TAMS 0x00000005e6c00000| PB 0x00000005e6c00000| Untracked 
| 109|0x00000005e7000000, 0x00000005e7000000, 0x00000005e7400000|  0%| F|  |TAMS 0x00000005e7000000| PB 0x00000005e7000000| Untracked 
| 110|0x00000005e7400000, 0x00000005e7400000, 0x00000005e7800000|  0%| F|  |TAMS 0x00000005e7400000| PB 0x00000005e7400000| Untracked 
| 111|0x00000005e7800000, 0x00000005e7800000, 0x00000005e7c00000|  0%| F|  |TAMS 0x00000005e7800000| PB 0x00000005e7800000| Untracked 
| 112|0x00000005e7c00000, 0x00000005e7c00000, 0x00000005e8000000|  0%| F|  |TAMS 0x00000005e7c00000| PB 0x00000005e7c00000| Untracked 
| 113|0x00000005e8000000, 0x00000005e8000000, 0x00000005e8400000|  0%| F|  |TAMS 0x00000005e8000000| PB 0x00000005e8000000| Untracked 
| 114|0x00000005e8400000, 0x00000005e8400000, 0x00000005e8800000|  0%| F|  |TAMS 0x00000005e8400000| PB 0x00000005e8400000| Untracked 
| 115|0x00000005e8800000, 0x00000005e8800000, 0x00000005e8c00000|  0%| F|  |TAMS 0x00000005e8800000| PB 0x00000005e8800000| Untracked 
| 116|0x00000005e8c00000, 0x00000005e8c00000, 0x00000005e9000000|  0%| F|  |TAMS 0x00000005e8c00000| PB 0x00000005e8c00000| Untracked 
| 117|0x00000005e9000000, 0x00000005e9000000, 0x00000005e9400000|  0%| F|  |TAMS 0x00000005e9000000| PB 0x00000005e9000000| Untracked 
| 118|0x00000005e9400000, 0x00000005e9400000, 0x00000005e9800000|  0%| F|  |TAMS 0x00000005e9400000| PB 0x00000005e9400000| Untracked 
| 119|0x00000005e9800000, 0x00000005e9800000, 0x00000005e9c00000|  0%| F|  |TAMS 0x00000005e9800000| PB 0x00000005e9800000| Untracked 
| 120|0x00000005e9c00000, 0x00000005e9c00000, 0x00000005ea000000|  0%| F|  |TAMS 0x00000005e9c00000| PB 0x00000005e9c00000| Untracked 
| 121|0x00000005ea000000, 0x00000005ea000000, 0x00000005ea400000|  0%| F|  |TAMS 0x00000005ea000000| PB 0x00000005ea000000| Untracked 
| 122|0x00000005ea400000, 0x00000005ea400000, 0x00000005ea800000|  0%| F|  |TAMS 0x00000005ea400000| PB 0x00000005ea400000| Untracked 
| 123|0x00000005ea800000, 0x00000005ea800000, 0x00000005eac00000|  0%| F|  |TAMS 0x00000005ea800000| PB 0x00000005ea800000| Untracked 
| 124|0x00000005eac00000, 0x00000005eac00000, 0x00000005eb000000|  0%| F|  |TAMS 0x00000005eac00000| PB 0x00000005eac00000| Untracked 
| 125|0x00000005eb000000, 0x00000005eb000000, 0x00000005eb400000|  0%| F|  |TAMS 0x00000005eb000000| PB 0x00000005eb000000| Untracked 
| 126|0x00000005eb400000, 0x00000005eb800000, 0x00000005eb800000|100%| E|  |TAMS 0x00000005eb400000| PB 0x00000005eb400000| Complete 
| 127|0x00000005eb800000, 0x00000005ebc00000, 0x00000005ebc00000|100%| E|CS|TAMS 0x00000005eb800000| PB 0x00000005eb800000| Complete 
| 128|0x00000005ebc00000, 0x00000005ec000000, 0x00000005ec000000|100%| E|CS|TAMS 0x00000005ebc00000| PB 0x00000005ebc00000| Complete 
| 129|0x00000005ec000000, 0x00000005ec400000, 0x00000005ec400000|100%| E|CS|TAMS 0x00000005ec000000| PB 0x00000005ec000000| Complete 
| 130|0x00000005ec400000, 0x00000005ec800000, 0x00000005ec800000|100%| E|CS|TAMS 0x00000005ec400000| PB 0x00000005ec400000| Complete 
| 131|0x00000005ec800000, 0x00000005ecc00000, 0x00000005ecc00000|100%| E|CS|TAMS 0x00000005ec800000| PB 0x00000005ec800000| Complete 
| 132|0x00000005ecc00000, 0x00000005ed000000, 0x00000005ed000000|100%| E|CS|TAMS 0x00000005ecc00000| PB 0x00000005ecc00000| Complete 
| 133|0x00000005ed000000, 0x00000005ed400000, 0x00000005ed400000|100%| E|CS|TAMS 0x00000005ed000000| PB 0x00000005ed000000| Complete 
| 134|0x00000005ed400000, 0x00000005ed800000, 0x00000005ed800000|100%| E|CS|TAMS 0x00000005ed400000| PB 0x00000005ed400000| Complete 
| 135|0x00000005ed800000, 0x00000005edc00000, 0x00000005edc00000|100%| E|CS|TAMS 0x00000005ed800000| PB 0x00000005ed800000| Complete 
| 136|0x00000005edc00000, 0x00000005ee000000, 0x00000005ee000000|100%| E|CS|TAMS 0x00000005edc00000| PB 0x00000005edc00000| Complete 
| 137|0x00000005ee000000, 0x00000005ee400000, 0x00000005ee400000|100%| E|CS|TAMS 0x00000005ee000000| PB 0x00000005ee000000| Complete 
| 138|0x00000005ee400000, 0x00000005ee800000, 0x00000005ee800000|100%| E|CS|TAMS 0x00000005ee400000| PB 0x00000005ee400000| Complete 
| 139|0x00000005ee800000, 0x00000005eec00000, 0x00000005eec00000|100%| E|CS|TAMS 0x00000005ee800000| PB 0x00000005ee800000| Complete 
| 140|0x00000005eec00000, 0x00000005ef000000, 0x00000005ef000000|100%| E|CS|TAMS 0x00000005eec00000| PB 0x00000005eec00000| Complete 
| 141|0x00000005ef000000, 0x00000005ef400000, 0x00000005ef400000|100%| E|CS|TAMS 0x00000005ef000000| PB 0x00000005ef000000| Complete 
| 142|0x00000005ef400000, 0x00000005ef800000, 0x00000005ef800000|100%| E|CS|TAMS 0x00000005ef400000| PB 0x00000005ef400000| Complete 
| 143|0x00000005ef800000, 0x00000005efc00000, 0x00000005efc00000|100%| E|CS|TAMS 0x00000005ef800000| PB 0x00000005ef800000| Complete 
| 144|0x00000005efc00000, 0x00000005f0000000, 0x00000005f0000000|100%| E|CS|TAMS 0x00000005efc00000| PB 0x00000005efc00000| Complete 
| 145|0x00000005f0000000, 0x00000005f0400000, 0x00000005f0400000|100%| E|CS|TAMS 0x00000005f0000000| PB 0x00000005f0000000| Complete 
| 146|0x00000005f0400000, 0x00000005f0800000, 0x00000005f0800000|100%| E|CS|TAMS 0x00000005f0400000| PB 0x00000005f0400000| Complete 
| 147|0x00000005f0800000, 0x00000005f0c00000, 0x00000005f0c00000|100%| E|CS|TAMS 0x00000005f0800000| PB 0x00000005f0800000| Complete 
| 148|0x00000005f0c00000, 0x00000005f1000000, 0x00000005f1000000|100%| E|CS|TAMS 0x00000005f0c00000| PB 0x00000005f0c00000| Complete 
| 149|0x00000005f1000000, 0x00000005f1400000, 0x00000005f1400000|100%| E|CS|TAMS 0x00000005f1000000| PB 0x00000005f1000000| Complete 
| 150|0x00000005f1400000, 0x00000005f1800000, 0x00000005f1800000|100%| E|CS|TAMS 0x00000005f1400000| PB 0x00000005f1400000| Complete 
| 151|0x00000005f1800000, 0x00000005f1c00000, 0x00000005f1c00000|100%| E|CS|TAMS 0x00000005f1800000| PB 0x00000005f1800000| Complete 
| 152|0x00000005f1c00000, 0x00000005f2000000, 0x00000005f2000000|100%| E|CS|TAMS 0x00000005f1c00000| PB 0x00000005f1c00000| Complete 
| 153|0x00000005f2000000, 0x00000005f2400000, 0x00000005f2400000|100%| E|CS|TAMS 0x00000005f2000000| PB 0x00000005f2000000| Complete 
| 154|0x00000005f2400000, 0x00000005f2800000, 0x00000005f2800000|100%| E|CS|TAMS 0x00000005f2400000| PB 0x00000005f2400000| Complete 
| 155|0x00000005f2800000, 0x00000005f2c00000, 0x00000005f2c00000|100%| E|CS|TAMS 0x00000005f2800000| PB 0x00000005f2800000| Complete 
| 156|0x00000005f2c00000, 0x00000005f3000000, 0x00000005f3000000|100%| E|CS|TAMS 0x00000005f2c00000| PB 0x00000005f2c00000| Complete 
| 157|0x00000005f3000000, 0x00000005f3400000, 0x00000005f3400000|100%| E|CS|TAMS 0x00000005f3000000| PB 0x00000005f3000000| Complete 
| 158|0x00000005f3400000, 0x00000005f3800000, 0x00000005f3800000|100%| E|CS|TAMS 0x00000005f3400000| PB 0x00000005f3400000| Complete 
| 159|0x00000005f3800000, 0x00000005f3c00000, 0x00000005f3c00000|100%| E|CS|TAMS 0x00000005f3800000| PB 0x00000005f3800000| Complete 
| 160|0x00000005f3c00000, 0x00000005f4000000, 0x00000005f4000000|100%| E|CS|TAMS 0x00000005f3c00000| PB 0x00000005f3c00000| Complete 
| 161|0x00000005f4000000, 0x00000005f4400000, 0x00000005f4400000|100%| E|CS|TAMS 0x00000005f4000000| PB 0x00000005f4000000| Complete 
| 162|0x00000005f4400000, 0x00000005f4800000, 0x00000005f4800000|100%| E|CS|TAMS 0x00000005f4400000| PB 0x00000005f4400000| Complete 
| 163|0x00000005f4800000, 0x00000005f4c00000, 0x00000005f4c00000|100%| E|CS|TAMS 0x00000005f4800000| PB 0x00000005f4800000| Complete 
| 164|0x00000005f4c00000, 0x00000005f5000000, 0x00000005f5000000|100%| E|CS|TAMS 0x00000005f4c00000| PB 0x00000005f4c00000| Complete 
| 165|0x00000005f5000000, 0x00000005f5400000, 0x00000005f5400000|100%| E|CS|TAMS 0x00000005f5000000| PB 0x00000005f5000000| Complete 
|1995|0x00000007be800000, 0x00000007bec00000, 0x00000007bec00000|100%| O|  |TAMS 0x00000007be800000| PB 0x00000007be800000| Untracked 
|1996|0x00000007bec00000, 0x00000007bf000000, 0x00000007bf000000|100%| O|  |TAMS 0x00000007bec00000| PB 0x00000007bec00000| Untracked 
|1997|0x00000007bf000000, 0x00000007bf400000, 0x00000007bf400000|100%| O|  |TAMS 0x00000007bf000000| PB 0x00000007bf000000| Untracked 
|1998|0x00000007bf400000, 0x00000007bf800000, 0x00000007bf800000|100%| O|  |TAMS 0x00000007bf400000| PB 0x00000007bf400000| Untracked 
|1999|0x00000007bf800000, 0x00000007bfc00000, 0x00000007bfc00000|100%| O|  |TAMS 0x00000007bf800000| PB 0x00000007bf800000| Untracked 
|2000|0x00000007bfc00000, 0x00000007c0000000, 0x00000007c0000000|100%| O|  |TAMS 0x00000007bfc00000| PB 0x00000007bfc00000| Untracked 

Card table byte_map: [0x00007d3561cb0000,0x00007d3562c52000] _byte_map_base: 0x00007d355ee52000

Marking Bits: (CMBitMap*) 0x00007d357c04b160
 Bits: [0x00007d3559fa0000, 0x00007d3561cb0000)

Polling page: 0x00007d3581fb3000

Metaspace:

Usage:
  Non-class:     34,55 MB used.
      Class:      4,84 MB used.
       Both:     39,39 MB used.

Virtual space:
  Non-class space:       64,00 MB reserved,      34,81 MB ( 54%) committed,  1 nodes.
      Class space:        1,00 GB reserved,       5,06 MB ( <1%) committed,  1 nodes.
             Both:        1,06 GB reserved,      39,88 MB (  4%) committed. 

Chunk freelists:
   Non-Class:  12,48 MB
       Class:  10,98 MB
        Both:  23,46 MB

MaxMetaspaceSize: unlimited
CompressedClassSpaceSize: 1,00 GB
Initial GC threshold: 21,00 MB
Current GC threshold: 59,38 MB
CDS: off
 - commit_granule_bytes: 65536.
 - commit_granule_words: 8192.
 - virtual_space_node_default_size: 8388608.
 - enlarge_chunks_in_place: 1.
 - use_allocation_guard: 0.


Internal statistics:

num_allocs_failed_limit: 9.
num_arena_births: 492.
num_arena_deaths: 0.
num_vsnodes_births: 2.
num_vsnodes_deaths: 0.
num_space_committed: 638.
num_space_uncommitted: 0.
num_chunks_returned_to_freelist: 9.
num_chunks_taken_from_freelist: 1506.
num_chunk_merges: 6.
num_chunk_splits: 1070.
num_chunks_enlarged: 811.
num_inconsistent_stats: 0.

CodeHeap 'non-profiled nmethods': size=119168Kb used=3721Kb max_used=3721Kb free=115447Kb
 bounds [0x00007d356c3a0000, 0x00007d356c750000, 0x00007d3573800000]
CodeHeap 'profiled nmethods': size=119164Kb used=12431Kb max_used=12431Kb free=106732Kb
 bounds [0x00007d3564800000, 0x00007d3565430000, 0x00007d356bc5f000]
CodeHeap 'non-nmethods': size=7428Kb used=1965Kb max_used=3715Kb free=5462Kb
 bounds [0x00007d356bc5f000, 0x00007d356c06f000, 0x00007d356c3a0000]
CodeCache: size=245760Kb, used=18117Kb, max_used=19867Kb, free=227641Kb
 total_blobs=7119, nmethods=6134, adapters=889, full_count=0
Compilation: enabled, stopped_count=0, restarted_count=0

Compilation events (20 events):
Event: 82,352 Thread 0x00007d357c1efeb0 6416       3       com.sun.media.sound.JDK13Services$$Lambda/0x00000007c03f3c70::run (8 bytes)
Event: 82,353 Thread 0x00007d357c1efeb0 nmethod 6416 0x00007d356541cf10 code [0x00007d356541d0e0, 0x00007d356541d498]
Event: 82,353 Thread 0x00007d357c1efeb0 6417       3       com.sun.media.sound.JDK13Services::lambda$getDefaultProvider$0 (5 bytes)
Event: 82,353 Thread 0x00007d357c1efeb0 nmethod 6417 0x00007d356541d610 code [0x00007d356541d7e0, 0x00007d356541db20]
Event: 82,353 Thread 0x00007d357c1efeb0 6418  s    3       com.sun.media.sound.JDK13Services::getProperties (26 bytes)
Event: 82,353 Thread 0x00007d357c1efeb0 nmethod 6418 0x00007d356541dc90 code [0x00007d356541de60, 0x00007d356541e210]
Event: 82,353 Thread 0x00007d357c1efeb0 6419       3       javax.sound.sampled.BooleanControl::<init> (22 bytes)
Event: 82,353 Thread 0x00007d357c1efeb0 nmethod 6419 0x00007d356541e310 code [0x00007d356541e4c0, 0x00007d356541e7b0]
Event: 82,531 Thread 0x00007d357c1efeb0 6420       1       com.sun.media.sound.AbstractLine::getLineInfo (5 bytes)
Event: 82,531 Thread 0x00007d357c1efeb0 nmethod 6420 0x00007d356c740e90 code [0x00007d356c741020, 0x00007d356c7410e8]
Event: 82,556 Thread 0x00007d357c1efeb0 6421       3       com.sun.media.sound.Toolkit::isFullySpecifiedAudioFormat (262 bytes)
Event: 82,557 Thread 0x00007d357c1efeb0 nmethod 6421 0x00007d356541e890 code [0x00007d356541ed60, 0x00007d3565421048]
Event: 82,581 Thread 0x00007d357c1efeb0 6424       1       javax.sound.sampled.BooleanControl::getValue (5 bytes)
Event: 82,581 Thread 0x00007d357c1efeb0 nmethod 6424 0x00007d356c741910 code [0x00007d356c741aa0, 0x00007d356c741b68]
Event: 82,581 Thread 0x00007d357c1efeb0 6425       1       com.sun.media.sound.DirectAudioDevice$DirectDL$Gain::getLinearGain (5 bytes)
Event: 82,581 Thread 0x00007d357c1efeb0 nmethod 6425 0x00007d356c741c10 code [0x00007d356c741da0, 0x00007d356c741e60]
Event: 82,661 Thread 0x00007d357c1ee7f0 6426       4       java.util.Collections::unmodifiableList (51 bytes)
Event: 82,663 Thread 0x00007d357c1ee7f0 nmethod 6426 0x00007d356c741f10 code [0x00007d356c7420a0, 0x00007d356c7422d8]
Event: 82,740 Thread 0x00007d357c1efeb0 6427   !   3       com.voicechat.client.call.component.AudioDeviceComponent::lambda$receiveAndPlay$0 (220 bytes)
Event: 82,741 Thread 0x00007d357c1efeb0 nmethod 6427 0x00007d3565421990 code [0x00007d3565421d00, 0x00007d3565423330]

GC Heap History (20 events):
Event: 81,722 GC heap before
{Heap before GC invocations=95 (full 0):
 garbage-first heap   total 704512K, used 618454K [0x00000005cbc00000, 0x00000007c0000000)
  region size 4096K, 103 young (421888K), 1 survivors (4096K)
 Metaspace       used 40286K, committed 40768K, reserved 1114112K
  class space    used 4958K, committed 5184K, reserved 1048576K
}
Event: 81,723 GC heap after
{Heap after GC invocations=96 (full 0):
 garbage-first heap   total 704512K, used 200672K [0x00000005cbc00000, 0x00000007c0000000)
  region size 4096K, 1 young (4096K), 1 survivors (4096K)
 Metaspace       used 40286K, committed 40768K, reserved 1114112K
  class space    used 4958K, committed 5184K, reserved 1048576K
}
Event: 81,835 GC heap before
{Heap before GC invocations=96 (full 0):
 garbage-first heap   total 704512K, used 618464K [0x00000005cbc00000, 0x00000007c0000000)
  region size 4096K, 103 young (421888K), 1 survivors (4096K)
 Metaspace       used 40287K, committed 40768K, reserved 1114112K
  class space    used 4958K, committed 5184K, reserved 1048576K
}
Event: 81,835 GC heap after
{Heap after GC invocations=97 (full 0):
 garbage-first heap   total 704512K, used 200672K [0x00000005cbc00000, 0x00000007c0000000)
  region size 4096K, 1 young (4096K), 1 survivors (4096K)
 Metaspace       used 40287K, committed 40768K, reserved 1114112K
  class space    used 4958K, committed 5184K, reserved 1048576K
}
Event: 81,950 GC heap before
{Heap before GC invocations=97 (full 0):
 garbage-first heap   total 704512K, used 618464K [0x00000005cbc00000, 0x00000007c0000000)
  region size 4096K, 103 young (421888K), 1 survivors (4096K)
 Metaspace       used 40297K, committed 40768K, reserved 1114112K
  class space    used 4959K, committed 5184K, reserved 1048576K
}
Event: 81,951 GC heap after
{Heap after GC invocations=98 (full 0):
 garbage-first heap   total 704512K, used 200680K [0x00000005cbc00000, 0x00000007c0000000)
  region size 4096K, 1 young (4096K), 1 survivors (4096K)
 Metaspace       used 40297K, committed 40768K, reserved 1114112K
  class space    used 4959K, committed 5184K, reserved 1048576K
}
Event: 82,071 GC heap before
{Heap before GC invocations=98 (full 0):
 garbage-first heap   total 704512K, used 618472K [0x00000005cbc00000, 0x00000007c0000000)
  region size 4096K, 103 young (421888K), 1 survivors (4096K)
 Metaspace       used 40312K, committed 40768K, reserved 1114112K
  class space    used 4959K, committed 5184K, reserved 1048576K
}
Event: 82,072 GC heap after
{Heap after GC invocations=99 (full 0):
 garbage-first heap   total 704512K, used 200693K [0x00000005cbc00000, 0x00000007c0000000)
  region size 4096K, 1 young (4096K), 1 survivors (4096K)
 Metaspace       used 40312K, committed 40768K, reserved 1114112K
  class space    used 4959K, committed 5184K, reserved 1048576K
}
Event: 82,189 GC heap before
{Heap before GC invocations=99 (full 0):
 garbage-first heap   total 704512K, used 618485K [0x00000005cbc00000, 0x00000007c0000000)
  region size 4096K, 103 young (421888K), 1 survivors (4096K)
 Metaspace       used 40315K, committed 40768K, reserved 1114112K
  class space    used 4959K, committed 5184K, reserved 1048576K
}
Event: 82,190 GC heap after
{Heap after GC invocations=100 (full 0):
 garbage-first heap   total 704512K, used 200704K [0x00000005cbc00000, 0x00000007c0000000)
  region size 4096K, 1 young (4096K), 1 survivors (4096K)
 Metaspace       used 40315K, committed 40768K, reserved 1114112K
  class space    used 4959K, committed 5184K, reserved 1048576K
}
Event: 82,306 GC heap before
{Heap before GC invocations=100 (full 0):
 garbage-first heap   total 704512K, used 618496K [0x00000005cbc00000, 0x00000007c0000000)
  region size 4096K, 103 young (421888K), 1 survivors (4096K)
 Metaspace       used 40318K, committed 40768K, reserved 1114112K
  class space    used 4959K, committed 5184K, reserved 1048576K
}
Event: 82,306 GC heap after
{Heap after GC invocations=101 (full 0):
 garbage-first heap   total 704512K, used 200728K [0x00000005cbc00000, 0x00000007c0000000)
  region size 4096K, 1 young (4096K), 1 survivors (4096K)
 Metaspace       used 40318K, committed 40768K, reserved 1114112K
  class space    used 4959K, committed 5184K, reserved 1048576K
}
Event: 82,425 GC heap before
{Heap before GC invocations=101 (full 0):
 garbage-first heap   total 704512K, used 618520K [0x00000005cbc00000, 0x00000007c0000000)
  region size 4096K, 103 young (421888K), 1 survivors (4096K)
 Metaspace       used 40332K, committed 40832K, reserved 1114112K
  class space    used 4959K, committed 5184K, reserved 1048576K
}
Event: 82,425 GC heap after
{Heap after GC invocations=102 (full 0):
 garbage-first heap   total 704512K, used 200734K [0x00000005cbc00000, 0x00000007c0000000)
  region size 4096K, 1 young (4096K), 1 survivors (4096K)
 Metaspace       used 40332K, committed 40832K, reserved 1114112K
  class space    used 4959K, committed 5184K, reserved 1048576K
}
Event: 82,537 GC heap before
{Heap before GC invocations=102 (full 0):
 garbage-first heap   total 704512K, used 618526K [0x00000005cbc00000, 0x00000007c0000000)
  region size 4096K, 103 young (421888K), 1 survivors (4096K)
 Metaspace       used 40332K, committed 40832K, reserved 1114112K
  class space    used 4959K, committed 5184K, reserved 1048576K
}
Event: 82,537 GC heap after
{Heap after GC invocations=103 (full 0):
 garbage-first heap   total 704512K, used 200733K [0x00000005cbc00000, 0x00000007c0000000)
  region size 4096K, 1 young (4096K), 1 survivors (4096K)
 Metaspace       used 40332K, committed 40832K, reserved 1114112K
  class space    used 4959K, committed 5184K, reserved 1048576K
}
Event: 82,650 GC heap before
{Heap before GC invocations=103 (full 0):
 garbage-first heap   total 704512K, used 618525K [0x00000005cbc00000, 0x00000007c0000000)
  region size 4096K, 103 young (421888K), 1 survivors (4096K)
 Metaspace       used 40337K, committed 40832K, reserved 1114112K
  class space    used 4959K, committed 5184K, reserved 1048576K
}
Event: 82,651 GC heap after
{Heap after GC invocations=104 (full 0):
 garbage-first heap   total 704512K, used 200734K [0x00000005cbc00000, 0x00000007c0000000)
  region size 4096K, 1 young (4096K), 1 survivors (4096K)
 Metaspace       used 40337K, committed 40832K, reserved 1114112K
  class space    used 4959K, committed 5184K, reserved 1048576K
}
Event: 82,768 GC heap before
{Heap before GC invocations=104 (full 0):
 garbage-first heap   total 704512K, used 618526K [0x00000005cbc00000, 0x00000007c0000000)
  region size 4096K, 103 young (421888K), 1 survivors (4096K)
 Metaspace       used 40337K, committed 40832K, reserved 1114112K
  class space    used 4959K, committed 5184K, reserved 1048576K
}
Event: 82,769 GC heap after
{Heap after GC invocations=105 (full 0):
 garbage-first heap   total 704512K, used 200738K [0x00000005cbc00000, 0x00000007c0000000)
  region size 4096K, 1 young (4096K), 1 survivors (4096K)
 Metaspace       used 40337K, committed 40832K, reserved 1114112K
  class space    used 4959K, committed 5184K, reserved 1048576K
}

Dll operation events (15 events):
Event: 0,002 Loaded shared library /usr/lib/jvm/java-21-openjdk-amd64/lib/libjava.so
Event: 0,024 Loaded shared library /usr/lib/jvm/java-21-openjdk-amd64/lib/libjsvml.so
Event: 0,042 Loaded shared library /usr/lib/jvm/java-21-openjdk-amd64/lib/libnio.so
Event: 0,057 Loaded shared library /usr/lib/jvm/java-21-openjdk-amd64/lib/libzip.so
Event: 0,230 Loaded shared library /home/linux/.openjfx/cache/21.0.6+3/amd64/libprism_es2.so
Event: 0,285 Loaded shared library /home/linux/.openjfx/cache/21.0.6+3/amd64/libglass.so
Event: 0,300 Loaded shared library /home/linux/.openjfx/cache/21.0.6+3/amd64/libglassgtk3.so
Event: 0,412 Loaded shared library /usr/lib/jvm/java-21-openjdk-amd64/lib/libnet.so
Event: 0,449 Loaded shared library /usr/lib/jvm/java-21-openjdk-amd64/lib/libjimage.so
Event: 0,794 Loaded shared library /home/linux/.openjfx/cache/21.0.6+3/amd64/libjavafx_font.so
Event: 0,855 Loaded shared library /home/linux/.openjfx/cache/21.0.6+3/amd64/libjavafx_font_freetype.so
Event: 1,016 Loaded shared library /home/linux/.openjfx/cache/21.0.6+3/amd64/libjavafx_iio.so
Event: 1,181 Loaded shared library /home/linux/.openjfx/cache/21.0.6+3/amd64/libjavafx_font_pango.so
Event: 43,846 Loaded shared library /tmp/opencv_openpnp4190162784643686728/nu/pattern/opencv/linux/x86_64/libopencv_java451.so
Event: 47,762 Loaded shared library /usr/lib/jvm/java-21-openjdk-amd64/lib/libjsound.so

Deoptimization events (20 events):
Event: 80,452 Thread 0x00007d3478691030 Uncommon trap: reason=unstable_if action=reinterpret pc=0x00007d356c67ed78 method=com.voicechat.client.call.component.AudioDeviceComponent.lambda$receiveAndPlay$0(Ljavax/sound/sampled/Mixer$Info;Lcom/voicechat/client/call/controller/CallController;)V @ 11
Event: 80,452 Thread 0x00007d3478691030 DEOPT PACKING pc=0x00007d356c67ed78 sp=0x00007d34310fa570
Event: 80,452 Thread 0x00007d3478a99190 DEOPT UNPACKING pc=0x00007d356bcb2f99 sp=0x00007d3430cde558 mode 2
Event: 80,452 Thread 0x00007d341c0011c0 Uncommon trap: trap_request=0xffffff45 fr.pc=0x00007d356c67ed78 relative=0x0000000000001438
Event: 80,452 Thread 0x00007d341c0011c0 Uncommon trap: reason=unstable_if action=reinterpret pc=0x00007d356c67ed78 method=com.voicechat.client.call.component.AudioDeviceComponent.lambda$receiveAndPlay$0(Ljavax/sound/sampled/Mixer$Info;Lcom/voicechat/client/call/controller/CallController;)V @ 11
Event: 80,452 Thread 0x00007d3478a94df0 DEOPT UNPACKING pc=0x00007d356bcb2f99 sp=0x00007d3430ffa558 mode 2
Event: 80,452 Thread 0x00007d341c0011c0 DEOPT PACKING pc=0x00007d356c67ed78 sp=0x00007d345ccc0570
Event: 80,452 Thread 0x00007d3478aa70b0 DEOPT UNPACKING pc=0x00007d356bcb2f99 sp=0x00007d3432b01558 mode 2
Event: 80,452 Thread 0x00007d3478aa46e0 DEOPT UNPACKING pc=0x00007d356bcb2f99 sp=0x00007d34336fd558 mode 2
Event: 80,452 Thread 0x00007d3478691030 DEOPT UNPACKING pc=0x00007d356bcb2f99 sp=0x00007d34310fa558 mode 2
Event: 80,452 Thread 0x00007d3478aa6350 DEOPT UNPACKING pc=0x00007d356bcb2f99 sp=0x00007d345c6c8558 mode 2
Event: 80,452 Thread 0x00007d3478969b40 Uncommon trap: trap_request=0xffffff45 fr.pc=0x00007d356c67ed78 relative=0x0000000000001438
Event: 80,452 Thread 0x00007d3478969b40 Uncommon trap: reason=unstable_if action=reinterpret pc=0x00007d356c67ed78 method=com.voicechat.client.call.component.AudioDeviceComponent.lambda$receiveAndPlay$0(Ljavax/sound/sampled/Mixer$Info;Lcom/voicechat/client/call/controller/CallController;)V @ 11
Event: 80,452 Thread 0x00007d341c0011c0 DEOPT UNPACKING pc=0x00007d356bcb2f99 sp=0x00007d345ccc0558 mode 2
Event: 80,452 Thread 0x00007d3478969b40 DEOPT PACKING pc=0x00007d356c67ed78 sp=0x00007d34335fd570
Event: 80,452 Thread 0x00007d3478969b40 DEOPT UNPACKING pc=0x00007d356bcb2f99 sp=0x00007d34335fd558 mode 2
Event: 81,199 Thread 0x00007d350c2ee7b0 DEOPT PACKING pc=0x00007d3565306003 sp=0x00007d345c54c370
Event: 81,199 Thread 0x00007d350c2ee7b0 DEOPT UNPACKING pc=0x00007d356bcb372f sp=0x00007d345c54b800 mode 0
Event: 81,320 Thread 0x00007d3478969b40 DEOPT PACKING pc=0x00007d35652da83a sp=0x00007d34335fd290
Event: 81,320 Thread 0x00007d3478969b40 DEOPT UNPACKING pc=0x00007d356bcb372f sp=0x00007d34335fc750 mode 0

Classes loaded (20 events):
Event: 50,774 Loading class sun/invoke/util/VerifyAccess$1
Event: 50,774 Loading class sun/invoke/util/VerifyAccess$1 done
Event: 50,777 Loading class com/sun/media/sound/DirectAudioDevice$DirectClip
Event: 50,777 Loading class com/sun/media/sound/AutoClosingClip
Event: 50,777 Loading class com/sun/media/sound/AutoClosingClip done
Event: 50,777 Loading class com/sun/media/sound/DirectAudioDevice$DirectClip done
Event: 50,777 Loading class com/sun/media/sound/DirectAudioDevice$DirectTDL
Event: 50,777 Loading class com/sun/media/sound/DirectAudioDevice$DirectTDL done
Event: 52,644 Loading class java/nio/BufferOverflowException
Event: 52,644 Loading class java/nio/BufferOverflowException done
Event: 60,959 Loading class java/util/IdentityHashMap$KeyIterator
Event: 60,959 Loading class java/util/IdentityHashMap$IdentityHashMapIterator
Event: 60,960 Loading class java/util/IdentityHashMap$IdentityHashMapIterator done
Event: 60,960 Loading class java/util/IdentityHashMap$KeyIterator done
Event: 66,454 Loading class java/lang/foreign/MemorySegment
Event: 66,454 Loading class java/lang/foreign/MemorySegment done
Event: 80,452 Loading class java/util/concurrent/CompletableFuture$Signaller
Event: 80,452 Loading class java/util/concurrent/CompletableFuture$Signaller done
Event: 80,945 Loading class com/sun/media/sound/Printer
Event: 80,945 Loading class com/sun/media/sound/Printer done

Classes unloaded (0 events):
No events

Classes redefined (0 events):
No events

Internal exceptions (20 events):
Event: 13,539 Thread 0x00007d350c2ee7b0 Implicit null exception at 0x00007d356c52b801 to 0x00007d356c52bec8
Event: 17,156 Thread 0x00007d357c6133c0 Exception <a 'java/lang/NoSuchMethodError'{0x00000005f3bb4990}: 'java.lang.Object java.lang.invoke.DirectMethodHandle$Holder.newInvokeSpecial(java.lang.Object, java.lang.Object, int, int, int, int, int, java.lang.Object)'> (0x00000005f3bb4990) 
thrown [./src/hotspot/share/interpreter/linkResolver.cpp, line 772]
Event: 17,157 Thread 0x00007d357c6133c0 Exception <a 'java/lang/NoSuchMethodError'{0x00000005f3bc66c0}: 'java.lang.Object java.lang.invoke.DirectMethodHandle$Holder.newInvokeSpecial(java.lang.Object, java.lang.Object, java.lang.Object, int, int, int, int, int)'> (0x00000005f3bc66c0) 
thrown [./src/hotspot/share/interpreter/linkResolver.cpp, line 772]
Event: 17,158 Thread 0x00007d357c6133c0 Exception <a 'java/lang/NoSuchMethodError'{0x00000005f3bcda10}: 'java.lang.Object java.lang.invoke.Invokers$Holder.linkToTargetMethod(java.lang.Object, java.lang.Object, int, int, int, int, int, java.lang.Object)'> (0x00000005f3bcda10) 
thrown [./src/hotspot/share/interpreter/linkResolver.cpp, line 772]
Event: 35,790 Thread 0x00007d357c6133c0 Exception <a 'java/lang/NoSuchMethodError'{0x00000005f30cba30}: 'java.lang.Object java.lang.invoke.DirectMethodHandle$Holder.invokeStatic(java.lang.Object, int, java.lang.Object)'> (0x00000005f30cba30) 
thrown [./src/hotspot/share/interpreter/linkResolver.cpp, line 772]
Event: 43,595 Thread 0x00007d357c6133c0 Exception <a 'java/lang/ClassNotFoundException'{0x00000005f500c528}: sun/util/logging/resources/spi/loggingProvider> (0x00000005f500c528) 
thrown [./src/hotspot/share/classfile/systemDictionary.cpp, line 312]
Event: 43,603 Thread 0x00007d357c6133c0 Exception <a 'sun/nio/fs/UnixException'{0x00000005f503b6b8}> (0x00000005f503b6b8) 
thrown [./src/hotspot/share/prims/jni.cpp, line 520]
Event: 43,854 Thread 0x00007d357c6133c0 Exception <a 'java/io/FileNotFoundException'{0x00000005f50cb758}> (0x00000005f50cb758) 
thrown [./src/hotspot/share/prims/jni.cpp, line 520]
Event: 43,856 Thread 0x00007d357c6133c0 Exception <a 'java/io/FileNotFoundException'{0x00000005f50e6e70}> (0x00000005f50e6e70) 
thrown [./src/hotspot/share/prims/jni.cpp, line 520]
Event: 44,212 Thread 0x00007d347877ee00 Exception <a 'java/lang/NoSuchMethodError'{0x00000005f53e8530}: 'java.lang.Object java.lang.invoke.DirectMethodHandle$Holder.newInvokeSpecial(java.lang.Object, java.lang.Object, java.lang.Object, java.lang.Object, java.lang.Object, java.lang.Object, java.lang.Object)'> (0x00000005f53e8530) 
thrown [./src/hotspot/share/interpreter/linkResolver.cpp, line 772]
Event: 44,239 Thread 0x00007d357c6133c0 Exception <a 'java/lang/NoSuchMethodError'{0x00000005f49a1228}: 'int java.lang.invoke.DirectMethodHandle$Holder.invokeStatic(java.lang.Object, java.lang.Object, java.lang.Object, java.lang.Object)'> (0x00000005f49a1228) 
thrown [./src/hotspot/share/interpreter/linkResolver.cpp, line 772]
Event: 44,248 Thread 0x00007d357c6133c0 Exception <a 'java/lang/ClassNotFoundException'{0x00000005f4a563f0}: com/sun/javafx/scene/control/skin/resources/controls-nt> (0x00000005f4a563f0) 
thrown [./src/hotspot/share/prims/jni.cpp, line 539]
Event: 44,248 Thread 0x00007d357c6133c0 Exception <a 'java/lang/ClassNotFoundException'{0x00000005f4a5e798}: com/sun/javafx/scene/control/skin/resources/controls-nt_en> (0x00000005f4a5e798) 
thrown [./src/hotspot/share/prims/jni.cpp, line 539]
Event: 44,248 Thread 0x00007d357c6133c0 Exception <a 'java/lang/ClassNotFoundException'{0x00000005f4a5f760}: com/sun/javafx/scene/control/skin/resources/controls-nt_en_US> (0x00000005f4a5f760) 
thrown [./src/hotspot/share/prims/jni.cpp, line 539]
Event: 44,445 Thread 0x00007d357c3e2a90 Exception <a 'java/lang/NoSuchMethodError'{0x00000005f3e66430}: 'java.lang.Object java.lang.invoke.DirectMethodHandle$Holder.invokeStaticInit(java.lang.Object, int)'> (0x00000005f3e66430) 
thrown [./src/hotspot/share/interpreter/linkResolver.cpp, line 772]
Event: 48,124 Thread 0x00007d357c6133c0 Exception <a 'java/io/FileNotFoundException'{0x00000005f3576810}> (0x00000005f3576810) 
thrown [./src/hotspot/share/prims/jni.cpp, line 520]
Event: 48,184 Thread 0x00007d357c6133c0 Implicit null exception at 0x00007d356c4e6b34 to 0x00007d356c4e6b8d
Event: 51,012 Thread 0x00007d357c6133c0 Exception <a 'java/io/FileNotFoundException'{0x00000005f2eb8190}> (0x00000005f2eb8190) 
thrown [./src/hotspot/share/prims/jni.cpp, line 520]
Event: 52,673 Thread 0x00007d357c6133c0 Implicit null exception at 0x00007d356c696f05 to 0x00007d356c696fc4
Event: 53,670 Thread 0x00007d357c6133c0 Implicit null exception at 0x00007d356c699891 to 0x00007d356c69a1a0

ZGC Phase Switch (0 events):
No events

VM Operations (20 events):
Event: 81,722 Executing VM operation: G1CollectForAllocation (G1 Evacuation Pause)
Event: 81,723 Executing VM operation: G1CollectForAllocation (G1 Evacuation Pause) done
Event: 81,835 Executing VM operation: G1CollectForAllocation (G1 Evacuation Pause)
Event: 81,835 Executing VM operation: G1CollectForAllocation (G1 Evacuation Pause) done
Event: 81,950 Executing VM operation: G1CollectForAllocation (G1 Evacuation Pause)
Event: 81,951 Executing VM operation: G1CollectForAllocation (G1 Evacuation Pause) done
Event: 82,071 Executing VM operation: G1CollectForAllocation (G1 Evacuation Pause)
Event: 82,072 Executing VM operation: G1CollectForAllocation (G1 Evacuation Pause) done
Event: 82,189 Executing VM operation: G1CollectForAllocation (G1 Evacuation Pause)
Event: 82,190 Executing VM operation: G1CollectForAllocation (G1 Evacuation Pause) done
Event: 82,306 Executing VM operation: G1CollectForAllocation (G1 Evacuation Pause)
Event: 82,306 Executing VM operation: G1CollectForAllocation (G1 Evacuation Pause) done
Event: 82,425 Executing VM operation: G1CollectForAllocation (G1 Evacuation Pause)
Event: 82,425 Executing VM operation: G1CollectForAllocation (G1 Evacuation Pause) done
Event: 82,537 Executing VM operation: G1CollectForAllocation (G1 Evacuation Pause)
Event: 82,537 Executing VM operation: G1CollectForAllocation (G1 Evacuation Pause) done
Event: 82,650 Executing VM operation: G1CollectForAllocation (G1 Evacuation Pause)
Event: 82,651 Executing VM operation: G1CollectForAllocation (G1 Evacuation Pause) done
Event: 82,768 Executing VM operation: G1CollectForAllocation (G1 Evacuation Pause)
Event: 82,769 Executing VM operation: G1CollectForAllocation (G1 Evacuation Pause) done

Memory protections (20 events):
Event: 51,012 Protecting memory [0x00007d3549a2f000,0x00007d3549a33000] with protection modes 0
Event: 51,034 Protecting memory [0x00007d34335ff000,0x00007d3433603000] with protection modes 0
Event: 51,589 Protecting memory [0x00007d3549a2f000,0x00007d3549a33000] with protection modes 0
Event: 51,790 Protecting memory [0x00007d34334ff000,0x00007d3433503000] with protection modes 0
Event: 51,975 Protecting memory [0x00007d34335ff000,0x00007d3433603000] with protection modes 0
Event: 52,191 Protecting memory [0x00007d345c5ca000,0x00007d345c5ce000] with protection modes 0
Event: 52,386 Protecting memory [0x00007d3432a03000,0x00007d3432a07000] with protection modes 0
Event: 52,608 Protecting memory [0x00007d345de90000,0x00007d345de94000] with protection modes 0
Event: 52,608 Protecting memory [0x00007d3432903000,0x00007d3432907000] with protection modes 0
Event: 52,609 Protecting memory [0x00007d3430ffc000,0x00007d3431000000] with protection modes 0
Event: 52,609 Protecting memory [0x00007d3430efc000,0x00007d3430f00000] with protection modes 0
Event: 52,609 Protecting memory [0x00007d342bf00000,0x00007d342bf04000] with protection modes 0
Event: 52,789 Protecting memory [0x00007d3430be0000,0x00007d3430be4000] with protection modes 0
Event: 52,789 Protecting memory [0x00007d3430ae0000,0x00007d3430ae4000] with protection modes 0
Event: 52,983 Protecting memory [0x00007d34309e0000,0x00007d34309e4000] with protection modes 0
Event: 53,177 Protecting memory [0x00007d3430efc000,0x00007d3430f00000] with protection modes 0
Event: 53,388 Protecting memory [0x00007d3430ffc000,0x00007d3431000000] with protection modes 0
Event: 53,587 Protecting memory [0x00007d342bf00000,0x00007d342bf04000] with protection modes 0
Event: 53,783 Protecting memory [0x00007d345cdc2000,0x00007d345cdc6000] with protection modes 0
Event: 53,810 Protecting memory [0x00007d345ccc2000,0x00007d345ccc6000] with protection modes 0

Nmethod flushes (20 events):
Event: 43,599 Thread 0x00007d357c176750 flushing  nmethod 0x00007d3564ab4c90
Event: 43,599 Thread 0x00007d357c176750 flushing  nmethod 0x00007d3564ab5410
Event: 43,599 Thread 0x00007d357c176750 flushing  nmethod 0x00007d3564ab9190
Event: 43,599 Thread 0x00007d357c176750 flushing  nmethod 0x00007d356c3e0e10
Event: 43,599 Thread 0x00007d357c176750 flushing  nmethod 0x00007d356c3e6110
Event: 43,599 Thread 0x00007d357c176750 flushing  nmethod 0x00007d3564868190
Event: 43,599 Thread 0x00007d357c176750 flushing  nmethod 0x00007d3564868690
Event: 43,599 Thread 0x00007d357c176750 flushing  nmethod 0x00007d3564868d90
Event: 43,599 Thread 0x00007d357c176750 flushing  nmethod 0x00007d3564869310
Event: 43,599 Thread 0x00007d357c176750 flushing  nmethod 0x00007d356486a510
Event: 43,599 Thread 0x00007d357c176750 flushing  nmethod 0x00007d356486c410
Event: 43,599 Thread 0x00007d357c176750 flushing  nmethod 0x00007d356486cd90
Event: 43,599 Thread 0x00007d357c176750 flushing  nmethod 0x00007d356486d210
Event: 43,599 Thread 0x00007d357c176750 flushing  nmethod 0x00007d35648b4390
Event: 43,599 Thread 0x00007d357c176750 flushing  nmethod 0x00007d35648b4f10
Event: 43,599 Thread 0x00007d357c176750 flushing  nmethod 0x00007d35648b6510
Event: 43,599 Thread 0x00007d357c176750 flushing  nmethod 0x00007d35648b8a10
Event: 43,599 Thread 0x00007d357c176750 flushing  nmethod 0x00007d35648ba290
Event: 43,599 Thread 0x00007d357c176750 flushing  nmethod 0x00007d35648bac90
Event: 43,599 Thread 0x00007d357c176750 flushing  nmethod 0x00007d35649bc890

Events (20 events):
Event: 52,609 Thread 0x00007d357c1ee7f0 Thread added: 0x00007d35187592d0
Event: 52,609 Thread 0x00007d357c1ee7f0 Thread added: 0x00007d351875a5b0
Event: 52,789 Thread 0x00007d357c6133c0 Thread added: 0x00007d3478a99190
Event: 52,789 Thread 0x00007d3478a99190 Thread added: 0x00007d3374000fe0
Event: 52,983 Thread 0x00007d357c6133c0 Thread added: 0x00007d3478a94220
Event: 52,983 Thread 0x00007d351875a5b0 Thread exited: 0x00007d351875a5b0
Event: 52,983 Thread 0x00007d35187592d0 Thread exited: 0x00007d35187592d0
Event: 53,177 Thread 0x00007d357c6133c0 Thread added: 0x00007d3478a94df0
Event: 53,181 Thread 0x00007d3518216120 Thread exited: 0x00007d3518216120
Event: 53,388 Thread 0x00007d357c6133c0 Thread added: 0x00007d3478691030
Event: 53,587 Thread 0x00007d357c6133c0 Thread added: 0x00007d3478691730
Event: 53,783 Thread 0x00007d3518214c10 Thread added: 0x00007d3384005bb0
Event: 53,809 Thread 0x00007d357c6133c0 Thread added: 0x00007d3478a975d0
Event: 53,945 Thread 0x00007d3384005bb0 Thread exited: 0x00007d3384005bb0
Event: 56,822 Thread 0x00007d3518214c10 Thread exited: 0x00007d3518214c10
Event: 57,249 Thread 0x00007d3518213c40 Thread exited: 0x00007d3518213c40
Event: 57,249 Thread 0x00007d351c27afa0 Thread exited: 0x00007d351c27afa0
Event: 60,960 Thread 0x00007d34786f7590 Thread exited: 0x00007d34786f7590
Event: 60,961 Thread 0x00007d3444006570 Thread exited: 0x00007d3444006570
Event: 73,554 Thread 0x00007d341c007350 Thread exited: 0x00007d341c007350


Dynamic libraries:
5cbc00000-5f5400000 rw-p 00000000 00:00 0 
5f5400000-7be800000 ---p 00000000 00:00 0 
7be800000-7c0010000 rw-p 00000000 00:00 0 
7c0010000-7c0030000 rw-p 00000000 00:00 0 
7c0030000-7c00b0000 rw-p 00000000 00:00 0 
7c00b0000-7c0130000 rw-p 00000000 00:00 0 
7c0130000-7c0170000 rw-p 00000000 00:00 0 
7c0170000-7c0270000 rw-p 00000000 00:00 0 
7c0270000-7c03f0000 rw-p 00000000 00:00 0 
7c03f0000-7c0510000 rw-p 00000000 00:00 0 
7c0510000-800000000 ---p 00000000 00:00 0 
59b93e785000-59b93e786000 r--p 00000000 08:02 18232512                   /usr/lib/jvm/java-21-openjdk-amd64/bin/java
59b93e786000-59b93e787000 r-xp 00001000 08:02 18232512                   /usr/lib/jvm/java-21-openjdk-amd64/bin/java
59b93e787000-59b93e788000 r--p 00002000 08:02 18232512                   /usr/lib/jvm/java-21-openjdk-amd64/bin/java
59b93e788000-59b93e789000 r--p 00002000 08:02 18232512                   /usr/lib/jvm/java-21-openjdk-amd64/bin/java
59b93e789000-59b93e78a000 rw-p 00003000 08:02 18232512                   /usr/lib/jvm/java-21-openjdk-amd64/bin/java
59b95cf06000-59b95cf9c000 rw-p 00000000 00:00 0                          [heap]
7d3259eb4000-7d3259eb5000 ---p 00000000 00:00 0 
7d3259eb5000-7d325a6b5000 rw-p 00000000 00:00 0 
7d325a6b5000-7d325a6b6000 ---p 00000000 00:00 0 
7d325a6b6000-7d325aeb6000 rw-p 00000000 00:00 0 
7d325aeb6000-7d325aeb7000 ---p 00000000 00:00 0 
7d325aeb7000-7d325b6b7000 rw-p 00000000 00:00 0 
7d325b6b7000-7d325b6b8000 ---p 00000000 00:00 0 
7d325b6b8000-7d325beb8000 rw-p 00000000 00:00 0 
7d325beb8000-7d325beb9000 ---p 00000000 00:00 0 
7d325beb9000-7d325c6b9000 rw-p 00000000 00:00 0 
7d325c6b9000-7d325c6ba000 ---p 00000000 00:00 0 
7d325c6ba000-7d325ceba000 rw-p 00000000 00:00 0 
7d325ceba000-7d325cebb000 ---p 00000000 00:00 0 
7d325cebb000-7d325d6bb000 rw-p 00000000 00:00 0 
7d325d6bb000-7d325d6bc000 ---p 00000000 00:00 0 
7d325d6bc000-7d325debc000 rw-p 00000000 00:00 0 
7d325debc000-7d325debd000 ---p 00000000 00:00 0 
7d325debd000-7d325e6bd000 rw-p 00000000 00:00 0 
7d325e6bd000-7d325e6be000 ---p 00000000 00:00 0 
7d325e6be000-7d325eebe000 rw-p 00000000 00:00 0 
7d325eebe000-7d325eebf000 ---p 00000000 00:00 0 
7d325eebf000-7d325f6bf000 rw-p 00000000 00:00 0 
7d325f6bf000-7d325f6c0000 ---p 00000000 00:00 0 
7d325f6c0000-7d325fec0000 rw-p 00000000 00:00 0 
7d325fec0000-7d325fec1000 ---p 00000000 00:00 0 
7d325fec1000-7d32606c1000 rw-p 00000000 00:00 0 
7d32606c1000-7d32606c2000 ---p 00000000 00:00 0 
7d32606c2000-7d3260ec2000 rw-p 00000000 00:00 0 
7d3260ec2000-7d3260ec3000 ---p 00000000 00:00 0 
7d3260ec3000-7d32616c3000 rw-p 00000000 00:00 0 
7d32616c3000-7d32616c4000 ---p 00000000 00:00 0 
7d32616c4000-7d3261ec4000 rw-p 00000000 00:00 0 
7d3261ec4000-7d3261ec5000 ---p 00000000 00:00 0 
7d3261ec5000-7d32626c5000 rw-p 00000000 00:00 0 
7d32626c5000-7d32626c6000 ---p 00000000 00:00 0 
7d32626c6000-7d3262ec6000 rw-p 00000000 00:00 0 
7d3262ec6000-7d3262ec7000 ---p 00000000 00:00 0 
7d3262ec7000-7d32636c7000 rw-p 00000000 00:00 0 
7d32636c7000-7d32636c8000 ---p 00000000 00:00 0 
7d32636c8000-7d3263ec8000 rw-p 00000000 00:00 0 
7d3263ec8000-7d3263ec9000 ---p 00000000 00:00 0 
7d3263ec9000-7d32646c9000 rw-p 00000000 00:00 0 
7d32646c9000-7d32646ca000 ---p 00000000 00:00 0 
7d32646ca000-7d3264eca000 rw-p 00000000 00:00 0 
7d3264eca000-7d3264ecb000 ---p 00000000 00:00 0 
7d3264ecb000-7d32656cb000 rw-p 00000000 00:00 0 
7d32656cb000-7d32656cc000 ---p 00000000 00:00 0 
7d32656cc000-7d3265ecc000 rw-p 00000000 00:00 0 
7d3265ecc000-7d3265ecd000 ---p 00000000 00:00 0 
7d3265ecd000-7d32666cd000 rw-p 00000000 00:00 0 
7d32666cd000-7d32666ce000 ---p 00000000 00:00 0 
7d32666ce000-7d3266ece000 rw-p 00000000 00:00 0 
7d3266ece000-7d3266ecf000 ---p 00000000 00:00 0 
7d3266ecf000-7d32676cf000 rw-p 00000000 00:00 0 
7d32676cf000-7d32676d0000 ---p 00000000 00:00 0 
7d32676d0000-7d3267ed0000 rw-p 00000000 00:00 0 
7d3267ed0000-7d3267ed1000 ---p 00000000 00:00 0 
7d3267ed1000-7d32686d1000 rw-p 00000000 00:00 0 
7d32686d1000-7d32686d2000 ---p 00000000 00:00 0 
7d32686d2000-7d3268ed2000 rw-p 00000000 00:00 0 
7d3268ed2000-7d3268ed3000 ---p 00000000 00:00 0 
7d3268ed3000-7d32696d3000 rw-p 00000000 00:00 0 
7d32696d3000-7d32696d4000 ---p 00000000 00:00 0 
7d32696d4000-7d3269ed4000 rw-p 00000000 00:00 0 
7d3269ed4000-7d3269ed5000 ---p 00000000 00:00 0 
7d3269ed5000-7d326a6d5000 rw-p 00000000 00:00 0 
7d326a6d5000-7d326a6d6000 ---p 00000000 00:00 0 
7d326a6d6000-7d326aed6000 rw-p 00000000 00:00 0 
7d326aed6000-7d326aed7000 ---p 00000000 00:00 0 
7d326aed7000-7d326b6d7000 rw-p 00000000 00:00 0 
7d326b6d7000-7d326b6d8000 ---p 00000000 00:00 0 
7d326b6d8000-7d326bed8000 rw-p 00000000 00:00 0 
7d326bed8000-7d326bed9000 ---p 00000000 00:00 0 
7d326bed9000-7d326c6d9000 rw-p 00000000 00:00 0 
7d326c6d9000-7d326c6da000 ---p 00000000 00:00 0 
7d326c6da000-7d326ceda000 rw-p 00000000 00:00 0 
7d326ceda000-7d326cedb000 ---p 00000000 00:00 0 
7d326cedb000-7d326d6db000 rw-p 00000000 00:00 0 
7d326d6db000-7d326d6dc000 ---p 00000000 00:00 0 
7d326d6dc000-7d326dedc000 rw-p 00000000 00:00 0 
7d326dedc000-7d326dedd000 ---p 00000000 00:00 0 
7d326dedd000-7d326e6dd000 rw-p 00000000 00:00 0 
7d326e6dd000-7d326e6de000 ---p 00000000 00:00 0 
7d326e6de000-7d326eede000 rw-p 00000000 00:00 0 
7d326eede000-7d326eedf000 ---p 00000000 00:00 0 
7d326eedf000-7d326f6df000 rw-p 00000000 00:00 0 
7d326f6df000-7d326f6e0000 ---p 00000000 00:00 0 
7d326f6e0000-7d326fee0000 rw-p 00000000 00:00 0 
7d326fee0000-7d326fee1000 ---p 00000000 00:00 0 
7d326fee1000-7d32706e1000 rw-p 00000000 00:00 0 
7d32706e1000-7d32706e2000 ---p 00000000 00:00 0 
7d32706e2000-7d3270ee2000 rw-p 00000000 00:00 0 
7d3270ee2000-7d3270ee3000 ---p 00000000 00:00 0 
7d3270ee3000-7d32716e3000 rw-p 00000000 00:00 0 
7d32716e3000-7d32716e4000 ---p 00000000 00:00 0 
7d32716e4000-7d3271ee4000 rw-p 00000000 00:00 0 
7d3271ee4000-7d3271ee5000 ---p 00000000 00:00 0 
7d3271ee5000-7d32726e5000 rw-p 00000000 00:00 0 
7d32726e5000-7d32726e6000 ---p 00000000 00:00 0 
7d32726e6000-7d3272ee6000 rw-p 00000000 00:00 0 
7d3272ee6000-7d3272ee7000 ---p 00000000 00:00 0 
7d3272ee7000-7d32736e7000 rw-p 00000000 00:00 0 
7d32736e7000-7d32736e8000 ---p 00000000 00:00 0 
7d32736e8000-7d3273ee8000 rw-p 00000000 00:00 0 
7d3273ee8000-7d3273ee9000 ---p 00000000 00:00 0 
7d3273ee9000-7d32746e9000 rw-p 00000000 00:00 0 
7d32746e9000-7d32746ea000 ---p 00000000 00:00 0 
7d32746ea000-7d3274eea000 rw-p 00000000 00:00 0 
7d3274eea000-7d3274eeb000 ---p 00000000 00:00 0 
7d3274eeb000-7d32756eb000 rw-p 00000000 00:00 0 
7d32756eb000-7d32756ec000 ---p 00000000 00:00 0 
7d32756ec000-7d3275eec000 rw-p 00000000 00:00 0 
7d3275eec000-7d3275eed000 ---p 00000000 00:00 0 
7d3275eed000-7d32766ed000 rw-p 00000000 00:00 0 
7d32766ed000-7d32766ee000 ---p 00000000 00:00 0 
7d32766ee000-7d3276eee000 rw-p 00000000 00:00 0 
7d3276eee000-7d3276eef000 ---p 00000000 00:00 0 
7d3276eef000-7d32776ef000 rw-p 00000000 00:00 0 
7d32776ef000-7d32776f0000 ---p 00000000 00:00 0 
7d32776f0000-7d3277ef0000 rw-p 00000000 00:00 0 
7d3277ef0000-7d3277ef1000 ---p 00000000 00:00 0 
7d3277ef1000-7d32786f1000 rw-p 00000000 00:00 0 
7d32786f1000-7d32786f2000 ---p 00000000 00:00 0 
7d32786f2000-7d3278ef2000 rw-p 00000000 00:00 0 
7d3278ef2000-7d3278ef3000 ---p 00000000 00:00 0 
7d3278ef3000-7d32796f3000 rw-p 00000000 00:00 0 
7d32796f3000-7d32796f4000 ---p 00000000 00:00 0 
7d32796f4000-7d3279ef4000 rw-p 00000000 00:00 0 
7d3279ef4000-7d3279ef5000 ---p 00000000 00:00 0 
7d3279ef5000-7d327a6f5000 rw-p 00000000 00:00 0 
7d327a6f5000-7d327a6f6000 ---p 00000000 00:00 0 
7d327a6f6000-7d327aef6000 rw-p 00000000 00:00 0 
7d327aef6000-7d327aef7000 ---p 00000000 00:00 0 
7d327aef7000-7d327b6f7000 rw-p 00000000 00:00 0 
7d327b6f7000-7d327b6f8000 ---p 00000000 00:00 0 
7d327b6f8000-7d327bef8000 rw-p 00000000 00:00 0 
7d327bef8000-7d327bef9000 ---p 00000000 00:00 0 
7d327bef9000-7d327c6f9000 rw-p 00000000 00:00 0 
7d327c6f9000-7d327c6fa000 ---p 00000000 00:00 0 
7d327c6fa000-7d327cefa000 rw-p 00000000 00:00 0 
7d327cefa000-7d327cefb000 ---p 00000000 00:00 0 
7d327cefb000-7d327d6fb000 rw-p 00000000 00:00 0 
7d327d6fb000-7d327d6fc000 ---p 00000000 00:00 0 
7d327d6fc000-7d327defc000 rw-p 00000000 00:00 0 
7d327defc000-7d327defd000 ---p 00000000 00:00 0 
7d327defd000-7d327e6fd000 rw-p 00000000 00:00 0 
7d327e6fd000-7d327e6fe000 ---p 00000000 00:00 0 
7d327e6fe000-7d327eefe000 rw-p 00000000 00:00 0 
7d327eefe000-7d327eeff000 ---p 00000000 00:00 0 
7d327eeff000-7d327f6ff000 rw-p 00000000 00:00 0 
7d327f6ff000-7d327f700000 ---p 00000000 00:00 0 
7d327f700000-7d327ff00000 rw-p 00000000 00:00 0 
7d327ff00000-7d327ff01000 ---p 00000000 00:00 0 
7d327ff01000-7d3280701000 rw-p 00000000 00:00 0 
7d3280701000-7d3280702000 ---p 00000000 00:00 0 
7d3280702000-7d3280f02000 rw-p 00000000 00:00 0 
7d3280f02000-7d3280f03000 ---p 00000000 00:00 0 
7d3280f03000-7d3281703000 rw-p 00000000 00:00 0 
7d3281703000-7d3281704000 ---p 00000000 00:00 0 
7d3281704000-7d3281f04000 rw-p 00000000 00:00 0 
7d3281f04000-7d3281f05000 ---p 00000000 00:00 0 
7d3281f05000-7d3282705000 rw-p 00000000 00:00 0 
7d3282705000-7d3282706000 ---p 00000000 00:00 0 
7d3282706000-7d3282f06000 rw-p 00000000 00:00 0 
7d3282f06000-7d3282f07000 ---p 00000000 00:00 0 
7d3282f07000-7d3283707000 rw-p 00000000 00:00 0 
7d3283707000-7d3283708000 ---p 00000000 00:00 0 
7d3283708000-7d3283f08000 rw-p 00000000 00:00 0 
7d3283f08000-7d3283f09000 ---p 00000000 00:00 0 
7d3283f09000-7d3284709000 rw-p 00000000 00:00 0 
7d3284709000-7d328470a000 ---p 00000000 00:00 0 
7d328470a000-7d3284f0a000 rw-p 00000000 00:00 0 
7d3284f0a000-7d3284f0b000 ---p 00000000 00:00 0 
7d3284f0b000-7d328570b000 rw-p 00000000 00:00 0 
7d328570b000-7d328570c000 ---p 00000000 00:00 0 
7d328570c000-7d3285f0c000 rw-p 00000000 00:00 0 
7d3285f0c000-7d3285f0d000 ---p 00000000 00:00 0 
7d3285f0d000-7d328670d000 rw-p 00000000 00:00 0 
7d328670d000-7d328670e000 ---p 00000000 00:00 0 
7d328670e000-7d3286f0e000 rw-p 00000000 00:00 0 
7d3286f0e000-7d3286f0f000 ---p 00000000 00:00 0 
7d3286f0f000-7d328770f000 rw-p 00000000 00:00 0 
7d328770f000-7d3287710000 ---p 00000000 00:00 0 
7d3287710000-7d3287f10000 rw-p 00000000 00:00 0 
7d3287f10000-7d3287f11000 ---p 00000000 00:00 0 
7d3287f11000-7d3288711000 rw-p 00000000 00:00 0 
7d3288711000-7d3288712000 ---p 00000000 00:00 0 
7d3288712000-7d3288f12000 rw-p 00000000 00:00 0 
7d3288f12000-7d3288f13000 ---p 00000000 00:00 0 
7d3288f13000-7d3289713000 rw-p 00000000 00:00 0 
7d3289713000-7d3289714000 ---p 00000000 00:00 0 
7d3289714000-7d3289f14000 rw-p 00000000 00:00 0 
7d3289f14000-7d3289f15000 ---p 00000000 00:00 0 
7d3289f15000-7d328a715000 rw-p 00000000 00:00 0 
7d328a715000-7d328a716000 ---p 00000000 00:00 0 
7d328a716000-7d328af16000 rw-p 00000000 00:00 0 
7d328af16000-7d328af17000 ---p 00000000 00:00 0 
7d328af17000-7d328b717000 rw-p 00000000 00:00 0 
7d328b717000-7d328b718000 ---p 00000000 00:00 0 
7d328b718000-7d328bf18000 rw-p 00000000 00:00 0 
7d328bf18000-7d328bf19000 ---p 00000000 00:00 0 
7d328bf19000-7d328c719000 rw-p 00000000 00:00 0 
7d328c719000-7d328c71a000 ---p 00000000 00:00 0 
7d328c71a000-7d328cf1a000 rw-p 00000000 00:00 0 
7d328cf1a000-7d328cf1b000 ---p 00000000 00:00 0 
7d328cf1b000-7d328d71b000 rw-p 00000000 00:00 0 
7d328d71b000-7d328d71c000 ---p 00000000 00:00 0 
7d328d71c000-7d328df1c000 rw-p 00000000 00:00 0 
7d328df1c000-7d328df1d000 ---p 00000000 00:00 0 
7d328df1d000-7d328e71d000 rw-p 00000000 00:00 0 
7d328e71d000-7d328e71e000 ---p 00000000 00:00 0 
7d328e71e000-7d328ef1e000 rw-p 00000000 00:00 0 
7d328ef1e000-7d328ef1f000 ---p 00000000 00:00 0 
7d328ef1f000-7d328f71f000 rw-p 00000000 00:00 0 
7d328f71f000-7d328f720000 ---p 00000000 00:00 0 
7d328f720000-7d328ff20000 rw-p 00000000 00:00 0 
7d328ff20000-7d328ff21000 ---p 00000000 00:00 0 
7d328ff21000-7d3290721000 rw-p 00000000 00:00 0 
7d3290721000-7d3290722000 ---p 00000000 00:00 0 
7d3290722000-7d3290f22000 rw-p 00000000 00:00 0 
7d3290f22000-7d3290f23000 ---p 00000000 00:00 0 
7d3290f23000-7d3291723000 rw-p 00000000 00:00 0 
7d3291723000-7d3291724000 ---p 00000000 00:00 0 
7d3291724000-7d3291f24000 rw-p 00000000 00:00 0 
7d3291f24000-7d3291f25000 ---p 00000000 00:00 0 
7d3291f25000-7d3292725000 rw-p 00000000 00:00 0 
7d3292725000-7d3292726000 ---p 00000000 00:00 0 
7d3292726000-7d3292f26000 rw-p 00000000 00:00 0 
7d3292f26000-7d3292f27000 ---p 00000000 00:00 0 
7d3292f27000-7d3293727000 rw-p 00000000 00:00 0 
7d3293727000-7d3293728000 ---p 00000000 00:00 0 
7d3293728000-7d3293f28000 rw-p 00000000 00:00 0 
7d3293f28000-7d3293f29000 ---p 00000000 00:00 0 
7d3293f29000-7d3294729000 rw-p 00000000 00:00 0 
7d3294729000-7d329472a000 ---p 00000000 00:00 0 
7d329472a000-7d3294f2a000 rw-p 00000000 00:00 0 
7d3294f2a000-7d3294f2b000 ---p 00000000 00:00 0 
7d3294f2b000-7d329572b000 rw-p 00000000 00:00 0 
7d329572b000-7d329572c000 ---p 00000000 00:00 0 
7d329572c000-7d3295f2c000 rw-p 00000000 00:00 0 
7d3295f2c000-7d3295f2d000 ---p 00000000 00:00 0 
7d3295f2d000-7d329672d000 rw-p 00000000 00:00 0 
7d329672d000-7d329672e000 ---p 00000000 00:00 0 
7d329672e000-7d3296f2e000 rw-p 00000000 00:00 0 
7d3296f2e000-7d3296f2f000 ---p 00000000 00:00 0 
7d3296f2f000-7d329772f000 rw-p 00000000 00:00 0 
7d329772f000-7d3297730000 ---p 00000000 00:00 0 
7d3297730000-7d3297f30000 rw-p 00000000 00:00 0 
7d3297f30000-7d3297f31000 ---p 00000000 00:00 0 
7d3297f31000-7d3298731000 rw-p 00000000 00:00 0 
7d3298731000-7d3298732000 ---p 00000000 00:00 0 
7d3298732000-7d3298f32000 rw-p 00000000 00:00 0 
7d3298f32000-7d3298f33000 ---p 00000000 00:00 0 
7d3298f33000-7d3299733000 rw-p 00000000 00:00 0 
7d3299733000-7d3299734000 ---p 00000000 00:00 0 
7d3299734000-7d3299f34000 rw-p 00000000 00:00 0 
7d3299f34000-7d3299f35000 ---p 00000000 00:00 0 
7d3299f35000-7d329a735000 rw-p 00000000 00:00 0 
7d329a735000-7d329a736000 ---p 00000000 00:00 0 
7d329a736000-7d329af36000 rw-p 00000000 00:00 0 
7d329af36000-7d329af37000 ---p 00000000 00:00 0 
7d329af37000-7d329b737000 rw-p 00000000 00:00 0 
7d329b737000-7d329b738000 ---p 00000000 00:00 0 
7d329b738000-7d329bf38000 rw-p 00000000 00:00 0 
7d329bf38000-7d329bf39000 ---p 00000000 00:00 0 
7d329bf39000-7d329c739000 rw-p 00000000 00:00 0 
7d329c739000-7d329c73a000 ---p 00000000 00:00 0 
7d329c73a000-7d329cf3a000 rw-p 00000000 00:00 0 
7d329cf3a000-7d329cf3b000 ---p 00000000 00:00 0 
7d329cf3b000-7d329d73b000 rw-p 00000000 00:00 0 
7d329d73b000-7d329d73c000 ---p 00000000 00:00 0 
7d329d73c000-7d329df3c000 rw-p 00000000 00:00 0 
7d329df3c000-7d329df3d000 ---p 00000000 00:00 0 
7d329df3d000-7d329e73d000 rw-p 00000000 00:00 0 
7d329e73d000-7d329e73e000 ---p 00000000 00:00 0 
7d329e73e000-7d329ef3e000 rw-p 00000000 00:00 0 
7d329ef3e000-7d329ef3f000 ---p 00000000 00:00 0 
7d329ef3f000-7d329f73f000 rw-p 00000000 00:00 0 
7d329f73f000-7d329f740000 ---p 00000000 00:00 0 
7d329f740000-7d329ff40000 rw-p 00000000 00:00 0 
7d329ff40000-7d329ff41000 ---p 00000000 00:00 0 
7d329ff41000-7d32a0741000 rw-p 00000000 00:00 0 
7d32a0741000-7d32a0742000 ---p 00000000 00:00 0 
7d32a0742000-7d32a0f42000 rw-p 00000000 00:00 0 
7d32a0f42000-7d32a0f43000 ---p 00000000 00:00 0 
7d32a0f43000-7d32a1743000 rw-p 00000000 00:00 0 
7d32a1743000-7d32a1744000 ---p 00000000 00:00 0 
7d32a1744000-7d32a1f44000 rw-p 00000000 00:00 0 
7d32a1f44000-7d32a1f45000 ---p 00000000 00:00 0 
7d32a1f45000-7d32a2745000 rw-p 00000000 00:00 0 
7d32a2745000-7d32a2746000 ---p 00000000 00:00 0 
7d32a2746000-7d32a2f46000 rw-p 00000000 00:00 0 
7d32a2f46000-7d32a2f47000 ---p 00000000 00:00 0 
7d32a2f47000-7d32a3747000 rw-p 00000000 00:00 0 
7d32a3747000-7d32a3748000 ---p 00000000 00:00 0 
7d32a3748000-7d32a3f48000 rw-p 00000000 00:00 0 
7d32a3f48000-7d32a3f49000 ---p 00000000 00:00 0 
7d32a3f49000-7d32a4749000 rw-p 00000000 00:00 0 
7d32a4749000-7d32a474a000 ---p 00000000 00:00 0 
7d32a474a000-7d32a4f4a000 rw-p 00000000 00:00 0 
7d32a4f4a000-7d32a4f4b000 ---p 00000000 00:00 0 
7d32a4f4b000-7d32a574b000 rw-p 00000000 00:00 0 
7d32a574b000-7d32a574c000 ---p 00000000 00:00 0 
7d32a574c000-7d32a5f4c000 rw-p 00000000 00:00 0 
7d32a5f4c000-7d32a5f4d000 ---p 00000000 00:00 0 
7d32a5f4d000-7d32a674d000 rw-p 00000000 00:00 0 
7d32a674d000-7d32a674e000 ---p 00000000 00:00 0 
7d32a674e000-7d32a6f4e000 rw-p 00000000 00:00 0 
7d32a6f4e000-7d32a6f4f000 ---p 00000000 00:00 0 
7d32a6f4f000-7d32a774f000 rw-p 00000000 00:00 0 
7d32a774f000-7d32a7750000 ---p 00000000 00:00 0 
7d32a7750000-7d32a7f50000 rw-p 00000000 00:00 0 
7d32a7f50000-7d32a7f51000 ---p 00000000 00:00 0 
7d32a7f51000-7d32a8751000 rw-p 00000000 00:00 0 
7d32a8751000-7d32a8752000 ---p 00000000 00:00 0 
7d32a8752000-7d32a8f52000 rw-p 00000000 00:00 0 
7d32a8f52000-7d32a8f53000 ---p 00000000 00:00 0 
7d32a8f53000-7d32a9753000 rw-p 00000000 00:00 0 
7d32a9753000-7d32a9754000 ---p 00000000 00:00 0 
7d32a9754000-7d32a9f54000 rw-p 00000000 00:00 0 
7d32a9f54000-7d32a9f55000 ---p 00000000 00:00 0 
7d32a9f55000-7d32aa755000 rw-p 00000000 00:00 0 
7d32aa755000-7d32aa756000 ---p 00000000 00:00 0 
7d32aa756000-7d32aaf56000 rw-p 00000000 00:00 0 
7d32aaf56000-7d32aaf57000 ---p 00000000 00:00 0 
7d32aaf57000-7d32ab757000 rw-p 00000000 00:00 0 
7d32ab757000-7d32ab758000 ---p 00000000 00:00 0 
7d32ab758000-7d32abf58000 rw-p 00000000 00:00 0 
7d32abf58000-7d32abf59000 ---p 00000000 00:00 0 
7d32abf59000-7d32ac759000 rw-p 00000000 00:00 0 
7d32ac759000-7d32ac75a000 ---p 00000000 00:00 0 
7d32ac75a000-7d32acf5a000 rw-p 00000000 00:00 0 
7d32acf5a000-7d32acf5b000 ---p 00000000 00:00 0 
7d32acf5b000-7d32ad75b000 rw-p 00000000 00:00 0 
7d32ad75b000-7d32ad75c000 ---p 00000000 00:00 0 
7d32ad75c000-7d32adf5c000 rw-p 00000000 00:00 0 
7d32adf5c000-7d32adf5d000 ---p 00000000 00:00 0 
7d32adf5d000-7d32ae75d000 rw-p 00000000 00:00 0 
7d32ae75d000-7d32ae75e000 ---p 00000000 00:00 0 
7d32ae75e000-7d32aef5e000 rw-p 00000000 00:00 0 
7d32aef5e000-7d32aef5f000 ---p 00000000 00:00 0 
7d32aef5f000-7d32af75f000 rw-p 00000000 00:00 0 
7d32af75f000-7d32af760000 ---p 00000000 00:00 0 
7d32af760000-7d32aff60000 rw-p 00000000 00:00 0 
7d32aff60000-7d32aff61000 ---p 00000000 00:00 0 
7d32aff61000-7d32b0761000 rw-p 00000000 00:00 0 
7d32b0761000-7d32b0762000 ---p 00000000 00:00 0 
7d32b0762000-7d32b0f62000 rw-p 00000000 00:00 0 
7d32b0f62000-7d32b0f63000 ---p 00000000 00:00 0 
7d32b0f63000-7d32b1763000 rw-p 00000000 00:00 0 
7d32b1763000-7d32b1764000 ---p 00000000 00:00 0 
7d32b1764000-7d32b1f64000 rw-p 00000000 00:00 0 
7d32b1f64000-7d32b1f65000 ---p 00000000 00:00 0 
7d32b1f65000-7d32b2765000 rw-p 00000000 00:00 0 
7d32b2765000-7d32b2766000 ---p 00000000 00:00 0 
7d32b2766000-7d32b2f66000 rw-p 00000000 00:00 0 
7d32b2f66000-7d32b2f67000 ---p 00000000 00:00 0 
7d32b2f67000-7d32b3767000 rw-p 00000000 00:00 0 
7d32b3767000-7d32b3768000 ---p 00000000 00:00 0 
7d32b3768000-7d32b3f68000 rw-p 00000000 00:00 0 
7d32b3f68000-7d32b3f69000 ---p 00000000 00:00 0 
7d32b3f69000-7d32b4769000 rw-p 00000000 00:00 0 
7d32b4769000-7d32b476a000 ---p 00000000 00:00 0 
7d32b476a000-7d32b4f6a000 rw-p 00000000 00:00 0 
7d32b4f6a000-7d32b4f6b000 ---p 00000000 00:00 0 
7d32b4f6b000-7d32b576b000 rw-p 00000000 00:00 0 
7d32b576b000-7d32b576c000 ---p 00000000 00:00 0 
7d32b576c000-7d32b5f6c000 rw-p 00000000 00:00 0 
7d32b5f6c000-7d32b5f6d000 ---p 00000000 00:00 0 
7d32b5f6d000-7d32b676d000 rw-p 00000000 00:00 0 
7d32b676d000-7d32b676e000 ---p 00000000 00:00 0 
7d32b676e000-7d32b6f6e000 rw-p 00000000 00:00 0 
7d32b6f6e000-7d32b6f6f000 ---p 00000000 00:00 0 
7d32b6f6f000-7d32b776f000 rw-p 00000000 00:00 0 
7d32b776f000-7d32b7770000 ---p 00000000 00:00 0 
7d32b7770000-7d32b7f70000 rw-p 00000000 00:00 0 
7d32b7f70000-7d32b7f71000 ---p 00000000 00:00 0 
7d32b7f71000-7d32b8771000 rw-p 00000000 00:00 0 
7d32b8771000-7d32b8772000 ---p 00000000 00:00 0 
7d32b8772000-7d32b8f72000 rw-p 00000000 00:00 0 
7d32b8f72000-7d32b8f73000 ---p 00000000 00:00 0 
7d32b8f73000-7d32b9773000 rw-p 00000000 00:00 0 
7d32b9773000-7d32b9774000 ---p 00000000 00:00 0 
7d32b9774000-7d32b9f74000 rw-p 00000000 00:00 0 
7d32b9f74000-7d32b9f75000 ---p 00000000 00:00 0 
7d32b9f75000-7d32ba775000 rw-p 00000000 00:00 0 
7d32ba775000-7d32ba776000 ---p 00000000 00:00 0 
7d32ba776000-7d32baf76000 rw-p 00000000 00:00 0 
7d32baf76000-7d32baf77000 ---p 00000000 00:00 0 
7d32baf77000-7d32bb777000 rw-p 00000000 00:00 0 
7d32bb777000-7d32bb778000 ---p 00000000 00:00 0 
7d32bb778000-7d32bbf78000 rw-p 00000000 00:00 0 
7d32bbf78000-7d32bbf79000 ---p 00000000 00:00 0 
7d32bbf79000-7d32bc779000 rw-p 00000000 00:00 0 
7d32bc779000-7d32bc77a000 ---p 00000000 00:00 0 
7d32bc77a000-7d32bcf7a000 rw-p 00000000 00:00 0 
7d32bcf7a000-7d32bcf7b000 ---p 00000000 00:00 0 
7d32bcf7b000-7d32bd77b000 rw-p 00000000 00:00 0 
7d32bd77b000-7d32bd77c000 ---p 00000000 00:00 0 
7d32bd77c000-7d32bdf7c000 rw-p 00000000 00:00 0 
7d32bdf7c000-7d32bdf7d000 ---p 00000000 00:00 0 
7d32bdf7d000-7d32be77d000 rw-p 00000000 00:00 0 
7d32be77d000-7d32be77e000 ---p 00000000 00:00 0 
7d32be77e000-7d32bef7e000 rw-p 00000000 00:00 0 
7d32bef7e000-7d32bef7f000 ---p 00000000 00:00 0 
7d32bef7f000-7d32bf77f000 rw-p 00000000 00:00 0 
7d32bf77f000-7d32bf780000 ---p 00000000 00:00 0 
7d32bf780000-7d32bff80000 rw-p 00000000 00:00 0 
7d32bff80000-7d32bff81000 ---p 00000000 00:00 0 
7d32bff81000-7d32c0781000 rw-p 00000000 00:00 0 
7d32c0781000-7d32c0782000 ---p 00000000 00:00 0 
7d32c0782000-7d32c0f82000 rw-p 00000000 00:00 0 
7d32c0f82000-7d32c0f83000 ---p 00000000 00:00 0 
7d32c0f83000-7d32c1783000 rw-p 00000000 00:00 0 
7d32c1783000-7d32c1784000 ---p 00000000 00:00 0 
7d32c1784000-7d32c1f84000 rw-p 00000000 00:00 0 
7d32c1f84000-7d32c1f85000 ---p 00000000 00:00 0 
7d32c1f85000-7d32c2785000 rw-p 00000000 00:00 0 
7d32c2785000-7d32c2786000 ---p 00000000 00:00 0 
7d32c2786000-7d32c2f86000 rw-p 00000000 00:00 0 
7d32c2f86000-7d32c2f87000 ---p 00000000 00:00 0 
7d32c2f87000-7d32c3787000 rw-p 00000000 00:00 0 
7d32c3787000-7d32c3788000 ---p 00000000 00:00 0 
7d32c3788000-7d32c3f88000 rw-p 00000000 00:00 0 
7d32c3f88000-7d32c3f89000 ---p 00000000 00:00 0 
7d32c3f89000-7d32c4789000 rw-p 00000000 00:00 0 
7d32c4789000-7d32c478a000 ---p 00000000 00:00 0 
7d32c478a000-7d32c4f8a000 rw-p 00000000 00:00 0 
7d32c4f8a000-7d32c4f8b000 ---p 00000000 00:00 0 
7d32c4f8b000-7d32c578b000 rw-p 00000000 00:00 0 
7d32c578b000-7d32c578c000 ---p 00000000 00:00 0 
7d32c578c000-7d32c5f8c000 rw-p 00000000 00:00 0 
7d32c5f8c000-7d32c5f8d000 ---p 00000000 00:00 0 
7d32c5f8d000-7d32c678d000 rw-p 00000000 00:00 0 
7d32c678d000-7d32c678e000 ---p 00000000 00:00 0 
7d32c678e000-7d32c6f8e000 rw-p 00000000 00:00 0 
7d32c6f8e000-7d32c6f8f000 ---p 00000000 00:00 0 
7d32c6f8f000-7d32c778f000 rw-p 00000000 00:00 0 
7d32c778f000-7d32c7790000 ---p 00000000 00:00 0 
7d32c7790000-7d32c7f90000 rw-p 00000000 00:00 0 
7d32c7f90000-7d32c7f91000 ---p 00000000 00:00 0 
7d32c7f91000-7d32c8791000 rw-p 00000000 00:00 0 
7d32c8791000-7d32c8792000 ---p 00000000 00:00 0 
7d32c8792000-7d32c8f92000 rw-p 00000000 00:00 0 
7d32c8f92000-7d32c8f93000 ---p 00000000 00:00 0 
7d32c8f93000-7d32c9793000 rw-p 00000000 00:00 0 
7d32c9793000-7d32c9794000 ---p 00000000 00:00 0 
7d32c9794000-7d32c9f94000 rw-p 00000000 00:00 0 
7d32c9f94000-7d32c9f95000 ---p 00000000 00:00 0 
7d32c9f95000-7d32ca795000 rw-p 00000000 00:00 0 
7d32ca795000-7d32ca796000 ---p 00000000 00:00 0 
7d32ca796000-7d32caf96000 rw-p 00000000 00:00 0 
7d32caf96000-7d32caf97000 ---p 00000000 00:00 0 
7d32caf97000-7d32cb797000 rw-p 00000000 00:00 0 
7d32cb797000-7d32cb798000 ---p 00000000 00:00 0 
7d32cb798000-7d32cbf98000 rw-p 00000000 00:00 0 
7d32cbf98000-7d32cbf99000 ---p 00000000 00:00 0 
7d32cbf99000-7d32cc799000 rw-p 00000000 00:00 0 
7d32cc799000-7d32cc79a000 ---p 00000000 00:00 0 
7d32cc79a000-7d32ccf9a000 rw-p 00000000 00:00 0 
7d32ccf9a000-7d32ccf9b000 ---p 00000000 00:00 0 
7d32ccf9b000-7d32cd79b000 rw-p 00000000 00:00 0 
7d32cd79b000-7d32cd79c000 ---p 00000000 00:00 0 
7d32cd79c000-7d32cdf9c000 rw-p 00000000 00:00 0 
7d32cdf9c000-7d32cdf9d000 ---p 00000000 00:00 0 
7d32cdf9d000-7d32ce79d000 rw-p 00000000 00:00 0 
7d32ce79d000-7d32ce79e000 ---p 00000000 00:00 0 
7d32ce79e000-7d32cef9e000 rw-p 00000000 00:00 0 
7d32cef9e000-7d32cef9f000 ---p 00000000 00:00 0 
7d32cef9f000-7d32cf79f000 rw-p 00000000 00:00 0 
7d32cf79f000-7d32cf7a0000 ---p 00000000 00:00 0 
7d32cf7a0000-7d32cffa0000 rw-p 00000000 00:00 0 
7d32cffa0000-7d32cffa1000 ---p 00000000 00:00 0 
7d32cffa1000-7d32d07a1000 rw-p 00000000 00:00 0 
7d32d07a1000-7d32d07a2000 ---p 00000000 00:00 0 
7d32d07a2000-7d32d0fa2000 rw-p 00000000 00:00 0 
7d32d0fa2000-7d32d0fa3000 ---p 00000000 00:00 0 
7d32d0fa3000-7d32d17a3000 rw-p 00000000 00:00 0 
7d32d17a3000-7d32d17a4000 ---p 00000000 00:00 0 
7d32d17a4000-7d32d1fa4000 rw-p 00000000 00:00 0 
7d32d1fa4000-7d32d1fa5000 ---p 00000000 00:00 0 
7d32d1fa5000-7d32d27a5000 rw-p 00000000 00:00 0 
7d32d27a5000-7d32d27a6000 ---p 00000000 00:00 0 
7d32d27a6000-7d32d2fa6000 rw-p 00000000 00:00 0 
7d32d2fa6000-7d32d2fa7000 ---p 00000000 00:00 0 
7d32d2fa7000-7d32d37a7000 rw-p 00000000 00:00 0 
7d32d37a7000-7d32d37a8000 ---p 00000000 00:00 0 
7d32d37a8000-7d32d3fa8000 rw-p 00000000 00:00 0 
7d32d3fa8000-7d32d3fa9000 ---p 00000000 00:00 0 
7d32d3fa9000-7d32d47a9000 rw-p 00000000 00:00 0 
7d32d47a9000-7d32d47aa000 ---p 00000000 00:00 0 
7d32d47aa000-7d32d4faa000 rw-p 00000000 00:00 0 
7d32d4faa000-7d32d4fab000 ---p 00000000 00:00 0 
7d32d4fab000-7d32d57ab000 rw-p 00000000 00:00 0 
7d32d57ab000-7d32d57ac000 ---p 00000000 00:00 0 
7d32d57ac000-7d32d5fac000 rw-p 00000000 00:00 0 
7d32d5fac000-7d32d5fad000 ---p 00000000 00:00 0 
7d32d5fad000-7d32d67ad000 rw-p 00000000 00:00 0 
7d32d67ad000-7d32d67ae000 ---p 00000000 00:00 0 
7d32d67ae000-7d32d6fae000 rw-p 00000000 00:00 0 
7d32d6fae000-7d32d6faf000 ---p 00000000 00:00 0 
7d32d6faf000-7d32d77af000 rw-p 00000000 00:00 0 
7d32d77af000-7d32d77b0000 ---p 00000000 00:00 0 
7d32d77b0000-7d32d7fb0000 rw-p 00000000 00:00 0 
7d32d7fb0000-7d32d7fb1000 ---p 00000000 00:00 0 
7d32d7fb1000-7d32d87b1000 rw-p 00000000 00:00 0 
7d32d87b1000-7d32d87b2000 ---p 00000000 00:00 0 
7d32d87b2000-7d32d8fb2000 rw-p 00000000 00:00 0 
7d32d8fb2000-7d32d8fb3000 ---p 00000000 00:00 0 
7d32d8fb3000-7d32d97b3000 rw-p 00000000 00:00 0 
7d32d97b3000-7d32d97b4000 ---p 00000000 00:00 0 
7d32d97b4000-7d32d9fb4000 rw-p 00000000 00:00 0 
7d32d9fb4000-7d32d9fb5000 ---p 00000000 00:00 0 
7d32d9fb5000-7d32da7b5000 rw-p 00000000 00:00 0 
7d32da7b5000-7d32da7b6000 ---p 00000000 00:00 0 
7d32da7b6000-7d32dafb6000 rw-p 00000000 00:00 0 
7d32dafb6000-7d32dafb7000 ---p 00000000 00:00 0 
7d32dafb7000-7d32db7b7000 rw-p 00000000 00:00 0 
7d32db7b7000-7d32db7b8000 ---p 00000000 00:00 0 
7d32db7b8000-7d32dbfb8000 rw-p 00000000 00:00 0 
7d32dbfb8000-7d32dbfb9000 ---p 00000000 00:00 0 
7d32dbfb9000-7d32dc7b9000 rw-p 00000000 00:00 0 
7d32dc7b9000-7d32dc7ba000 ---p 00000000 00:00 0 
7d32dc7ba000-7d32dcfba000 rw-p 00000000 00:00 0 
7d32dcfba000-7d32dcfbb000 ---p 00000000 00:00 0 
7d32dcfbb000-7d32dd7bb000 rw-p 00000000 00:00 0 
7d32dd7bb000-7d32dd7bc000 ---p 00000000 00:00 0 
7d32dd7bc000-7d32ddfbc000 rw-p 00000000 00:00 0 
7d32ddfbc000-7d32ddfbd000 ---p 00000000 00:00 0 
7d32ddfbd000-7d32de7bd000 rw-p 00000000 00:00 0 
7d32de7bd000-7d32de7be000 ---p 00000000 00:00 0 
7d32de7be000-7d32defbe000 rw-p 00000000 00:00 0 
7d32defbe000-7d32defbf000 ---p 00000000 00:00 0 
7d32defbf000-7d32df7bf000 rw-p 00000000 00:00 0 
7d32df7bf000-7d32df7c0000 ---p 00000000 00:00 0 
7d32df7c0000-7d32dffc0000 rw-p 00000000 00:00 0 
7d32dffc0000-7d32dffc1000 ---p 00000000 00:00 0 
7d32dffc1000-7d32e07c1000 rw-p 00000000 00:00 0 
7d32e07c1000-7d32e07c2000 ---p 00000000 00:00 0 
7d32e07c2000-7d32e0fc2000 rw-p 00000000 00:00 0 
7d32e0fc2000-7d32e0fc3000 ---p 00000000 00:00 0 
7d32e0fc3000-7d32e17c3000 rw-p 00000000 00:00 0 
7d32e17c3000-7d32e17c4000 ---p 00000000 00:00 0 
7d32e17c4000-7d32e1fc4000 rw-p 00000000 00:00 0 
7d32e1fc4000-7d32e1fc5000 ---p 00000000 00:00 0 
7d32e1fc5000-7d32e27c5000 rw-p 00000000 00:00 0 
7d32e27c5000-7d32e27c6000 ---p 00000000 00:00 0 
7d32e27c6000-7d32e2fc6000 rw-p 00000000 00:00 0 
7d32e2fc6000-7d32e2fc7000 ---p 00000000 00:00 0 
7d32e2fc7000-7d32e37c7000 rw-p 00000000 00:00 0 
7d32e37c7000-7d32e37c8000 ---p 00000000 00:00 0 
7d32e37c8000-7d32e3fc8000 rw-p 00000000 00:00 0 
7d32e3fc8000-7d32e3fc9000 ---p 00000000 00:00 0 
7d32e3fc9000-7d32e47c9000 rw-p 00000000 00:00 0 
7d32e47c9000-7d32e47ca000 ---p 00000000 00:00 0 
7d32e47ca000-7d32e4fca000 rw-p 00000000 00:00 0 
7d32e4fca000-7d32e4fcb000 ---p 00000000 00:00 0 
7d32e4fcb000-7d32e57cb000 rw-p 00000000 00:00 0 
7d32e57cb000-7d32e57cc000 ---p 00000000 00:00 0 
7d32e57cc000-7d32e5fcc000 rw-p 00000000 00:00 0 
7d32e5fcc000-7d32e5fcd000 ---p 00000000 00:00 0 
7d32e5fcd000-7d32e67cd000 rw-p 00000000 00:00 0 
7d32e67cd000-7d32e67ce000 ---p 00000000 00:00 0 
7d32e67ce000-7d32e6fce000 rw-p 00000000 00:00 0 
7d32e6fce000-7d32e6fcf000 ---p 00000000 00:00 0 
7d32e6fcf000-7d32e77cf000 rw-p 00000000 00:00 0 
7d32e77cf000-7d32e77d0000 ---p 00000000 00:00 0 
7d32e77d0000-7d32e7fd0000 rw-p 00000000 00:00 0 
7d32e7fd0000-7d32e7fd1000 ---p 00000000 00:00 0 
7d32e7fd1000-7d32e87d1000 rw-p 00000000 00:00 0 
7d32e87d1000-7d32e87d2000 ---p 00000000 00:00 0 
7d32e87d2000-7d32e8fd2000 rw-p 00000000 00:00 0 
7d32e8fd2000-7d32e8fd3000 ---p 00000000 00:00 0 
7d32e8fd3000-7d32e97d3000 rw-p 00000000 00:00 0 
7d32e97d3000-7d32e97d4000 ---p 00000000 00:00 0 
7d32e97d4000-7d32e9fd4000 rw-p 00000000 00:00 0 
7d32e9fd4000-7d32e9fd5000 ---p 00000000 00:00 0 
7d32e9fd5000-7d32ea7d5000 rw-p 00000000 00:00 0 
7d32ea7d5000-7d32ea7d6000 ---p 00000000 00:00 0 
7d32ea7d6000-7d32eafd6000 rw-p 00000000 00:00 0 
7d32eafd6000-7d32eafd7000 ---p 00000000 00:00 0 
7d32eafd7000-7d32eb7d7000 rw-p 00000000 00:00 0 
7d32eb7d7000-7d32eb7d8000 ---p 00000000 00:00 0 
7d32eb7d8000-7d32ebfd8000 rw-p 00000000 00:00 0 
7d32ebfd8000-7d32ebfd9000 ---p 00000000 00:00 0 
7d32ebfd9000-7d32ec7d9000 rw-p 00000000 00:00 0 
7d32ec7d9000-7d32ec7da000 ---p 00000000 00:00 0 
7d32ec7da000-7d32ecfda000 rw-p 00000000 00:00 0 
7d32ecfda000-7d32ecfdb000 ---p 00000000 00:00 0 
7d32ecfdb000-7d32ed7db000 rw-p 00000000 00:00 0 
7d32ed7db000-7d32ed7dc000 ---p 00000000 00:00 0 
7d32ed7dc000-7d32edfdc000 rw-p 00000000 00:00 0 
7d32edfdc000-7d32edfdd000 ---p 00000000 00:00 0 
7d32edfdd000-7d32ee7dd000 rw-p 00000000 00:00 0 
7d32ee7dd000-7d32ee7de000 ---p 00000000 00:00 0 
7d32ee7de000-7d32eefde000 rw-p 00000000 00:00 0 
7d32eefde000-7d32eefdf000 ---p 00000000 00:00 0 
7d32eefdf000-7d32ef7df000 rw-p 00000000 00:00 0 
7d32ef7df000-7d32ef7e0000 ---p 00000000 00:00 0 
7d32ef7e0000-7d32effe0000 rw-p 00000000 00:00 0 
7d32effe0000-7d32effe1000 ---p 00000000 00:00 0 
7d32effe1000-7d32f07e1000 rw-p 00000000 00:00 0 
7d32f07e1000-7d32f07e2000 ---p 00000000 00:00 0 
7d32f07e2000-7d32f0fe2000 rw-p 00000000 00:00 0 
7d32f0fe2000-7d32f0fe3000 ---p 00000000 00:00 0 
7d32f0fe3000-7d32f17e3000 rw-p 00000000 00:00 0 
7d32f17e3000-7d32f17e4000 ---p 00000000 00:00 0 
7d32f17e4000-7d32f1fe4000 rw-p 00000000 00:00 0 
7d32f1fe4000-7d32f1fe5000 ---p 00000000 00:00 0 
7d32f1fe5000-7d32f27e5000 rw-p 00000000 00:00 0 
7d32f27e5000-7d32f27e6000 ---p 00000000 00:00 0 
7d32f27e6000-7d32f2fe6000 rw-p 00000000 00:00 0 
7d32f2fe6000-7d32f2fe7000 ---p 00000000 00:00 0 
7d32f2fe7000-7d32f37e7000 rw-p 00000000 00:00 0 
7d32f37e7000-7d32f37e8000 ---p 00000000 00:00 0 
7d32f37e8000-7d32f3fe8000 rw-p 00000000 00:00 0 
7d32f3fe8000-7d32f3fe9000 ---p 00000000 00:00 0 
7d32f3fe9000-7d32f47e9000 rw-p 00000000 00:00 0 
7d32f47e9000-7d32f47ea000 ---p 00000000 00:00 0 
7d32f47ea000-7d32f4fea000 rw-p 00000000 00:00 0 
7d32f4fea000-7d32f4feb000 ---p 00000000 00:00 0 
7d32f4feb000-7d32f57eb000 rw-p 00000000 00:00 0 
7d32f57eb000-7d32f57ec000 ---p 00000000 00:00 0 
7d32f57ec000-7d32f5fec000 rw-p 00000000 00:00 0 
7d32f5fec000-7d32f5fed000 ---p 00000000 00:00 0 
7d32f5fed000-7d32f67ed000 rw-p 00000000 00:00 0 
7d32f67ed000-7d32f67ee000 ---p 00000000 00:00 0 
7d32f67ee000-7d32f6fee000 rw-p 00000000 00:00 0 
7d32f6fee000-7d32f6fef000 ---p 00000000 00:00 0 
7d32f6fef000-7d32f77ef000 rw-p 00000000 00:00 0 
7d32f77ef000-7d32f77f0000 ---p 00000000 00:00 0 
7d32f77f0000-7d32f7ff0000 rw-p 00000000 00:00 0 
7d32f7ff0000-7d32f7ff1000 ---p 00000000 00:00 0 
7d32f7ff1000-7d32f87f1000 rw-p 00000000 00:00 0 
7d32f87f1000-7d32f87f2000 ---p 00000000 00:00 0 
7d32f87f2000-7d32f8ff2000 rw-p 00000000 00:00 0 
7d32f8ff2000-7d32f8ff3000 ---p 00000000 00:00 0 
7d32f8ff3000-7d32f97f3000 rw-p 00000000 00:00 0 
7d32f97f3000-7d32f97f4000 ---p 00000000 00:00 0 
7d32f97f4000-7d32f9ff4000 rw-p 00000000 00:00 0 
7d32f9ff4000-7d32f9ff5000 ---p 00000000 00:00 0 
7d32f9ff5000-7d32fa7f5000 rw-p 00000000 00:00 0 
7d32fa7f5000-7d32fa7f6000 ---p 00000000 00:00 0 
7d32fa7f6000-7d32faff6000 rw-p 00000000 00:00 0 
7d32faff6000-7d32faff7000 ---p 00000000 00:00 0 
7d32faff7000-7d32fb7f7000 rw-p 00000000 00:00 0 
7d32fb7f7000-7d32fb7f8000 ---p 00000000 00:00 0 
7d32fb7f8000-7d32fbff8000 rw-p 00000000 00:00 0 
7d32fbff8000-7d32fbff9000 ---p 00000000 00:00 0 
7d32fbff9000-7d32fc7f9000 rw-p 00000000 00:00 0 
7d32fc7f9000-7d32fc7fa000 ---p 00000000 00:00 0 
7d32fc7fa000-7d32fcffa000 rw-p 00000000 00:00 0 
7d32fcffa000-7d32fcffb000 ---p 00000000 00:00 0 
7d32fcffb000-7d32fd7fb000 rw-p 00000000 00:00 0 
7d32fd7fb000-7d32fd7fc000 ---p 00000000 00:00 0 
7d32fd7fc000-7d32fdffc000 rw-p 00000000 00:00 0 
7d32fdffc000-7d32fdffd000 ---p 00000000 00:00 0 
7d32fdffd000-7d32fe7fd000 rw-p 00000000 00:00 0 
7d32fe7fd000-7d32fe7fe000 ---p 00000000 00:00 0 
7d32fe7fe000-7d32feffe000 rw-p 00000000 00:00 0 
7d32feffe000-7d32fefff000 ---p 00000000 00:00 0 
7d32fefff000-7d32ff7ff000 rw-p 00000000 00:00 0 
7d32ff7ff000-7d32ff800000 ---p 00000000 00:00 0 
7d32ff800000-7d3300000000 rw-p 00000000 00:00 0 
7d3300000000-7d330006c000 rw-p 00000000 00:00 0 
7d330006c000-7d3304000000 ---p 00000000 00:00 0 
7d33047f9000-7d33047fa000 ---p 00000000 00:00 0 
7d33047fa000-7d3304ffa000 rw-p 00000000 00:00 0 
7d3304ffa000-7d3304ffb000 ---p 00000000 00:00 0 
7d3304ffb000-7d33057fb000 rw-p 00000000 00:00 0 
7d33057fb000-7d33057fc000 ---p 00000000 00:00 0 
7d33057fc000-7d3305ffc000 rw-p 00000000 00:00 0 
7d3305ffc000-7d3305ffd000 ---p 00000000 00:00 0 
7d3305ffd000-7d33067fd000 rw-p 00000000 00:00 0 
7d33067fd000-7d33067fe000 ---p 00000000 00:00 0 
7d33067fe000-7d3306ffe000 rw-p 00000000 00:00 0 
7d3306ffe000-7d3306fff000 ---p 00000000 00:00 0 
7d3306fff000-7d33077ff000 rw-p 00000000 00:00 0 
7d33077ff000-7d3307800000 ---p 00000000 00:00 0 
7d3307800000-7d3308000000 rw-p 00000000 00:00 0 
7d3308000000-7d330806c000 rw-p 00000000 00:00 0 
7d330806c000-7d330c000000 ---p 00000000 00:00 0 
7d330c000000-7d330c0d6000 rw-p 00000000 00:00 0 
7d330c0d6000-7d3310000000 ---p 00000000 00:00 0 
7d3310000000-7d3310212000 rw-p 00000000 00:00 0 
7d3310212000-7d3314000000 ---p 00000000 00:00 0 
7d33147f9000-7d33147fa000 ---p 00000000 00:00 0 
7d33147fa000-7d3314ffa000 rw-p 00000000 00:00 0 
7d3314ffa000-7d3314ffb000 ---p 00000000 00:00 0 
7d3314ffb000-7d33157fb000 rw-p 00000000 00:00 0 
7d33157fb000-7d33157fc000 ---p 00000000 00:00 0 
7d33157fc000-7d3315ffc000 rw-p 00000000 00:00 0 
7d3315ffc000-7d3315ffd000 ---p 00000000 00:00 0 
7d3315ffd000-7d33167fd000 rw-p 00000000 00:00 0 
7d33167fd000-7d33167fe000 ---p 00000000 00:00 0 
7d33167fe000-7d3316ffe000 rw-p 00000000 00:00 0 
7d3316ffe000-7d3316fff000 ---p 00000000 00:00 0 
7d3316fff000-7d33177ff000 rw-p 00000000 00:00 0 
7d33177ff000-7d3317800000 ---p 00000000 00:00 0 
7d3317800000-7d3318000000 rw-p 00000000 00:00 0 
7d3318000000-7d331806f000 rw-p 00000000 00:00 0 
7d331806f000-7d331c000000 ---p 00000000 00:00 0 
7d331c7f9000-7d331c7fa000 ---p 00000000 00:00 0 
7d331c7fa000-7d331cffa000 rw-p 00000000 00:00 0 
7d331cffa000-7d331cffb000 ---p 00000000 00:00 0 
7d331cffb000-7d331d7fb000 rw-p 00000000 00:00 0 
7d331d7fb000-7d331d7fc000 ---p 00000000 00:00 0 
7d331d7fc000-7d331dffc000 rw-p 00000000 00:00 0 
7d331dffc000-7d331dffd000 ---p 00000000 00:00 0 
7d331dffd000-7d331e7fd000 rw-p 00000000 00:00 0 
7d331e7fd000-7d331e7fe000 ---p 00000000 00:00 0 
7d331e7fe000-7d331effe000 rw-p 00000000 00:00 0 
7d331effe000-7d331efff000 ---p 00000000 00:00 0 
7d331efff000-7d331f7ff000 rw-p 00000000 00:00 0 
7d331f7ff000-7d331f800000 ---p 00000000 00:00 0 
7d331f800000-7d3320000000 rw-p 00000000 00:00 0 
7d3320000000-7d33204b3000 rw-p 00000000 00:00 0 
7d33204b3000-7d3324000000 ---p 00000000 00:00 0 
7d3324000000-7d332406d000 rw-p 00000000 00:00 0 
7d332406d000-7d3328000000 ---p 00000000 00:00 0 
7d3328000000-7d332806c000 rw-p 00000000 00:00 0 
7d332806c000-7d332c000000 ---p 00000000 00:00 0 
7d332c000000-7d332c13f000 rw-p 00000000 00:00 0 
7d332c13f000-7d3330000000 ---p 00000000 00:00 0 
7d3330000000-7d3330021000 rw-p 00000000 00:00 0 
7d3330021000-7d3334000000 ---p 00000000 00:00 0 
7d3334000000-7d333444b000 rw-p 00000000 00:00 0 
7d333444b000-7d3338000000 ---p 00000000 00:00 0 
7d33387f9000-7d33387fa000 ---p 00000000 00:00 0 
7d33387fa000-7d3338ffa000 rw-p 00000000 00:00 0 
7d3338ffa000-7d3338ffb000 ---p 00000000 00:00 0 
7d3338ffb000-7d33397fb000 rw-p 00000000 00:00 0 
7d33397fb000-7d33397fc000 ---p 00000000 00:00 0 
7d33397fc000-7d3339ffc000 rw-p 00000000 00:00 0 
7d3339ffc000-7d3339ffd000 ---p 00000000 00:00 0 
7d3339ffd000-7d333a7fd000 rw-p 00000000 00:00 0 
7d333a7fd000-7d333a7fe000 ---p 00000000 00:00 0 
7d333a7fe000-7d333affe000 rw-p 00000000 00:00 0 
7d333affe000-7d333afff000 ---p 00000000 00:00 0 
7d333afff000-7d333b7ff000 rw-p 00000000 00:00 0 
7d333b7ff000-7d333b800000 ---p 00000000 00:00 0 
7d333b800000-7d333c000000 rw-p 00000000 00:00 0 
7d333c000000-7d333c021000 rw-p 00000000 00:00 0 
7d333c021000-7d3340000000 ---p 00000000 00:00 0 
7d3340000000-7d334013f000 rw-p 00000000 00:00 0 
7d334013f000-7d3344000000 ---p 00000000 00:00 0 
7d3344000000-7d334406c000 rw-p 00000000 00:00 0 
7d334406c000-7d3348000000 ---p 00000000 00:00 0 
7d3348000000-7d3348522000 rw-p 00000000 00:00 0 
7d3348522000-7d334c000000 ---p 00000000 00:00 0 
7d334c000000-7d334c524000 rw-p 00000000 00:00 0 
7d334c524000-7d3350000000 ---p 00000000 00:00 0 
7d3350000000-7d33503df000 rw-p 00000000 00:00 0 
7d33503df000-7d3354000000 ---p 00000000 00:00 0 
7d33547f9000-7d33547fa000 ---p 00000000 00:00 0 
7d33547fa000-7d3354ffa000 rw-p 00000000 00:00 0 
7d3354ffa000-7d3354ffb000 ---p 00000000 00:00 0 
7d3354ffb000-7d33557fb000 rw-p 00000000 00:00 0 
7d33557fb000-7d33557fc000 ---p 00000000 00:00 0 
7d33557fc000-7d3355ffc000 rw-p 00000000 00:00 0 
7d3355ffc000-7d3355ffd000 ---p 00000000 00:00 0 
7d3355ffd000-7d33567fd000 rw-p 00000000 00:00 0 
7d33567fd000-7d33567fe000 ---p 00000000 00:00 0 
7d33567fe000-7d3356ffe000 rw-p 00000000 00:00 0 
7d3356ffe000-7d3356fff000 ---p 00000000 00:00 0 
7d3356fff000-7d33577ff000 rw-p 00000000 00:00 0 
7d33577ff000-7d3357800000 ---p 00000000 00:00 0 
7d3357800000-7d3358000000 rw-p 00000000 00:00 0 
7d3358000000-7d3358021000 rw-p 00000000 00:00 0 
7d3358021000-7d335c000000 ---p 00000000 00:00 0 
7d335c000000-7d335c0d6000 rw-p 00000000 00:00 0 
7d335c0d6000-7d3360000000 ---p 00000000 00:00 0 
7d3360000000-7d33600d6000 rw-p 00000000 00:00 0 
7d33600d6000-7d3364000000 ---p 00000000 00:00 0 
7d33647f9000-7d33647fa000 ---p 00000000 00:00 0 
7d33647fa000-7d3364ffa000 rw-p 00000000 00:00 0 
7d3364ffa000-7d3364ffb000 ---p 00000000 00:00 0 
7d3364ffb000-7d33657fb000 rw-p 00000000 00:00 0 
7d33657fb000-7d33657fc000 ---p 00000000 00:00 0 
7d33657fc000-7d3365ffc000 rw-p 00000000 00:00 0 
7d3365ffc000-7d3365ffd000 ---p 00000000 00:00 0 
7d3365ffd000-7d33667fd000 rw-p 00000000 00:00 0 
7d33667fd000-7d33667fe000 ---p 00000000 00:00 0 
7d33667fe000-7d3366ffe000 rw-p 00000000 00:00 0 
7d3366ffe000-7d3366fff000 ---p 00000000 00:00 0 
7d3366fff000-7d33677ff000 rw-p 00000000 00:00 0 
7d33677ff000-7d3367800000 ---p 00000000 00:00 0 
7d3367800000-7d3368000000 rw-p 00000000 00:00 0 
7d3368000000-7d336852c000 rw-p 00000000 00:00 0 
7d336852c000-7d336c000000 ---p 00000000 00:00 0 
7d336c000000-7d336c06c000 rw-p 00000000 00:00 0 
7d336c06c000-7d3370000000 ---p 00000000 00:00 0 
7d3370000000-7d3370a2b000 rw-p 00000000 00:00 0 
7d3370a2b000-7d3374000000 ---p 00000000 00:00 0 
7d3374000000-7d337440e000 rw-p 00000000 00:00 0 
7d337440e000-7d3378000000 ---p 00000000 00:00 0 
7d3378000000-7d3379098000 rw-p 00000000 00:00 0 
7d3379098000-7d337c000000 ---p 00000000 00:00 0 
7d337c000000-7d337c647000 rw-p 00000000 00:00 0 
7d337c647000-7d3380000000 ---p 00000000 00:00 0 
7d3380000000-7d33800db000 rw-p 00000000 00:00 0 
7d33800db000-7d3384000000 ---p 00000000 00:00 0 
7d3384000000-7d33840dc000 rw-p 00000000 00:00 0 
7d33840dc000-7d3388000000 ---p 00000000 00:00 0 
7d3388000000-7d3390000000 rw-s 00000000 00:01 2129926                    /SYSV00000000 (deleted)
7d3390000000-7d339006d000 rw-p 00000000 00:00 0 
7d339006d000-7d3394000000 ---p 00000000 00:00 0 
7d3394000000-7d339406c000 rw-p 00000000 00:00 0 
7d339406c000-7d3398000000 ---p 00000000 00:00 0 
7d3398000000-7d33980d5000 rw-p 00000000 00:00 0 
7d33980d5000-7d339c000000 ---p 00000000 00:00 0 
7d339c000000-7d339c39b000 rw-p 00000000 00:00 0 
7d339c39b000-7d33a0000000 ---p 00000000 00:00 0 
7d33a0000000-7d33a0021000 rw-p 00000000 00:00 0 
7d33a0021000-7d33a4000000 ---p 00000000 00:00 0 
7d33a47f9000-7d33a47fa000 ---p 00000000 00:00 0 
7d33a47fa000-7d33a4ffa000 rw-p 00000000 00:00 0 
7d33a4ffa000-7d33a4ffb000 ---p 00000000 00:00 0 
7d33a4ffb000-7d33a57fb000 rw-p 00000000 00:00 0 
7d33a57fb000-7d33a57fc000 ---p 00000000 00:00 0 
7d33a57fc000-7d33a5ffc000 rw-p 00000000 00:00 0 
7d33a5ffc000-7d33a5ffd000 ---p 00000000 00:00 0 
7d33a5ffd000-7d33a67fd000 rw-p 00000000 00:00 0 
7d33a67fd000-7d33a67fe000 ---p 00000000 00:00 0 
7d33a67fe000-7d33a6ffe000 rw-p 00000000 00:00 0 
7d33a6ffe000-7d33a6fff000 ---p 00000000 00:00 0 
7d33a6fff000-7d33a77ff000 rw-p 00000000 00:00 0 
7d33a77ff000-7d33a7800000 ---p 00000000 00:00 0 
7d33a7800000-7d33a8000000 rw-p 00000000 00:00 0 
7d33a8000000-7d33a806c000 rw-p 00000000 00:00 0 
7d33a806c000-7d33ac000000 ---p 00000000 00:00 0 
7d33ac000000-7d33ac596000 rw-p 00000000 00:00 0 
7d33ac596000-7d33b0000000 ---p 00000000 00:00 0 
7d33b0000000-7d33b0389000 rw-p 00000000 00:00 0 
7d33b0389000-7d33b4000000 ---p 00000000 00:00 0 
7d33b4000000-7d33b40d6000 rw-p 00000000 00:00 0 
7d33b40d6000-7d33b8000000 ---p 00000000 00:00 0 
7d33b8000000-7d33b806c000 rw-p 00000000 00:00 0 
7d33b806c000-7d33bc000000 ---p 00000000 00:00 0 
7d33bc000000-7d33bc06c000 rw-p 00000000 00:00 0 
7d33bc06c000-7d33c0000000 ---p 00000000 00:00 0 
7d33c0000000-7d33c03e0000 rw-p 00000000 00:00 0 
7d33c03e0000-7d33c4000000 ---p 00000000 00:00 0 
7d33c4000000-7d33c40d5000 rw-p 00000000 00:00 0 
7d33c40d5000-7d33c8000000 ---p 00000000 00:00 0 
7d33c83f9000-7d33c87f9000 rw-s 14c73a000 00:05 1142                      /dev/dri/renderD128
7d33c87f9000-7d33c87fa000 ---p 00000000 00:00 0 
7d33c87fa000-7d33c8ffa000 rw-p 00000000 00:00 0 
7d33c8ffa000-7d33c8ffb000 ---p 00000000 00:00 0 
7d33c8ffb000-7d33c97fb000 rw-p 00000000 00:00 0 
7d33c97fb000-7d33c97fc000 ---p 00000000 00:00 0 
7d33c97fc000-7d33c9ffc000 rw-p 00000000 00:00 0 
7d33c9ffc000-7d33c9ffd000 ---p 00000000 00:00 0 
7d33c9ffd000-7d33ca7fd000 rw-p 00000000 00:00 0 
7d33ca7fd000-7d33ca7fe000 ---p 00000000 00:00 0 
7d33ca7fe000-7d33caffe000 rw-p 00000000 00:00 0 
7d33caffe000-7d33cafff000 ---p 00000000 00:00 0 
7d33cafff000-7d33cb7ff000 rw-p 00000000 00:00 0 
7d33cb7ff000-7d33cb800000 ---p 00000000 00:00 0 
7d33cb800000-7d33cc000000 rw-p 00000000 00:00 0 
7d33cc000000-7d33cc06c000 rw-p 00000000 00:00 0 
7d33cc06c000-7d33d0000000 ---p 00000000 00:00 0 
7d33d0000000-7d33d055a000 rw-p 00000000 00:00 0 
7d33d055a000-7d33d4000000 ---p 00000000 00:00 0 
7d33d4000000-7d33d4021000 rw-p 00000000 00:00 0 
7d33d4021000-7d33d8000000 ---p 00000000 00:00 0 
7d33d8000000-7d33d8140000 rw-p 00000000 00:00 0 
7d33d8140000-7d33dc000000 ---p 00000000 00:00 0 
7d33dc3dd000-7d33dc5f9000 rw-s 15d771000 00:05 1142                      /dev/dri/renderD128
7d33dc7f9000-7d33dc7fa000 ---p 00000000 00:00 0 
7d33dc7fa000-7d33dcffa000 rw-p 00000000 00:00 0 
7d33dcffa000-7d33dcffb000 ---p 00000000 00:00 0 
7d33dcffb000-7d33dd7fb000 rw-p 00000000 00:00 0 
7d33dd7fb000-7d33dd7fc000 ---p 00000000 00:00 0 
7d33dd7fc000-7d33ddffc000 rw-p 00000000 00:00 0 
7d33ddffc000-7d33ddffd000 ---p 00000000 00:00 0 
7d33ddffd000-7d33de7fd000 rw-p 00000000 00:00 0 
7d33de7fd000-7d33de7fe000 ---p 00000000 00:00 0 
7d33de7fe000-7d33deffe000 rw-p 00000000 00:00 0 
7d33deffe000-7d33defff000 ---p 00000000 00:00 0 
7d33defff000-7d33df7ff000 rw-p 00000000 00:00 0 
7d33df7ff000-7d33df800000 ---p 00000000 00:00 0 
7d33df800000-7d33e0000000 rw-p 00000000 00:00 0 
7d33e0000000-7d33e006d000 rw-p 00000000 00:00 0 
7d33e006d000-7d33e4000000 ---p 00000000 00:00 0 
7d33e4000000-7d33e40d5000 rw-p 00000000 00:00 0 
7d33e40d5000-7d33e8000000 ---p 00000000 00:00 0 
7d33e8000000-7d33e8294000 rw-p 00000000 00:00 0 
7d33e8294000-7d33ec000000 ---p 00000000 00:00 0 
7d33ec000000-7d33ec071000 rw-p 00000000 00:00 0 
7d33ec071000-7d33f0000000 ---p 00000000 00:00 0 
7d33f0000000-7d33f00d6000 rw-p 00000000 00:00 0 
7d33f00d6000-7d33f4000000 ---p 00000000 00:00 0 
7d33f4000000-7d33f406c000 rw-p 00000000 00:00 0 
7d33f406c000-7d33f8000000 ---p 00000000 00:00 0 
7d33f8000000-7d33f8256000 rw-p 00000000 00:00 0 
7d33f8256000-7d33fc000000 ---p 00000000 00:00 0 
7d33fc000000-7d33fc068000 rw-p 00000000 00:00 0 
7d33fc068000-7d3400000000 ---p 00000000 00:00 0 
7d3400000000-7d3400b9c000 rw-p 00000000 00:00 0 
7d3400b9c000-7d3404000000 ---p 00000000 00:00 0 
7d3404000000-7d34046e5000 rw-p 00000000 00:00 0 
7d34046e5000-7d3408000000 ---p 00000000 00:00 0 
7d3408000000-7d340806e000 rw-p 00000000 00:00 0 
7d340806e000-7d340c000000 ---p 00000000 00:00 0 
7d340c000000-7d340c7f4000 rw-p 00000000 00:00 0 
7d340c7f4000-7d3410000000 ---p 00000000 00:00 0 
7d3410000000-7d3410021000 rw-p 00000000 00:00 0 
7d3410021000-7d3414000000 ---p 00000000 00:00 0 
7d3414000000-7d34140d6000 rw-p 00000000 00:00 0 
7d34140d6000-7d3418000000 ---p 00000000 00:00 0 
7d3418000000-7d34183d5000 rw-p 00000000 00:00 0 
7d34183d5000-7d341c000000 ---p 00000000 00:00 0 
7d341c000000-7d341c5a3000 rw-p 00000000 00:00 0 
7d341c5a3000-7d3420000000 ---p 00000000 00:00 0 
7d3420000000-7d342006c000 rw-p 00000000 00:00 0 
7d342006c000-7d3424000000 ---p 00000000 00:00 0 
7d34247f8000-7d34247f9000 ---p 00000000 00:00 0 
7d34247f9000-7d3424ff9000 rw-p 00000000 00:00 0 
7d3424ff9000-7d3424ffa000 ---p 00000000 00:00 0 
7d3424ffa000-7d34257fa000 rw-p 00000000 00:00 0 
7d34257fa000-7d34257fb000 ---p 00000000 00:00 0 
7d34257fb000-7d3425ffb000 rw-p 00000000 00:00 0 
7d3425ffb000-7d3425ffc000 ---p 00000000 00:00 0 
7d3425ffc000-7d34267fc000 rw-p 00000000 00:00 0 
7d34267fc000-7d34267fd000 ---p 00000000 00:00 0 
7d34267fd000-7d3426ffd000 rw-p 00000000 00:00 0 
7d3426ffd000-7d3426ffe000 ---p 00000000 00:00 0 
7d3426ffe000-7d34277fe000 rw-p 00000000 00:00 0 
7d34277fe000-7d34277ff000 ---p 00000000 00:00 0 
7d34277ff000-7d3427fff000 rw-p 00000000 00:00 0 
7d3427fff000-7d3428000000 ---p 00000000 00:00 0 
7d3428000000-7d3428800000 rw-p 00000000 00:00 0 
7d3428800000-7d342baec000 r-xp 00000000 08:02 21889047                   /tmp/opencv_openpnp4190162784643686728/nu/pattern/opencv/linux/x86_64/libopencv_java451.so
7d342baec000-7d342bceb000 ---p 032ec000 08:02 21889047                   /tmp/opencv_openpnp4190162784643686728/nu/pattern/opencv/linux/x86_64/libopencv_java451.so
7d342bceb000-7d342bd53000 r--p 032eb000 08:02 21889047                   /tmp/opencv_openpnp4190162784643686728/nu/pattern/opencv/linux/x86_64/libopencv_java451.so
7d342bd53000-7d342bd78000 rw-p 03353000 08:02 21889047                   /tmp/opencv_openpnp4190162784643686728/nu/pattern/opencv/linux/x86_64/libopencv_java451.so
7d342bd78000-7d342be8b000 rw-p 00000000 00:00 0 
7d342bee5000-7d342beee000 rw-s 00000000 00:01 160924                     /memfd:pipewire-memfd:flags=0x0000000f,type=2,size=32832 (deleted)
7d342beee000-7d342bef7000 rw-s 00000000 00:01 160923                     /memfd:pipewire-memfd:flags=0x0000000f,type=2,size=32832 (deleted)
7d342bef7000-7d342bf00000 rw-s 00000000 00:01 155482                     /memfd:pipewire-memfd:flags=0x0000000f,type=2,size=32832 (deleted)
7d342bf00000-7d342bf04000 ---p 00000000 00:00 0 
7d342bf04000-7d342c000000 rw-p 00000000 00:00 0 
7d342c000000-7d342c0ad000 rw-p 00000000 00:00 0 
7d342c0ad000-7d3430000000 ---p 00000000 00:00 0 
7d3430000000-7d3430001000 rw-s 00000000 00:01 158108                     /memfd:pipewire-memfd:flags=0x0000000f,type=2,size=2312 (deleted)
7d3430001000-7d3430002000 rw-s 00000000 00:01 160922                     /memfd:pipewire-memfd:flags=0x0000000f,type=2,size=4096 (deleted)
7d3430002000-7d3430003000 rw-s 00000000 00:01 20680                      /memfd:pipewire-memfd:flags=0x0000000f,type=2,size=2312 (deleted)
7d3430003000-7d3430004000 rw-s 00000000 00:01 160921                     /memfd:pipewire-memfd:flags=0x0000000f,type=2,size=2312 (deleted)
7d3430004000-7d3430005000 rw-s 00000000 00:01 158996                     /memfd:pipewire-memfd:flags=0x0000000f,type=2,size=2312 (deleted)
7d3430005000-7d3430006000 rw-s 00000000 00:01 155480                     /memfd:pipewire-memfd:flags=0x0000000f,type=2,size=4096 (deleted)
7d3430006000-7d343000f000 rw-s 00000000 00:01 155481                     /memfd:pipewire-memfd:flags=0x0000000f,type=2,size=32832 (deleted)
7d343000f000-7d3430010000 rw-s 00000000 00:01 20680                      /memfd:pipewire-memfd:flags=0x0000000f,type=2,size=2312 (deleted)
7d3430010000-7d3430011000 rw-s 00000000 00:01 155479                     /memfd:pipewire-memfd:flags=0x0000000f,type=2,size=2312 (deleted)
7d3430011000-7d3430012000 rw-s 00000000 00:01 146212                     /memfd:pipewire-memfd:flags=0x0000000f,type=2,size=2312 (deleted)
7d3430012000-7d3430013000 rw-s 00000000 00:01 154573                     /memfd:pipewire-memfd:flags=0x0000000f,type=2,size=4096 (deleted)
7d3430013000-7d343001c000 rw-s 00000000 00:01 155478                     /memfd:pipewire-memfd:flags=0x0000000f,type=2,size=32832 (deleted)
7d343001c000-7d3430025000 rw-s 00000000 00:01 155477                     /memfd:pipewire-memfd:flags=0x0000000f,type=2,size=32832 (deleted)
7d3430025000-7d3430026000 rw-s 00000000 00:01 20680                      /memfd:pipewire-memfd:flags=0x0000000f,type=2,size=2312 (deleted)
7d3430026000-7d3430027000 rw-s 00000000 00:01 154572                     /memfd:pipewire-memfd:flags=0x0000000f,type=2,size=2312 (deleted)
7d3430027000-7d3430028000 rw-s 00000000 00:01 162816                     /memfd:pipewire-memfd:flags=0x0000000f,type=2,size=2312 (deleted)
7d3430028000-7d3430029000 rw-s 00000000 00:01 152375                     /memfd:pipewire-memfd:flags=0x0000000f,type=2,size=4096 (deleted)
7d3430029000-7d3430032000 rw-s 00000000 00:01 154571                     /memfd:pipewire-memfd:flags=0x0000000f,type=2,size=32832 (deleted)
7d3430032000-7d343003b000 rw-s 00000000 00:01 154570                     /memfd:pipewire-memfd:flags=0x0000000f,type=2,size=32832 (deleted)
7d343003b000-7d343003c000 rw-s 00000000 00:01 20680                      /memfd:pipewire-memfd:flags=0x0000000f,type=2,size=2312 (deleted)
7d343003c000-7d343003d000 rw-s 00000000 00:01 152374                     /memfd:pipewire-memfd:flags=0x0000000f,type=2,size=2312 (deleted)
7d343003d000-7d343003e000 rw-s 00000000 00:01 145407                     /memfd:pipewire-memfd:flags=0x0000000f,type=2,size=2312 (deleted)
7d343003e000-7d343003f000 rw-s 00000000 00:01 146211                     /memfd:pipewire-memfd:flags=0x0000000f,type=2,size=4096 (deleted)
7d343003f000-7d3430048000 rw-s 00000000 00:01 152373                     /memfd:pipewire-memfd:flags=0x0000000f,type=2,size=32832 (deleted)
7d3430048000-7d3430051000 rw-s 00000000 00:01 152372                     /memfd:pipewire-memfd:flags=0x0000000f,type=2,size=32832 (deleted)
7d3430051000-7d3430052000 rw-s 00000000 00:01 20680                      /memfd:pipewire-memfd:flags=0x0000000f,type=2,size=2312 (deleted)
7d3430052000-7d3430053000 rw-s 00000000 00:01 146210                     /memfd:pipewire-memfd:flags=0x0000000f,type=2,size=2312 (deleted)
7d3430053000-7d3430054000 rw-s 00000000 00:01 153141                     /memfd:pipewire-memfd:flags=0x0000000f,type=2,size=2312 (deleted)
7d3430054000-7d3430055000 rw-s 00000000 00:01 155474                     /memfd:pipewire-memfd:flags=0x0000000f,type=2,size=4096 (deleted)
7d3430055000-7d343005e000 rw-s 00000000 00:01 155476                     /memfd:pipewire-memfd:flags=0x0000000f,type=2,size=32832 (deleted)
7d343005e000-7d3430067000 rw-s 00000000 00:01 155475                     /memfd:pipewire-memfd:flags=0x0000000f,type=2,size=32832 (deleted)
7d3430067000-7d3430068000 rw-s 00000000 00:01 20680                      /memfd:pipewire-memfd:flags=0x0000000f,type=2,size=2312 (deleted)
7d3430068000-7d3430069000 rw-s 00000000 00:01 155473                     /memfd:pipewire-memfd:flags=0x0000000f,type=2,size=2312 (deleted)
7d3430069000-7d343006a000 rw-s 00000000 00:01 152371                     /memfd:pipewire-memfd:flags=0x0000000f,type=2,size=2312 (deleted)
7d343006a000-7d343006b000 rw-s 00000000 00:01 155470                     /memfd:pipewire-memfd:flags=0x0000000f,type=2,size=4096 (deleted)
7d343006b000-7d3430074000 rw-s 00000000 00:01 155472                     /memfd:pipewire-memfd:flags=0x0000000f,type=2,size=32832 (deleted)
7d3430074000-7d343007d000 rw-s 00000000 00:01 155471                     /memfd:pipewire-memfd:flags=0x0000000f,type=2,size=32832 (deleted)
7d343007d000-7d343007e000 rw-s 00000000 00:01 20680                      /memfd:pipewire-memfd:flags=0x0000000f,type=2,size=2312 (deleted)
7d343007e000-7d343007f000 rw-s 00000000 00:01 155469                     /memfd:pipewire-memfd:flags=0x0000000f,type=2,size=2312 (deleted)
7d343007f000-7d3430080000 rw-s 00000000 00:01 158995                     /memfd:pipewire-memfd:flags=0x0000000f,type=2,size=2312 (deleted)
7d3430080000-7d3430081000 rw-s 00000000 00:01 155466                     /memfd:pipewire-memfd:flags=0x0000000f,type=2,size=4096 (deleted)
7d3430081000-7d343008a000 rw-s 00000000 00:01 155468                     /memfd:pipewire-memfd:flags=0x0000000f,type=2,size=32832 (deleted)
7d343008a000-7d3430093000 rw-s 00000000 00:01 155467                     /memfd:pipewire-memfd:flags=0x0000000f,type=2,size=32832 (deleted)
7d3430093000-7d3430094000 rw-s 00000000 00:01 20680                      /memfd:pipewire-memfd:flags=0x0000000f,type=2,size=2312 (deleted)
7d3430094000-7d3430095000 rw-s 00000000 00:01 155465                     /memfd:pipewire-memfd:flags=0x0000000f,type=2,size=2312 (deleted)
7d3430095000-7d3430096000 rw-s 00000000 00:01 158107                     /memfd:pipewire-memfd:flags=0x0000000f,type=2,size=2312 (deleted)
7d3430096000-7d3430097000 rw-s 00000000 00:01 148039                     /memfd:pipewire-memfd:flags=0x0000000f,type=2,size=4096 (deleted)
7d3430097000-7d34300a0000 rw-s 00000000 00:01 159975                     /memfd:pipewire-memfd:flags=0x0000000f,type=2,size=32832 (deleted)
7d34300a0000-7d34300a9000 rw-s 00000000 00:01 159974                     /memfd:pipewire-memfd:flags=0x0000000f,type=2,size=32832 (deleted)
7d34300a9000-7d34300aa000 rw-s 00000000 00:01 20680                      /memfd:pipewire-memfd:flags=0x0000000f,type=2,size=2312 (deleted)
7d34300aa000-7d34300ab000 rw-s 00000000 00:01 148038                     /memfd:pipewire-memfd:flags=0x0000000f,type=2,size=2312 (deleted)
7d34300ab000-7d34300ac000 rw-s 00000000 00:01 160920                     /memfd:pipewire-memfd:flags=0x0000000f,type=2,size=2312 (deleted)
7d34300ac000-7d34300ad000 rw-s 00000000 00:01 145406                     /memfd:pipewire-memfd:flags=0x0000000f,type=2,size=4096 (deleted)
7d34300ad000-7d34300b6000 rw-s 00000000 00:01 157160                     /memfd:pipewire-memfd:flags=0x0000000f,type=2,size=32832 (deleted)
7d34300b6000-7d34300bf000 rw-s 00000000 00:01 157159                     /memfd:pipewire-memfd:flags=0x0000000f,type=2,size=32832 (deleted)
7d34300bf000-7d34300c0000 rw-s 00000000 00:01 20680                      /memfd:pipewire-memfd:flags=0x0000000f,type=2,size=2312 (deleted)
7d34300c0000-7d34300c1000 rw-s 00000000 00:01 145405                     /memfd:pipewire-memfd:flags=0x0000000f,type=2,size=2312 (deleted)
7d34300c1000-7d34300c2000 rw-s 00000000 00:01 160919                     /memfd:pipewire-memfd:flags=0x0000000f,type=2,size=2312 (deleted)
7d34300c2000-7d34300c3000 rw-s 00000000 00:01 145402                     /memfd:pipewire-memfd:flags=0x0000000f,type=2,size=4096 (deleted)
7d34300c3000-7d34300cc000 rw-s 00000000 00:01 145404                     /memfd:pipewire-memfd:flags=0x0000000f,type=2,size=32832 (deleted)
7d34300cc000-7d34300d5000 rw-s 00000000 00:01 145403                     /memfd:pipewire-memfd:flags=0x0000000f,type=2,size=32832 (deleted)
7d34300d5000-7d34300d6000 rw-s 00000000 00:01 20680                      /memfd:pipewire-memfd:flags=0x0000000f,type=2,size=2312 (deleted)
7d34300d6000-7d34300d7000 rw-s 00000000 00:01 145401                     /memfd:pipewire-memfd:flags=0x0000000f,type=2,size=2312 (deleted)
7d34300d7000-7d34300e0000 rw-s 00000000 00:01 151030                     /memfd:pipewire-memfd:flags=0x0000000f,type=2,size=32832 (deleted)
7d34300e0000-7d34300e9000 rw-s 00000000 00:01 151029                     /memfd:pipewire-memfd:flags=0x0000000f,type=2,size=32832 (deleted)
7d34300e9000-7d34300f2000 rw-s 00000000 00:01 151028                     /memfd:pipewire-memfd:flags=0x0000000f,type=2,size=32832 (deleted)
7d34300f2000-7d34300fb000 rw-s 00000000 00:01 151027                     /memfd:pipewire-memfd:flags=0x0000000f,type=2,size=32832 (deleted)
7d34300fb000-7d34300fc000 ---p 00000000 00:00 0 
7d34300fc000-7d34308fc000 rw-p 00000000 00:00 0 
7d34308fc000-7d34308fd000 rw-s 00000000 00:01 156193                     /memfd:pipewire-memfd:flags=0x0000000f,type=2,size=2312 (deleted)
7d34308fd000-7d34308fe000 rw-s 00000000 00:01 156192                     /memfd:pipewire-memfd:flags=0x0000000f,type=2,size=4096 (deleted)
7d34308fe000-7d34308ff000 rw-s 00000000 00:01 20680                      /memfd:pipewire-memfd:flags=0x0000000f,type=2,size=2312 (deleted)
7d34308ff000-7d3430900000 rw-s 00000000 00:01 156191                     /memfd:pipewire-memfd:flags=0x0000000f,type=2,size=2312 (deleted)
7d3430900000-7d3430901000 rw-s 00000000 00:01 154569                     /memfd:pipewire-memfd:flags=0x0000000f,type=2,size=2312 (deleted)
7d3430901000-7d3430902000 rw-s 00000000 00:01 151026                     /memfd:pipewire-memfd:flags=0x0000000f,type=2,size=4096 (deleted)
7d3430902000-7d3430903000 rw-s 00000000 00:01 20680                      /memfd:pipewire-memfd:flags=0x0000000f,type=2,size=2312 (deleted)
7d3430903000-7d3430904000 rw-s 00000000 00:01 151025                     /memfd:pipewire-memfd:flags=0x0000000f,type=2,size=2312 (deleted)
7d3430904000-7d3430905000 rw-s 00000000 00:01 157158                     /memfd:pipewire-memfd:flags=0x0000000f,type=2,size=2312 (deleted)
7d3430905000-7d3430906000 rw-s 00000000 00:01 160918                     /memfd:pipewire-memfd:flags=0x0000000f,type=2,size=4096 (deleted)
7d3430906000-7d343090f000 rw-s 00000000 00:01 151024                     /memfd:pipewire-memfd:flags=0x0000000f,type=2,size=32832 (deleted)
7d343090f000-7d3430918000 rw-s 00000000 00:01 151023                     /memfd:pipewire-memfd:flags=0x0000000f,type=2,size=32832 (deleted)
7d3430918000-7d3430919000 rw-s 00000000 00:01 20680                      /memfd:pipewire-memfd:flags=0x0000000f,type=2,size=2312 (deleted)
7d3430919000-7d343091a000 rw-s 00000000 00:01 160917                     /memfd:pipewire-memfd:flags=0x0000000f,type=2,size=2312 (deleted)
7d343091a000-7d343091b000 rw-s 00000000 00:01 157157                     /memfd:pipewire-memfd:flags=0x0000000f,type=2,size=2312 (deleted)
7d343091b000-7d343091c000 rw-s 00000000 00:01 153138                     /memfd:pipewire-memfd:flags=0x0000000f,type=2,size=4096 (deleted)
7d343091c000-7d3430925000 rw-s 00000000 00:01 153140                     /memfd:pipewire-memfd:flags=0x0000000f,type=2,size=32832 (deleted)
7d3430925000-7d343092e000 rw-s 00000000 00:01 153139                     /memfd:pipewire-memfd:flags=0x0000000f,type=2,size=32832 (deleted)
7d343092e000-7d343092f000 rw-s 00000000 00:01 20680                      /memfd:pipewire-memfd:flags=0x0000000f,type=2,size=2312 (deleted)
7d343092f000-7d3430930000 rw-s 00000000 00:01 153137                     /memfd:pipewire-memfd:flags=0x0000000f,type=2,size=2312 (deleted)
7d3430930000-7d3430931000 rw-s 00000000 00:01 148037                     /memfd:pipewire-memfd:flags=0x0000000f,type=2,size=2312 (deleted)
7d3430931000-7d3430932000 rw-s 00000000 00:01 153136                     /memfd:pipewire-memfd:flags=0x0000000f,type=2,size=4096 (deleted)
7d3430932000-7d343093b000 rw-s 00000000 00:01 148036                     /memfd:pipewire-memfd:flags=0x0000000f,type=2,size=32832 (deleted)
7d343093b000-7d3430944000 rw-s 00000000 00:01 148035                     /memfd:pipewire-memfd:flags=0x0000000f,type=2,size=32832 (deleted)
7d3430944000-7d3430945000 rw-s 00000000 00:01 20680                      /memfd:pipewire-memfd:flags=0x0000000f,type=2,size=2312 (deleted)
7d3430945000-7d3430946000 rw-s 00000000 00:01 148034                     /memfd:pipewire-memfd:flags=0x0000000f,type=2,size=2312 (deleted)
7d3430946000-7d3430947000 rw-s 00000000 00:01 155464                     /memfd:pipewire-memfd:flags=0x0000000f,type=2,size=2312 (deleted)
7d3430947000-7d3430948000 rw-s 00000000 00:01 148031                     /memfd:pipewire-memfd:flags=0x0000000f,type=2,size=4096 (deleted)
7d3430948000-7d3430951000 rw-s 00000000 00:01 148033                     /memfd:pipewire-memfd:flags=0x0000000f,type=2,size=32832 (deleted)
7d3430951000-7d343095a000 rw-s 00000000 00:01 148032                     /memfd:pipewire-memfd:flags=0x0000000f,type=2,size=32832 (deleted)
7d343095a000-7d343095b000 rw-s 00000000 00:01 20680                      /memfd:pipewire-memfd:flags=0x0000000f,type=2,size=2312 (deleted)
7d343095b000-7d343095c000 rw-s 00000000 00:01 148030                     /memfd:pipewire-memfd:flags=0x0000000f,type=2,size=2312 (deleted)
7d343095c000-7d343095d000 rw-s 00000000 00:01 158994                     /memfd:pipewire-memfd:flags=0x0000000f,type=2,size=2312 (deleted)
7d343095d000-7d343095e000 rw-s 00000000 00:01 153133                     /memfd:pipewire-memfd:flags=0x0000000f,type=2,size=4096 (deleted)
7d343095e000-7d3430967000 rw-s 00000000 00:01 153135                     /memfd:pipewire-memfd:flags=0x0000000f,type=2,size=32832 (deleted)
7d3430967000-7d3430970000 rw-s 00000000 00:01 153134                     /memfd:pipewire-memfd:flags=0x0000000f,type=2,size=32832 (deleted)
7d3430970000-7d3430971000 rw-s 00000000 00:01 20680                      /memfd:pipewire-memfd:flags=0x0000000f,type=2,size=2312 (deleted)
7d3430971000-7d3430972000 rw-s 00000000 00:01 153132                     /memfd:pipewire-memfd:flags=0x0000000f,type=2,size=2312 (deleted)
7d3430972000-7d3430973000 rw-s 00000000 00:01 152370                     /memfd:pipewire-memfd:flags=0x0000000f,type=2,size=2312 (deleted)
7d3430973000-7d3430974000 rw-s 00000000 00:01 148029                     /memfd:pipewire-memfd:flags=0x0000000f,type=2,size=4096 (deleted)
7d3430974000-7d343097d000 rw-s 00000000 00:01 153131                     /memfd:pipewire-memfd:flags=0x0000000f,type=2,size=32832 (deleted)
7d343097d000-7d3430986000 rw-s 00000000 00:01 153130                     /memfd:pipewire-memfd:flags=0x0000000f,type=2,size=32832 (deleted)
7d3430986000-7d3430987000 rw-s 00000000 00:01 20680                      /memfd:pipewire-memfd:flags=0x0000000f,type=2,size=2312 (deleted)
7d3430987000-7d3430988000 rw-s 00000000 00:01 148028                     /memfd:pipewire-memfd:flags=0x0000000f,type=2,size=2312 (deleted)
7d3430988000-7d3430989000 rw-s 00000000 00:01 156190                     /memfd:pipewire-memfd:flags=0x0000000f,type=2,size=2312 (deleted)
7d3430989000-7d343098a000 rw-s 00000000 00:01 155463                     /memfd:pipewire-memfd:flags=0x0000000f,type=2,size=4096 (deleted)
7d343098a000-7d3430993000 rw-s 00000000 00:01 157156                     /memfd:pipewire-memfd:flags=0x0000000f,type=2,size=32832 (deleted)
7d3430993000-7d343099c000 rw-s 00000000 00:01 157155                     /memfd:pipewire-memfd:flags=0x0000000f,type=2,size=32832 (deleted)
7d343099c000-7d343099d000 rw-s 00000000 00:01 20680                      /memfd:pipewire-memfd:flags=0x0000000f,type=2,size=2312 (deleted)
7d343099d000-7d343099e000 rw-s 00000000 00:01 155462                     /memfd:pipewire-memfd:flags=0x0000000f,type=2,size=2312 (deleted)
7d343099e000-7d343099f000 rw-s 00000000 00:01 151022                     /memfd:pipewire-memfd:flags=0x0000000f,type=2,size=2312 (deleted)
7d343099f000-7d34309a0000 rw-s 00000000 00:01 155459                     /memfd:pipewire-memfd:flags=0x0000000f,type=2,size=4096 (deleted)
7d34309a0000-7d34309a9000 rw-s 00000000 00:01 155461                     /memfd:pipewire-memfd:flags=0x0000000f,type=2,size=32832 (deleted)
7d34309a9000-7d34309b2000 rw-s 00000000 00:01 155460                     /memfd:pipewire-memfd:flags=0x0000000f,type=2,size=32832 (deleted)
7d34309b2000-7d34309b3000 rw-s 00000000 00:01 20680                      /memfd:pipewire-memfd:flags=0x0000000f,type=2,size=2312 (deleted)
7d34309b3000-7d34309bc000 rw-s 00000000 00:01 153089                     /memfd:pipewire-memfd:flags=0x0000000f,type=2,size=32832 (deleted)
7d34309bc000-7d34309c5000 rw-s 00000000 00:01 153088                     /memfd:pipewire-memfd:flags=0x0000000f,type=2,size=32832 (deleted)
7d34309c5000-7d34309ce000 rw-s 00000000 00:01 159943                     /memfd:pipewire-memfd:flags=0x0000000f,type=2,size=32832 (deleted)
7d34309ce000-7d34309d7000 rw-s 00000000 00:01 159942                     /memfd:pipewire-memfd:flags=0x0000000f,type=2,size=32832 (deleted)
7d34309d7000-7d34309e0000 rw-s 00000000 00:01 153087                     /memfd:pipewire-memfd:flags=0x0000000f,type=2,size=32832 (deleted)
7d34309e0000-7d34309e4000 ---p 00000000 00:00 0 
7d34309e4000-7d3430ae0000 rw-p 00000000 00:00 0 
7d3430ae0000-7d3430ae4000 ---p 00000000 00:00 0 
7d3430ae4000-7d3430be0000 rw-p 00000000 00:00 0 
7d3430be0000-7d3430be4000 ---p 00000000 00:00 0 
7d3430be4000-7d3430ce0000 rw-p 00000000 00:00 0 
7d3430ce0000-7d3430ce1000 rw-s 00000000 00:01 155458                     /memfd:pipewire-memfd:flags=0x0000000f,type=2,size=2312 (deleted)
7d3430ce1000-7d3430ce2000 rw-s 00000000 00:01 159973                     /memfd:pipewire-memfd:flags=0x0000000f,type=2,size=2312 (deleted)
7d3430ce2000-7d3430ce3000 rw-s 00000000 00:01 155455                     /memfd:pipewire-memfd:flags=0x0000000f,type=2,size=4096 (deleted)
7d3430ce3000-7d3430cec000 rw-s 00000000 00:01 155457                     /memfd:pipewire-memfd:flags=0x0000000f,type=2,size=32832 (deleted)
7d3430cec000-7d3430cf5000 rw-s 00000000 00:01 155456                     /memfd:pipewire-memfd:flags=0x0000000f,type=2,size=32832 (deleted)
7d3430cf5000-7d3430cf6000 rw-s 00000000 00:01 20680                      /memfd:pipewire-memfd:flags=0x0000000f,type=2,size=2312 (deleted)
7d3430cf6000-7d3430cf7000 rw-s 00000000 00:01 155454                     /memfd:pipewire-memfd:flags=0x0000000f,type=2,size=2312 (deleted)
7d3430cf7000-7d3430cf8000 rw-s 00000000 00:01 151021                     /memfd:pipewire-memfd:flags=0x0000000f,type=2,size=2312 (deleted)
7d3430cf8000-7d3430cf9000 rw-s 00000000 00:01 154567                     /memfd:pipewire-memfd:flags=0x0000000f,type=2,size=4096 (deleted)
7d3430cf9000-7d3430d02000 rw-s 00000000 00:01 158106                     /memfd:pipewire-memfd:flags=0x0000000f,type=2,size=32832 (deleted)
7d3430d02000-7d3430d0b000 rw-s 00000000 00:01 158105                     /memfd:pipewire-memfd:flags=0x0000000f,type=2,size=32832 (deleted)
7d3430d0b000-7d3430d0c000 rw-s 00000000 00:01 20680                      /memfd:pipewire-memfd:flags=0x0000000f,type=2,size=2312 (deleted)
7d3430d0c000-7d3430d0d000 rw-s 00000000 00:01 161866                     /memfd:pipewire-memfd:flags=0x0000000f,type=2,size=2312 (deleted)
7d3430d0d000-7d3430d0e000 rw-s 00000000 00:01 158104                     /memfd:pipewire-memfd:flags=0x0000000f,type=2,size=2312 (deleted)
7d3430d0e000-7d3430d0f000 rw-s 00000000 00:01 161865                     /memfd:pipewire-memfd:flags=0x0000000f,type=2,size=4096 (deleted)
7d3430d0f000-7d3430d18000 rw-s 00000000 00:01 154566                     /memfd:pipewire-memfd:flags=0x0000000f,type=2,size=32832 (deleted)
7d3430d18000-7d3430d21000 rw-s 00000000 00:01 154565                     /memfd:pipewire-memfd:flags=0x0000000f,type=2,size=32832 (deleted)
7d3430d21000-7d3430d22000 rw-s 00000000 00:01 20680                      /memfd:pipewire-memfd:flags=0x0000000f,type=2,size=2312 (deleted)
7d3430d22000-7d3430d23000 rw-s 00000000 00:01 161864                     /memfd:pipewire-memfd:flags=0x0000000f,type=2,size=2312 (deleted)
7d3430d23000-7d3430d24000 rw-s 00000000 00:01 152369                     /memfd:pipewire-memfd:flags=0x0000000f,type=2,size=2312 (deleted)
7d3430d24000-7d3430d25000 rw-s 00000000 00:01 154562                     /memfd:pipewire-memfd:flags=0x0000000f,type=2,size=4096 (deleted)
7d3430d25000-7d3430d2e000 rw-s 00000000 00:01 154564                     /memfd:pipewire-memfd:flags=0x0000000f,type=2,size=32832 (deleted)
7d3430d2e000-7d3430d37000 rw-s 00000000 00:01 154563                     /memfd:pipewire-memfd:flags=0x0000000f,type=2,size=32832 (deleted)
7d3430d37000-7d3430d38000 rw-s 00000000 00:01 20680                      /memfd:pipewire-memfd:flags=0x0000000f,type=2,size=2312 (deleted)
7d3430d38000-7d3430d39000 rw-s 00000000 00:01 154561                     /memfd:pipewire-memfd:flags=0x0000000f,type=2,size=2312 (deleted)
7d3430d39000-7d3430d3a000 rw-s 00000000 00:01 153129                     /memfd:pipewire-memfd:flags=0x0000000f,type=2,size=2312 (deleted)
7d3430d3a000-7d3430d3b000 rw-s 00000000 00:01 154560                     /memfd:pipewire-memfd:flags=0x0000000f,type=2,size=4096 (deleted)
7d3430d3b000-7d3430d44000 rw-s 00000000 00:01 153128                     /memfd:pipewire-memfd:flags=0x0000000f,type=2,size=32832 (deleted)
7d3430d44000-7d3430d4d000 rw-s 00000000 00:01 153127                     /memfd:pipewire-memfd:flags=0x0000000f,type=2,size=32832 (deleted)
7d3430d4d000-7d3430d4e000 rw-s 00000000 00:01 20680                      /memfd:pipewire-memfd:flags=0x0000000f,type=2,size=2312 (deleted)
7d3430d4e000-7d3430d4f000 rw-s 00000000 00:01 154559                     /memfd:pipewire-memfd:flags=0x0000000f,type=2,size=2312 (deleted)
7d3430d4f000-7d3430d50000 rw-s 00000000 00:01 152368                     /memfd:pipewire-memfd:flags=0x0000000f,type=2,size=2312 (deleted)
7d3430d50000-7d3430d51000 rw-s 00000000 00:01 154558                     /memfd:pipewire-memfd:flags=0x0000000f,type=2,size=4096 (deleted)
7d3430d51000-7d3430d5a000 rw-s 00000000 00:01 158103                     /memfd:pipewire-memfd:flags=0x0000000f,type=2,size=32832 (deleted)
7d3430d5a000-7d3430d63000 rw-s 00000000 00:01 158102                     /memfd:pipewire-memfd:flags=0x0000000f,type=2,size=32832 (deleted)
7d3430d63000-7d3430d64000 rw-s 00000000 00:01 20680                      /memfd:pipewire-memfd:flags=0x0000000f,type=2,size=2312 (deleted)
7d3430d64000-7d3430d65000 rw-s 00000000 00:01 154557                     /memfd:pipewire-memfd:flags=0x0000000f,type=2,size=2312 (deleted)
7d3430d65000-7d3430d66000 rw-s 00000000 00:01 153126                     /memfd:pipewire-memfd:flags=0x0000000f,type=2,size=2312 (deleted)
7d3430d66000-7d3430d67000 rw-s 00000000 00:01 154554                     /memfd:pipewire-memfd:flags=0x0000000f,type=2,size=4096 (deleted)
7d3430d67000-7d3430d70000 rw-s 00000000 00:01 154556                     /memfd:pipewire-memfd:flags=0x0000000f,type=2,size=32832 (deleted)
7d3430d70000-7d3430d79000 rw-s 00000000 00:01 154555                     /memfd:pipewire-memfd:flags=0x0000000f,type=2,size=32832 (deleted)
7d3430d79000-7d3430d7a000 rw-s 00000000 00:01 20680                      /memfd:pipewire-memfd:flags=0x0000000f,type=2,size=2312 (deleted)
7d3430d7a000-7d3430d7b000 rw-s 00000000 00:01 154553                     /memfd:pipewire-memfd:flags=0x0000000f,type=2,size=2312 (deleted)
7d3430d7b000-7d3430d7c000 rw-s 00000000 00:01 152367                     /memfd:pipewire-memfd:flags=0x0000000f,type=2,size=2312 (deleted)
7d3430d7c000-7d3430d7d000 rw-s 00000000 00:01 152364                     /memfd:pipewire-memfd:flags=0x0000000f,type=2,size=4096 (deleted)
7d3430d7d000-7d3430d86000 rw-s 00000000 00:01 152366                     /memfd:pipewire-memfd:flags=0x0000000f,type=2,size=32832 (deleted)
7d3430d86000-7d3430d8f000 rw-s 00000000 00:01 152365                     /memfd:pipewire-memfd:flags=0x0000000f,type=2,size=32832 (deleted)
7d3430d8f000-7d3430d90000 rw-s 00000000 00:01 20680                      /memfd:pipewire-memfd:flags=0x0000000f,type=2,size=2312 (deleted)
7d3430d90000-7d3430d91000 rw-s 00000000 00:01 152363                     /memfd:pipewire-memfd:flags=0x0000000f,type=2,size=2312 (deleted)
7d3430d91000-7d3430d92000 rw-s 00000000 00:01 158993                     /memfd:pipewire-memfd:flags=0x0000000f,type=2,size=2312 (deleted)
7d3430d92000-7d3430d93000 rw-s 00000000 00:01 151020                     /memfd:pipewire-memfd:flags=0x0000000f,type=2,size=4096 (deleted)
7d3430d93000-7d3430d9c000 rw-s 00000000 00:01 156189                     /memfd:pipewire-memfd:flags=0x0000000f,type=2,size=32832 (deleted)
7d3430d9c000-7d3430da5000 rw-s 00000000 00:01 156188                     /memfd:pipewire-memfd:flags=0x0000000f,type=2,size=32832 (deleted)
7d3430da5000-7d3430da6000 rw-s 00000000 00:01 20680                      /memfd:pipewire-memfd:flags=0x0000000f,type=2,size=2312 (deleted)
7d3430da6000-7d3430da7000 rw-s 00000000 00:01 151019                     /memfd:pipewire-memfd:flags=0x0000000f,type=2,size=2312 (deleted)
7d3430da7000-7d3430da8000 rw-s 00000000 00:01 146209                     /memfd:pipewire-memfd:flags=0x0000000f,type=2,size=2312 (deleted)
7d3430da8000-7d3430db1000 rw-s 00000000 00:01 154552                     /memfd:pipewire-memfd:flags=0x0000000f,type=2,size=32832 (deleted)
7d3430db1000-7d3430dba000 rw-s 00000000 00:01 154551                     /memfd:pipewire-memfd:flags=0x0000000f,type=2,size=32832 (deleted)
7d3430dba000-7d3430dc3000 rw-s 00000000 00:01 154550                     /memfd:pipewire-memfd:flags=0x0000000f,type=2,size=32832 (deleted)
7d3430dc3000-7d3430dcc000 rw-s 00000000 00:01 154549                     /memfd:pipewire-memfd:flags=0x0000000f,type=2,size=32832 (deleted)
7d3430dcc000-7d3430dcd000 rw-s 00000000 00:01 157124                     /memfd:pipewire-memfd:flags=0x0000000f,type=2,size=4096 (deleted)
7d3430dcd000-7d3430dd6000 rw-s 00000000 00:01 159960                     /memfd:pipewire-memfd:flags=0x0000000f,type=2,size=32832 (deleted)
7d3430dd6000-7d3430ddf000 rw-s 00000000 00:01 159959                     /memfd:pipewire-memfd:flags=0x0000000f,type=2,size=32832 (deleted)
7d3430ddf000-7d3430de0000 rw-s 00000000 00:01 20680                      /memfd:pipewire-memfd:flags=0x0000000f,type=2,size=2312 (deleted)
7d3430de0000-7d3430de1000 rw-s 00000000 00:01 157123                     /memfd:pipewire-memfd:flags=0x0000000f,type=2,size=2312 (deleted)
7d3430de1000-7d3430de2000 rw-s 00000000 00:01 145373                     /memfd:pipewire-memfd:flags=0x0000000f,type=2,size=2312 (deleted)
7d3430de2000-7d3430de3000 rw-s 00000000 00:01 156161                     /memfd:pipewire-memfd:flags=0x0000000f,type=2,size=4096 (deleted)
7d3430de3000-7d3430dec000 rw-s 00000000 00:01 160885                     /memfd:pipewire-memfd:flags=0x0000000f,type=2,size=32832 (deleted)
7d3430dec000-7d3430df5000 rw-s 00000000 00:01 160884                     /memfd:pipewire-memfd:flags=0x0000000f,type=2,size=32832 (deleted)
7d3430df5000-7d3430df6000 rw-s 00000000 00:01 20680                      /memfd:pipewire-memfd:flags=0x0000000f,type=2,size=2312 (deleted)
7d3430df6000-7d3430df7000 rw-s 00000000 00:01 156160                     /memfd:pipewire-memfd:flags=0x0000000f,type=2,size=2312 (deleted)
7d3430df7000-7d3430df8000 rw-s 00000000 00:01 160883                     /memfd:pipewire-memfd:flags=0x0000000f,type=2,size=2312 (deleted)
7d3430df8000-7d3430df9000 rw-s 00000000 00:01 156157                     /memfd:pipewire-memfd:flags=0x0000000f,type=2,size=4096 (deleted)
7d3430df9000-7d3430e02000 rw-s 00000000 00:01 156159                     /memfd:pipewire-memfd:flags=0x0000000f,type=2,size=32832 (deleted)
7d3430e02000-7d3430e0b000 rw-s 00000000 00:01 156158                     /memfd:pipewire-memfd:flags=0x0000000f,type=2,size=32832 (deleted)
7d3430e0b000-7d3430e0c000 rw-s 00000000 00:01 20680                      /memfd:pipewire-memfd:flags=0x0000000f,type=2,size=2312 (deleted)
7d3430e0c000-7d3430e0d000 rw-s 00000000 00:01 158971                     /memfd:pipewire-memfd:flags=0x0000000f,type=2,size=2312 (deleted)
7d3430e0d000-7d3430e0e000 rw-s 00000000 00:01 154514                     /memfd:pipewire-memfd:flags=0x0000000f,type=2,size=2312 (deleted)
7d3430e0e000-7d3430e0f000 rw-s 00000000 00:01 157122                     /memfd:pipewire-memfd:flags=0x0000000f,type=2,size=4096 (deleted)
7d3430e0f000-7d3430e18000 rw-s 00000000 00:01 159958                     /memfd:pipewire-memfd:flags=0x0000000f,type=2,size=32832 (deleted)
7d3430e18000-7d3430e21000 rw-s 00000000 00:01 159957                     /memfd:pipewire-memfd:flags=0x0000000f,type=2,size=32832 (deleted)
7d3430e21000-7d3430e22000 rw-s 00000000 00:01 20680                      /memfd:pipewire-memfd:flags=0x0000000f,type=2,size=2312 (deleted)
7d3430e22000-7d3430e23000 rw-s 00000000 00:01 157121                     /memfd:pipewire-memfd:flags=0x0000000f,type=2,size=2312 (deleted)
7d3430e23000-7d3430e24000 rw-s 00000000 00:01 155438                     /memfd:pipewire-memfd:flags=0x0000000f,type=2,size=2312 (deleted)
7d3430e24000-7d3430e25000 rw-s 00000000 00:01 155435                     /memfd:pipewire-memfd:flags=0x0000000f,type=2,size=4096 (deleted)
7d3430e25000-7d3430e2e000 rw-s 00000000 00:01 155437                     /memfd:pipewire-memfd:flags=0x0000000f,type=2,size=32832 (deleted)
7d3430e2e000-7d3430e37000 rw-s 00000000 00:01 155436                     /memfd:pipewire-memfd:flags=0x0000000f,type=2,size=32832 (deleted)
7d3430e37000-7d3430e38000 rw-s 00000000 00:01 20680                      /memfd:pipewire-memfd:flags=0x0000000f,type=2,size=2312 (deleted)
7d3430e38000-7d3430e39000 rw-s 00000000 00:01 155434                     /memfd:pipewire-memfd:flags=0x0000000f,type=2,size=2312 (deleted)
7d3430e39000-7d3430e3a000 rw-s 00000000 00:01 145372                     /memfd:pipewire-memfd:flags=0x0000000f,type=2,size=2312 (deleted)
7d3430e3a000-7d3430e3b000 rw-s 00000000 00:01 153101                     /memfd:pipewire-memfd:flags=0x0000000f,type=2,size=4096 (deleted)
7d3430e3b000-7d3430e44000 rw-s 00000000 00:01 148000                     /memfd:pipewire-memfd:flags=0x0000000f,type=2,size=32832 (deleted)
7d3430e44000-7d3430e4d000 rw-s 00000000 00:01 147999                     /memfd:pipewire-memfd:flags=0x0000000f,type=2,size=32832 (deleted)
7d3430e4d000-7d3430e4e000 rw-s 00000000 00:01 20680                      /memfd:pipewire-memfd:flags=0x0000000f,type=2,size=2312 (deleted)
7d3430e4e000-7d3430e4f000 rw-s 00000000 00:01 153100                     /memfd:pipewire-memfd:flags=0x0000000f,type=2,size=2312 (deleted)
7d3430e4f000-7d3430e50000 rw-s 00000000 00:01 147998                     /memfd:pipewire-memfd:flags=0x0000000f,type=2,size=2312 (deleted)
7d3430e50000-7d3430e51000 rw-s 00000000 00:01 160880                     /memfd:pipewire-memfd:flags=0x0000000f,type=2,size=4096 (deleted)
7d3430e51000-7d3430e5a000 rw-s 00000000 00:01 160882                     /memfd:pipewire-memfd:flags=0x0000000f,type=2,size=32832 (deleted)
7d3430e5a000-7d3430e63000 rw-s 00000000 00:01 160881                     /memfd:pipewire-memfd:flags=0x0000000f,type=2,size=32832 (deleted)
7d3430e63000-7d3430e64000 rw-s 00000000 00:01 20680                      /memfd:pipewire-memfd:flags=0x0000000f,type=2,size=2312 (deleted)
7d3430e64000-7d3430e65000 rw-s 00000000 00:01 160879                     /memfd:pipewire-memfd:flags=0x0000000f,type=2,size=2312 (deleted)
7d3430e65000-7d3430e66000 rw-s 00000000 00:01 159956                     /memfd:pipewire-memfd:flags=0x0000000f,type=2,size=2312 (deleted)
7d3430e66000-7d3430e67000 rw-s 00000000 00:01 152347                     /memfd:pipewire-memfd:flags=0x0000000f,type=2,size=4096 (deleted)
7d3430e67000-7d3430e70000 rw-s 00000000 00:01 152349                     /memfd:pipewire-memfd:flags=0x0000000f,type=2,size=32832 (deleted)
7d3430e70000-7d3430e79000 rw-s 00000000 00:01 152348                     /memfd:pipewire-memfd:flags=0x0000000f,type=2,size=32832 (deleted)
7d3430e79000-7d3430e7a000 rw-s 00000000 00:01 20680                      /memfd:pipewire-memfd:flags=0x0000000f,type=2,size=2312 (deleted)
7d3430e7a000-7d3430e7b000 rw-s 00000000 00:01 152346                     /memfd:pipewire-memfd:flags=0x0000000f,type=2,size=2312 (deleted)
7d3430e7b000-7d3430e7c000 rw-s 00000000 00:01 159955                     /memfd:pipewire-memfd:flags=0x0000000f,type=2,size=2312 (deleted)
7d3430e7c000-7d3430e7d000 rw-s 00000000 00:01 152345                     /memfd:pipewire-memfd:flags=0x0000000f,type=2,size=4096 (deleted)
7d3430e7d000-7d3430e86000 rw-s 00000000 00:01 149998                     /memfd:pipewire-memfd:flags=0x0000000f,type=2,size=32832 (deleted)
7d3430e86000-7d3430e8f000 rw-s 00000000 00:01 149997                     /memfd:pipewire-memfd:flags=0x0000000f,type=2,size=32832 (deleted)
7d3430e8f000-7d3430e90000 rw-s 00000000 00:01 20680                      /memfd:pipewire-memfd:flags=0x0000000f,type=2,size=2312 (deleted)
7d3430e90000-7d3430e91000 rw-s 00000000 00:01 152344                     /memfd:pipewire-memfd:flags=0x0000000f,type=2,size=2312 (deleted)
7d3430e91000-7d3430e92000 rw-s 00000000 00:01 153099                     /memfd:pipewire-memfd:flags=0x0000000f,type=2,size=2312 (deleted)
7d3430e92000-7d3430e93000 rw-s 00000000 00:01 149994                     /memfd:pipewire-memfd:flags=0x0000000f,type=2,size=4096 (deleted)
7d3430e93000-7d3430e9c000 rw-s 00000000 00:01 149996                     /memfd:pipewire-memfd:flags=0x0000000f,type=2,size=32832 (deleted)
7d3430e9c000-7d3430ea5000 rw-s 00000000 00:01 149995                     /memfd:pipewire-memfd:flags=0x0000000f,type=2,size=32832 (deleted)
7d3430ea5000-7d3430ea6000 rw-s 00000000 00:01 20680                      /memfd:pipewire-memfd:flags=0x0000000f,type=2,size=2312 (deleted)
7d3430ea6000-7d3430ea7000 rw-s 00000000 00:01 149993                     /memfd:pipewire-memfd:flags=0x0000000f,type=2,size=2312 (deleted)
7d3430ea7000-7d3430ea8000 rw-s 00000000 00:01 160878                     /memfd:pipewire-memfd:flags=0x0000000f,type=2,size=2312 (deleted)
7d3430ea8000-7d3430ea9000 rw-s 00000000 00:01 160877                     /memfd:pipewire-memfd:flags=0x0000000f,type=2,size=4096 (deleted)
7d3430ea9000-7d3430eb2000 rw-s 00000000 00:01 149992                     /memfd:pipewire-memfd:flags=0x0000000f,type=2,size=32832 (deleted)
7d3430eb2000-7d3430ebb000 rw-s 00000000 00:01 149991                     /memfd:pipewire-memfd:flags=0x0000000f,type=2,size=32832 (deleted)
7d3430ebb000-7d3430ebc000 rw-s 00000000 00:01 20680                      /memfd:pipewire-memfd:flags=0x0000000f,type=2,size=2312 (deleted)
7d3430ebc000-7d3430ebd000 rw-s 00000000 00:01 160876                     /memfd:pipewire-memfd:flags=0x0000000f,type=2,size=2312 (deleted)
7d3430ebd000-7d3430ebe000 rw-s 00000000 00:01 145371                     /memfd:pipewire-memfd:flags=0x0000000f,type=2,size=2312 (deleted)
7d3430ebe000-7d3430ebf000 rw-s 00000000 00:01 159954                     /memfd:pipewire-memfd:flags=0x0000000f,type=2,size=4096 (deleted)
7d3430ebf000-7d3430ec8000 rw-s 00000000 00:01 150977                     /memfd:pipewire-memfd:flags=0x0000000f,type=2,size=32832 (deleted)
7d3430ec8000-7d3430ed1000 rw-s 00000000 00:01 150976                     /memfd:pipewire-memfd:flags=0x0000000f,type=2,size=32832 (deleted)
7d3430ed1000-7d3430ed2000 rw-s 00000000 00:01 20680                      /memfd:pipewire-memfd:flags=0x0000000f,type=2,size=2312 (deleted)
7d3430ed2000-7d3430ed3000 rw-s 00000000 00:01 159953                     /memfd:pipewire-memfd:flags=0x0000000f,type=2,size=2312 (deleted)
7d3430ed3000-7d3430ed4000 rw-s 00000000 00:01 158970                     /memfd:pipewire-memfd:flags=0x0000000f,type=2,size=2312 (deleted)
7d3430ed4000-7d3430ed5000 rw-s 00000000 00:01 161863                     /memfd:pipewire-memfd:flags=0x0000000f,type=2,size=4096 (deleted)
7d3430ed5000-7d3430ed6000 rw-s 00000000 00:01 20680                      /memfd:pipewire-memfd:flags=0x0000000f,type=2,size=2312 (deleted)
7d3430ed6000-7d3430ed7000 rw-s 00000000 00:01 161862                     /memfd:pipewire-memfd:flags=0x0000000f,type=2,size=2312 (deleted)
7d3430ed7000-7d3430ed8000 rw-s 00000000 00:01 151018                     /memfd:pipewire-memfd:flags=0x0000000f,type=2,size=2312 (deleted)
7d3430ed8000-7d3430ee1000 rw-s 00000000 00:01 151017                     /memfd:pipewire-memfd:flags=0x0000000f,type=2,size=32832 (deleted)
7d3430ee1000-7d3430eea000 rw-s 00000000 00:01 151016                     /memfd:pipewire-memfd:flags=0x0000000f,type=2,size=32832 (deleted)
7d3430eea000-7d3430ef3000 rw-s 00000000 00:01 154513                     /memfd:pipewire-memfd:flags=0x0000000f,type=2,size=32832 (deleted)
7d3430ef3000-7d3430efc000 rw-s 00000000 00:01 154512                     /memfd:pipewire-memfd:flags=0x0000000f,type=2,size=32832 (deleted)
7d3430efc000-7d3430f00000 ---p 00000000 00:00 0 
7d3430f00000-7d3430ffc000 rw-p 00000000 00:00 0 
7d3430ffc000-7d3431000000 ---p 00000000 00:00 0 
7d3431000000-7d34310fc000 rw-p 00000000 00:00 0 
7d34310fc000-7d34310fd000 ---p 00000000 00:00 0 
7d34310fd000-7d34318fd000 rw-p 00000000 00:00 0 
7d34318fd000-7d34318fe000 ---p 00000000 00:00 0 
7d34318fe000-7d34320fe000 rw-p 00000000 00:00 0 
7d34320fe000-7d34320ff000 ---p 00000000 00:00 0 
7d34320ff000-7d34328ff000 rw-p 00000000 00:00 0 
7d34328ff000-7d3432900000 rw-s 00000000 00:01 154511                     /memfd:pipewire-memfd:flags=0x0000000f,type=2,size=4096 (deleted)
7d3432900000-7d3432901000 rw-s 00000000 00:01 20680                      /memfd:pipewire-memfd:flags=0x0000000f,type=2,size=2312 (deleted)
7d3432901000-7d3432902000 rw-s 00000000 00:01 154510                     /memfd:pipewire-memfd:flags=0x0000000f,type=2,size=2312 (deleted)
7d3432902000-7d3432903000 rw-s 00000000 00:01 159952                     /memfd:pipewire-memfd:flags=0x0000000f,type=2,size=2312 (deleted)
7d3432903000-7d3432904000 rw-s 00000000 00:01 160916                     /memfd:pipewire-memfd:flags=0x0000000f,type=2,size=4096 (deleted)
7d3432904000-7d3432905000 rw-s 00000000 00:01 20680                      /memfd:pipewire-memfd:flags=0x0000000f,type=2,size=2312 (deleted)
7d3432905000-7d3432906000 rw-s 00000000 00:01 160915                     /memfd:pipewire-memfd:flags=0x0000000f,type=2,size=2312 (deleted)
7d3432906000-7d3432907000 rw-s 00000000 00:01 161861                     /memfd:pipewire-memfd:flags=0x0000000f,type=2,size=2312 (deleted)
7d3432907000-7d3432908000 rw-s 00000000 00:01 151015                     /memfd:pipewire-memfd:flags=0x0000000f,type=2,size=4096 (deleted)
7d3432908000-7d3432909000 rw-s 00000000 00:01 20680                      /memfd:pipewire-memfd:flags=0x0000000f,type=2,size=2312 (deleted)
7d3432909000-7d343290a000 rw-s 00000000 00:01 151014                     /memfd:pipewire-memfd:flags=0x0000000f,type=2,size=2312 (deleted)
7d343290a000-7d343290b000 rw-s 00000000 00:01 156187                     /memfd:pipewire-memfd:flags=0x0000000f,type=2,size=2312 (deleted)
7d343290b000-7d343290c000 rw-s 00000000 00:01 158101                     /memfd:pipewire-memfd:flags=0x0000000f,type=2,size=4096 (deleted)
7d343290c000-7d3432915000 rw-s 00000000 00:01 151013                     /memfd:pipewire-memfd:flags=0x0000000f,type=2,size=32832 (deleted)
7d3432915000-7d343291e000 rw-s 00000000 00:01 151012                     /memfd:pipewire-memfd:flags=0x0000000f,type=2,size=32832 (deleted)
7d343291e000-7d343291f000 rw-s 00000000 00:01 20680                      /memfd:pipewire-memfd:flags=0x0000000f,type=2,size=2312 (deleted)
7d343291f000-7d3432920000 rw-s 00000000 00:01 158100                     /memfd:pipewire-memfd:flags=0x0000000f,type=2,size=2312 (deleted)
7d3432920000-7d3432921000 rw-s 00000000 00:01 145400                     /memfd:pipewire-memfd:flags=0x0000000f,type=2,size=2312 (deleted)
7d3432921000-7d3432922000 rw-s 00000000 00:01 151011                     /memfd:pipewire-memfd:flags=0x0000000f,type=2,size=4096 (deleted)
7d3432922000-7d343292b000 rw-s 00000000 00:01 158099                     /memfd:pipewire-memfd:flags=0x0000000f,type=2,size=32832 (deleted)
7d343292b000-7d3432934000 rw-s 00000000 00:01 158098                     /memfd:pipewire-memfd:flags=0x0000000f,type=2,size=32832 (deleted)
7d3432934000-7d3432935000 rw-s 00000000 00:01 20680                      /memfd:pipewire-memfd:flags=0x0000000f,type=2,size=2312 (deleted)
7d3432935000-7d3432936000 rw-s 00000000 00:01 151010                     /memfd:pipewire-memfd:flags=0x0000000f,type=2,size=2312 (deleted)
7d3432936000-7d3432937000 rw-s 00000000 00:01 157154                     /memfd:pipewire-memfd:flags=0x0000000f,type=2,size=2312 (deleted)
7d3432937000-7d3432938000 rw-s 00000000 00:01 145399                     /memfd:pipewire-memfd:flags=0x0000000f,type=2,size=4096 (deleted)
7d3432938000-7d3432941000 rw-s 00000000 00:01 154548                     /memfd:pipewire-memfd:flags=0x0000000f,type=2,size=32832 (deleted)
7d3432941000-7d343294a000 rw-s 00000000 00:01 154547                     /memfd:pipewire-memfd:flags=0x0000000f,type=2,size=32832 (deleted)
7d343294a000-7d343294b000 rw-s 00000000 00:01 20680                      /memfd:pipewire-memfd:flags=0x0000000f,type=2,size=2312 (deleted)
7d343294b000-7d343294c000 rw-s 00000000 00:01 145398                     /memfd:pipewire-memfd:flags=0x0000000f,type=2,size=2312 (deleted)
7d343294c000-7d343294d000 rw-s 00000000 00:01 158097                     /memfd:pipewire-memfd:flags=0x0000000f,type=2,size=2312 (deleted)
7d343294d000-7d343294e000 rw-s 00000000 00:01 148027                     /memfd:pipewire-memfd:flags=0x0000000f,type=2,size=4096 (deleted)
7d343294e000-7d3432957000 rw-s 00000000 00:01 157153                     /memfd:pipewire-memfd:flags=0x0000000f,type=2,size=32832 (deleted)
7d3432957000-7d3432960000 rw-s 00000000 00:01 157152                     /memfd:pipewire-memfd:flags=0x0000000f,type=2,size=32832 (deleted)
7d3432960000-7d3432961000 rw-s 00000000 00:01 20680                      /memfd:pipewire-memfd:flags=0x0000000f,type=2,size=2312 (deleted)
7d3432961000-7d3432962000 rw-s 00000000 00:01 148026                     /memfd:pipewire-memfd:flags=0x0000000f,type=2,size=2312 (deleted)
7d3432962000-7d3432963000 rw-s 00000000 00:01 157151                     /memfd:pipewire-memfd:flags=0x0000000f,type=2,size=2312 (deleted)
7d3432963000-7d3432964000 rw-s 00000000 00:01 148025                     /memfd:pipewire-memfd:flags=0x0000000f,type=2,size=4096 (deleted)
7d3432964000-7d343296d000 rw-s 00000000 00:01 151008                     /memfd:pipewire-memfd:flags=0x0000000f,type=2,size=32832 (deleted)
7d343296d000-7d3432976000 rw-s 00000000 00:01 151007                     /memfd:pipewire-memfd:flags=0x0000000f,type=2,size=32832 (deleted)
7d3432976000-7d3432977000 rw-s 00000000 00:01 20680                      /memfd:pipewire-memfd:flags=0x0000000f,type=2,size=2312 (deleted)
7d3432977000-7d3432978000 rw-s 00000000 00:01 148024                     /memfd:pipewire-memfd:flags=0x0000000f,type=2,size=2312 (deleted)
7d3432978000-7d3432979000 rw-s 00000000 00:01 157150                     /memfd:pipewire-memfd:flags=0x0000000f,type=2,size=2312 (deleted)
7d3432979000-7d343297a000 rw-s 00000000 00:01 156186                     /memfd:pipewire-memfd:flags=0x0000000f,type=2,size=4096 (deleted)
7d343297a000-7d3432983000 rw-s 00000000 00:01 154546                     /memfd:pipewire-memfd:flags=0x0000000f,type=2,size=32832 (deleted)
7d3432983000-7d343298c000 rw-s 00000000 00:01 154545                     /memfd:pipewire-memfd:flags=0x0000000f,type=2,size=32832 (deleted)
7d343298c000-7d343298d000 rw-s 00000000 00:01 20680                      /memfd:pipewire-memfd:flags=0x0000000f,type=2,size=2312 (deleted)
7d343298d000-7d343298e000 rw-s 00000000 00:01 156185                     /memfd:pipewire-memfd:flags=0x0000000f,type=2,size=2312 (deleted)
7d343298e000-7d343298f000 rw-s 00000000 00:01 158096                     /memfd:pipewire-memfd:flags=0x0000000f,type=2,size=2312 (deleted)
7d343298f000-7d3432990000 rw-s 00000000 00:01 153123                     /memfd:pipewire-memfd:flags=0x0000000f,type=2,size=4096 (deleted)
7d3432990000-7d3432999000 rw-s 00000000 00:01 153125                     /memfd:pipewire-memfd:flags=0x0000000f,type=2,size=32832 (deleted)
7d3432999000-7d34329a2000 rw-s 00000000 00:01 153124                     /memfd:pipewire-memfd:flags=0x0000000f,type=2,size=32832 (deleted)
7d34329a2000-7d34329a3000 rw-s 00000000 00:01 20680                      /memfd:pipewire-memfd:flags=0x0000000f,type=2,size=2312 (deleted)
7d34329a3000-7d34329a4000 rw-s 00000000 00:01 153122                     /memfd:pipewire-memfd:flags=0x0000000f,type=2,size=2312 (deleted)
7d34329a4000-7d34329a5000 rw-s 00000000 00:01 152362                     /memfd:pipewire-memfd:flags=0x0000000f,type=2,size=2312 (deleted)
7d34329a5000-7d34329a6000 rw-s 00000000 00:01 161860                     /memfd:pipewire-memfd:flags=0x0000000f,type=2,size=4096 (deleted)
7d34329a6000-7d34329af000 rw-s 00000000 00:01 160914                     /memfd:pipewire-memfd:flags=0x0000000f,type=2,size=32832 (deleted)
7d34329af000-7d34329b8000 rw-s 00000000 00:01 160913                     /memfd:pipewire-memfd:flags=0x0000000f,type=2,size=32832 (deleted)
7d34329b8000-7d34329b9000 rw-s 00000000 00:01 20680                      /memfd:pipewire-memfd:flags=0x0000000f,type=2,size=2312 (deleted)
7d34329b9000-7d34329ba000 rw-s 00000000 00:01 161859                     /memfd:pipewire-memfd:flags=0x0000000f,type=2,size=2312 (deleted)
7d34329ba000-7d34329bb000 rw-s 00000000 00:01 155453                     /memfd:pipewire-memfd:flags=0x0000000f,type=2,size=2312 (deleted)
7d34329bb000-7d34329bc000 rw-s 00000000 00:01 145397                     /memfd:pipewire-memfd:flags=0x0000000f,type=2,size=4096 (deleted)
7d34329bc000-7d34329c5000 rw-s 00000000 00:01 150029                     /memfd:pipewire-memfd:flags=0x0000000f,type=2,size=32832 (deleted)
7d34329c5000-7d34329ce000 rw-s 00000000 00:01 150028                     /memfd:pipewire-memfd:flags=0x0000000f,type=2,size=32832 (deleted)
7d34329ce000-7d34329cf000 rw-s 00000000 00:01 20680                      /memfd:pipewire-memfd:flags=0x0000000f,type=2,size=2312 (deleted)
7d34329cf000-7d34329d0000 rw-s 00000000 00:01 145396                     /memfd:pipewire-memfd:flags=0x0000000f,type=2,size=2312 (deleted)
7d34329d0000-7d34329d1000 rw-s 00000000 00:01 153121                     /memfd:pipewire-memfd:flags=0x0000000f,type=2,size=2312 (deleted)
7d34329d1000-7d34329d2000 rw-s 00000000 00:01 154544                     /memfd:pipewire-memfd:flags=0x0000000f,type=2,size=4096 (deleted)
7d34329d2000-7d34329db000 rw-s 00000000 00:01 153120                     /memfd:pipewire-memfd:flags=0x0000000f,type=2,size=32832 (deleted)
7d34329db000-7d34329e4000 rw-s 00000000 00:01 153119                     /memfd:pipewire-memfd:flags=0x0000000f,type=2,size=32832 (deleted)
7d34329e4000-7d34329e5000 rw-s 00000000 00:01 20680                      /memfd:pipewire-memfd:flags=0x0000000f,type=2,size=2312 (deleted)
7d34329e5000-7d34329e6000 rw-s 00000000 00:01 154543                     /memfd:pipewire-memfd:flags=0x0000000f,type=2,size=2312 (deleted)
7d34329e6000-7d34329e7000 rw-s 00000000 00:01 153118                     /memfd:pipewire-memfd:flags=0x0000000f,type=2,size=2312 (deleted)
7d34329e7000-7d34329e8000 rw-s 00000000 00:01 152361                     /memfd:pipewire-memfd:flags=0x0000000f,type=2,size=4096 (deleted)
7d34329e8000-7d34329f1000 rw-s 00000000 00:01 150027                     /memfd:pipewire-memfd:flags=0x0000000f,type=2,size=32832 (deleted)
7d34329f1000-7d34329fa000 rw-s 00000000 00:01 150026                     /memfd:pipewire-memfd:flags=0x0000000f,type=2,size=32832 (deleted)
7d34329fa000-7d3432a03000 rw-s 00000000 00:01 150025                     /memfd:pipewire-memfd:flags=0x0000000f,type=2,size=32832 (deleted)
7d3432a03000-7d3432a07000 ---p 00000000 00:00 0 
7d3432a07000-7d3432b03000 rw-p 00000000 00:00 0 
7d3432b03000-7d3432b0c000 rw-s 00000000 00:01 150972                     /memfd:pipewire-memfd:flags=0x0000000f,type=2,size=32832 (deleted)
7d3432b0c000-7d3432b15000 rw-s 00000000 00:01 150971                     /memfd:pipewire-memfd:flags=0x0000000f,type=2,size=32832 (deleted)
7d3432b15000-7d3432b16000 r--p 00000000 08:02 17589499                   /usr/lib/x86_64-linux-gnu/spa-0.2/audiomixer/libspa-audiomixer.so
7d3432b16000-7d3432b25000 r-xp 00001000 08:02 17589499                   /usr/lib/x86_64-linux-gnu/spa-0.2/audiomixer/libspa-audiomixer.so
7d3432b25000-7d3432b27000 r--p 00010000 08:02 17589499                   /usr/lib/x86_64-linux-gnu/spa-0.2/audiomixer/libspa-audiomixer.so
7d3432b27000-7d3432b28000 r--p 00012000 08:02 17589499                   /usr/lib/x86_64-linux-gnu/spa-0.2/audiomixer/libspa-audiomixer.so
7d3432b28000-7d3432b29000 rw-p 00013000 08:02 17589499                   /usr/lib/x86_64-linux-gnu/spa-0.2/audiomixer/libspa-audiomixer.so
7d3432b29000-7d3432b2a000 ---p 00000000 00:00 0 
7d3432b2a000-7d343332a000 rw-p 00000000 00:00 0 
7d343332a000-7d343333b000 r--p 00000000 08:02 17589497                   /usr/lib/x86_64-linux-gnu/spa-0.2/audioconvert/libspa-audioconvert.so
7d343333b000-7d3433383000 r-xp 00011000 08:02 17589497                   /usr/lib/x86_64-linux-gnu/spa-0.2/audioconvert/libspa-audioconvert.so
7d3433383000-7d3433397000 r--p 00059000 08:02 17589497                   /usr/lib/x86_64-linux-gnu/spa-0.2/audioconvert/libspa-audioconvert.so
7d3433397000-7d34333a5000 r--p 0006c000 08:02 17589497                   /usr/lib/x86_64-linux-gnu/spa-0.2/audioconvert/libspa-audioconvert.so
7d34333a5000-7d34333a7000 rw-p 0007a000 08:02 17589497                   /usr/lib/x86_64-linux-gnu/spa-0.2/audioconvert/libspa-audioconvert.so
7d34333a7000-7d34333ab000 r--p 00000000 08:02 17589822                   /usr/lib/x86_64-linux-gnu/pipewire-0.3/libpipewire-module-session-manager.so
7d34333ab000-7d34333c8000 r-xp 00004000 08:02 17589822                   /usr/lib/x86_64-linux-gnu/pipewire-0.3/libpipewire-module-session-manager.so
7d34333c8000-7d34333cd000 r--p 00021000 08:02 17589822                   /usr/lib/x86_64-linux-gnu/pipewire-0.3/libpipewire-module-session-manager.so
7d34333cd000-7d34333cf000 r--p 00026000 08:02 17589822                   /usr/lib/x86_64-linux-gnu/pipewire-0.3/libpipewire-module-session-manager.so
7d34333cf000-7d34333d0000 rw-p 00028000 08:02 17589822                   /usr/lib/x86_64-linux-gnu/pipewire-0.3/libpipewire-module-session-manager.so
7d34333d0000-7d34333da000 r--p 00000000 08:02 17566233                   /usr/lib/x86_64-linux-gnu/pipewire-0.3/libpipewire-module-adapter.so
7d34333da000-7d34333e5000 r-xp 0000a000 08:02 17566233                   /usr/lib/x86_64-linux-gnu/pipewire-0.3/libpipewire-module-adapter.so
7d34333e5000-7d34333eb000 r--p 00015000 08:02 17566233                   /usr/lib/x86_64-linux-gnu/pipewire-0.3/libpipewire-module-adapter.so
7d34333eb000-7d34333f4000 r--p 0001b000 08:02 17566233                   /usr/lib/x86_64-linux-gnu/pipewire-0.3/libpipewire-module-adapter.so
7d34333f4000-7d34333f5000 rw-p 00024000 08:02 17566233                   /usr/lib/x86_64-linux-gnu/pipewire-0.3/libpipewire-module-adapter.so
7d34333f5000-7d3433420000 r--p 00000000 08:02 17564773                   /usr/lib/x86_64-linux-gnu/libasound.so.2.0.0
7d3433420000-7d34334bf000 r-xp 0002b000 08:02 17564773                   /usr/lib/x86_64-linux-gnu/libasound.so.2.0.0
7d34334bf000-7d34334f7000 r--p 000ca000 08:02 17564773                   /usr/lib/x86_64-linux-gnu/libasound.so.2.0.0
7d34334f7000-7d34334fe000 r--p 00101000 08:02 17564773                   /usr/lib/x86_64-linux-gnu/libasound.so.2.0.0
7d34334fe000-7d34334ff000 rw-p 00108000 08:02 17564773                   /usr/lib/x86_64-linux-gnu/libasound.so.2.0.0
7d34334ff000-7d3433503000 ---p 00000000 00:00 0 
7d3433503000-7d34335ff000 rw-p 00000000 00:00 0 
7d34335ff000-7d3433603000 ---p 00000000 00:00 0 
7d3433603000-7d34336ff000 rw-p 00000000 00:00 0 
7d34336ff000-7d3433703000 ---p 00000000 00:00 0 
7d3433703000-7d34337ff000 rw-p 00000000 00:00 0 
7d34337ff000-7d3433800000 ---p 00000000 00:00 0 
7d3433800000-7d3434000000 rw-p 00000000 00:00 0 
7d3434000000-7d34340dd000 rw-p 00000000 00:00 0 
7d34340dd000-7d3438000000 ---p 00000000 00:00 0 
7d3438000000-7d3438021000 rw-p 00000000 00:00 0 
7d3438021000-7d343c000000 ---p 00000000 00:00 0 
7d343c000000-7d3440000000 rw-s 00000000 00:01 147395                     /memfd:pulseaudio (deleted)
7d3440000000-7d3440021000 rw-p 00000000 00:00 0 
7d3440021000-7d3444000000 ---p 00000000 00:00 0 
7d3444000000-7d3444075000 rw-p 00000000 00:00 0 
7d3444075000-7d3448000000 ---p 00000000 00:00 0 
7d3448000000-7d3448161000 rw-p 00000000 00:00 0 
7d3448161000-7d344c000000 ---p 00000000 00:00 0 
7d344c000000-7d344c021000 rw-p 00000000 00:00 0 
7d344c021000-7d3450000000 ---p 00000000 00:00 0 
7d3450000000-7d345006c000 rw-p 00000000 00:00 0 
7d345006c000-7d3454000000 ---p 00000000 00:00 0 
7d3454000000-7d3454021000 rw-p 00000000 00:00 0 
7d3454021000-7d3458000000 ---p 00000000 00:00 0 
7d3458000000-7d3458021000 rw-p 00000000 00:00 0 
7d3458021000-7d345c000000 ---p 00000000 00:00 0 
7d345c000000-7d345c001000 rw-s 00000000 00:01 158966                     /memfd:pipewire-memfd:flags=0x0000000f,type=2,size=4096 (deleted)
7d345c001000-7d345c002000 rw-s 00000000 00:01 20680                      /memfd:pipewire-memfd:flags=0x0000000f,type=2,size=2312 (deleted)
7d345c002000-7d345c003000 rw-s 00000000 00:01 158965                     /memfd:pipewire-memfd:flags=0x0000000f,type=2,size=2312 (deleted)
7d345c003000-7d345c004000 rw-s 00000000 00:01 160869                     /memfd:pipewire-memfd:flags=0x0000000f,type=2,size=2312 (deleted)
7d345c004000-7d345c005000 rw-s 00000000 00:01 159941                     /memfd:pipewire-memfd:flags=0x0000000f,type=2,size=4096 (deleted)
7d345c005000-7d345c006000 rw-s 00000000 00:01 20680                      /memfd:pipewire-memfd:flags=0x0000000f,type=2,size=2312 (deleted)
7d345c006000-7d345c007000 rw-s 00000000 00:01 159940                     /memfd:pipewire-memfd:flags=0x0000000f,type=2,size=2312 (deleted)
7d345c007000-7d345c008000 rw-s 00000000 00:01 150970                     /memfd:pipewire-memfd:flags=0x0000000f,type=2,size=4096 (deleted)
7d345c008000-7d345c011000 rw-s 00000000 00:01 147984                     /memfd:pipewire-memfd:flags=0x0000000f,type=2,size=32832 (deleted)
7d345c011000-7d345c01a000 rw-s 00000000 00:01 147981                     /memfd:pipewire-memfd:flags=0x0000000f,type=2,size=32832 (deleted)
7d345c01a000-7d345c023000 rw-s 00000000 00:01 147980                     /memfd:pipewire-memfd:flags=0x0000000f,type=2,size=32832 (deleted)
7d345c023000-7d345c02f000 r--p 00000000 08:02 17589787                   /usr/lib/x86_64-linux-gnu/pipewire-0.3/libpipewire-module-client-node.so
7d345c02f000-7d345c050000 r-xp 0000c000 08:02 17589787                   /usr/lib/x86_64-linux-gnu/pipewire-0.3/libpipewire-module-client-node.so
7d345c050000-7d345c05a000 r--p 0002d000 08:02 17589787                   /usr/lib/x86_64-linux-gnu/pipewire-0.3/libpipewire-module-client-node.so
7d345c05a000-7d345c064000 r--p 00037000 08:02 17589787                   /usr/lib/x86_64-linux-gnu/pipewire-0.3/libpipewire-module-client-node.so
7d345c064000-7d345c065000 rw-p 00041000 08:02 17589787                   /usr/lib/x86_64-linux-gnu/pipewire-0.3/libpipewire-module-client-node.so
7d345c065000-7d345c069000 ---p 00000000 00:00 0 
7d345c069000-7d345c165000 rw-p 00000000 00:00 0 
7d345c165000-7d345c166000 rw-s 00000000 00:01 20680                      /memfd:pipewire-memfd:flags=0x0000000f,type=2,size=2312 (deleted)
7d345c166000-7d345c167000 rw-s 00000000 00:01 150969                     /memfd:pipewire-memfd:flags=0x0000000f,type=2,size=2312 (deleted)
7d345c167000-7d345c168000 rw-s 00000000 00:01 159933                     /memfd:pipewire-memfd:flags=0x0000000f,type=2,size=2312 (deleted)
7d345c168000-7d345c169000 rw-s 00000000 00:01 147983                     /memfd:pipewire-memfd:flags=0x0000000f,type=2,size=4096 (deleted)
7d345c169000-7d345c16a000 rw-s 00000000 00:01 20681                      /memfd:pipewire-memfd:flags=0x0000000f,type=2,size=2312 (deleted)
7d345c16a000-7d345c16b000 rw-s 00000000 00:01 147982                     /memfd:pipewire-memfd:flags=0x0000000f,type=2,size=2312 (deleted)
7d345c16b000-7d345c16c000 rw-s 00000000 00:01 159932                     /memfd:pipewire-memfd:flags=0x0000000f,type=2,size=2312 (deleted)
7d345c16c000-7d345c16d000 rw-s 00000000 00:01 147979                     /memfd:pipewire-memfd:flags=0x0000000f,type=2,size=4096 (deleted)
7d345c16d000-7d345c1a0000 r--p 00000000 08:02 17579697                   /usr/lib/x86_64-linux-gnu/libpipewire-0.3.so.0.1005.0
7d345c1a0000-7d345c207000 r-xp 00033000 08:02 17579697                   /usr/lib/x86_64-linux-gnu/libpipewire-0.3.so.0.1005.0
7d345c207000-7d345c220000 r--p 0009a000 08:02 17579697                   /usr/lib/x86_64-linux-gnu/libpipewire-0.3.so.0.1005.0
7d345c220000-7d345c24b000 r--p 000b2000 08:02 17579697                   /usr/lib/x86_64-linux-gnu/libpipewire-0.3.so.0.1005.0
7d345c24b000-7d345c24c000 rw-p 000dd000 08:02 17579697                   /usr/lib/x86_64-linux-gnu/libpipewire-0.3.so.0.1005.0
7d345c24c000-7d345c24d000 rw-p 00000000 00:00 0 
7d345c24d000-7d345c251000 ---p 00000000 00:00 0 
7d345c251000-7d345c34d000 rw-p 00000000 00:00 0 
7d345c34d000-7d345c34e000 ---p 00000000 00:00 0 
7d345c34e000-7d345c44e000 rw-p 00000000 00:00 0 
7d345c44e000-7d345c452000 ---p 00000000 00:00 0 
7d345c452000-7d345c54e000 rw-p 00000000 00:00 0 
7d345c54e000-7d345c54f000 rw-s 00000000 00:01 154496                     /memfd:pipewire-memfd:flags=0x0000000f,type=2,size=2312 (deleted)
7d345c54f000-7d345c550000 rw-s 00000000 00:01 153085                     /memfd:pipewire-memfd:flags=0x0000000f,type=2,size=4096 (deleted)
7d345c550000-7d345c559000 rw-s 00000000 00:01 153086                     /memfd:pipewire-memfd:flags=0x0000000f,type=2,size=32832 (deleted)
7d345c559000-7d345c55a000 rw-s 00000000 00:01 20680                      /memfd:pipewire-memfd:flags=0x0000000f,type=2,size=2312 (deleted)
7d345c55a000-7d345c55b000 rw-s 00000000 00:01 153084                     /memfd:pipewire-memfd:flags=0x0000000f,type=2,size=2312 (deleted)
7d345c55b000-7d345c55c000 rw-s 00000000 00:01 145347                     /memfd:pipewire-memfd:flags=0x0000000f,type=2,size=2312 (deleted)
7d345c55c000-7d345c55d000 rw-s 00000000 00:01 149989                     /memfd:pipewire-memfd:flags=0x0000000f,type=2,size=4096 (deleted)
7d345c55d000-7d345c566000 rw-s 00000000 00:01 153083                     /memfd:pipewire-memfd:flags=0x0000000f,type=2,size=32832 (deleted)
7d345c566000-7d345c56f000 rw-s 00000000 00:01 153082                     /memfd:pipewire-memfd:flags=0x0000000f,type=2,size=32832 (deleted)
7d345c56f000-7d345c570000 rw-s 00000000 00:01 20680                      /memfd:pipewire-memfd:flags=0x0000000f,type=2,size=2312 (deleted)
7d345c570000-7d345c571000 rw-s 00000000 00:01 149988                     /memfd:pipewire-memfd:flags=0x0000000f,type=2,size=2312 (deleted)
7d345c571000-7d345c572000 rw-s 00000000 00:01 155425                     /memfd:pipewire-memfd:flags=0x0000000f,type=2,size=2312 (deleted)
7d345c572000-7d345c573000 rw-s 00000000 00:01 157117                     /memfd:pipewire-memfd:flags=0x0000000f,type=2,size=4096 (deleted)
7d345c573000-7d345c57c000 rw-s 00000000 00:01 147991                     /memfd:pipewire-memfd:flags=0x0000000f,type=2,size=32832 (deleted)
7d345c57c000-7d345c585000 rw-s 00000000 00:01 147990                     /memfd:pipewire-memfd:flags=0x0000000f,type=2,size=32832 (deleted)
7d345c585000-7d345c586000 rw-s 00000000 00:01 20680                      /memfd:pipewire-memfd:flags=0x0000000f,type=2,size=2312 (deleted)
7d345c586000-7d345c587000 rw-s 00000000 00:01 157116                     /memfd:pipewire-memfd:flags=0x0000000f,type=2,size=2312 (deleted)
7d345c587000-7d345c588000 rw-s 00000000 00:01 155424                     /memfd:pipewire-memfd:flags=0x0000000f,type=2,size=2312 (deleted)
7d345c588000-7d345c589000 rw-s 00000000 00:01 155423                     /memfd:pipewire-memfd:flags=0x0000000f,type=2,size=4096 (deleted)
7d345c589000-7d345c592000 rw-s 00000000 00:01 152337                     /memfd:pipewire-memfd:flags=0x0000000f,type=2,size=32832 (deleted)
7d345c592000-7d345c59b000 rw-s 00000000 00:01 152336                     /memfd:pipewire-memfd:flags=0x0000000f,type=2,size=32832 (deleted)
7d345c59b000-7d345c59c000 rw-s 00000000 00:01 20680                      /memfd:pipewire-memfd:flags=0x0000000f,type=2,size=2312 (deleted)
7d345c59c000-7d345c59d000 rw-s 00000000 00:01 155422                     /memfd:pipewire-memfd:flags=0x0000000f,type=2,size=2312 (deleted)
7d345c59d000-7d345c59e000 rw-s 00000000 00:01 158070                     /memfd:pipewire-memfd:flags=0x0000000f,type=2,size=2312 (deleted)
7d345c59e000-7d345c59f000 rw-s 00000000 00:01 157115                     /memfd:pipewire-memfd:flags=0x0000000f,type=2,size=4096 (deleted)
7d345c59f000-7d345c5a8000 rw-s 00000000 00:01 152334                     /memfd:pipewire-memfd:flags=0x0000000f,type=2,size=32832 (deleted)
7d345c5a8000-7d345c5b1000 rw-s 00000000 00:01 152333                     /memfd:pipewire-memfd:flags=0x0000000f,type=2,size=32832 (deleted)
7d345c5b1000-7d345c5b2000 rw-s 00000000 00:01 20680                      /memfd:pipewire-memfd:flags=0x0000000f,type=2,size=2312 (deleted)
7d345c5b2000-7d345c5b3000 rw-s 00000000 00:01 157114                     /memfd:pipewire-memfd:flags=0x0000000f,type=2,size=2312 (deleted)
7d345c5b3000-7d345c5b4000 rw-s 00000000 00:01 149987                     /memfd:pipewire-memfd:flags=0x0000000f,type=2,size=2312 (deleted)
7d345c5b4000-7d345c5b5000 rw-s 00000000 00:01 160867                     /memfd:pipewire-memfd:flags=0x0000000f,type=2,size=4096 (deleted)
7d345c5b5000-7d345c5be000 rw-s 00000000 00:01 161822                     /memfd:pipewire-memfd:flags=0x0000000f,type=2,size=32832 (deleted)
7d345c5be000-7d345c5c7000 rw-s 00000000 00:01 161821                     /memfd:pipewire-memfd:flags=0x0000000f,type=2,size=32832 (deleted)
7d345c5c7000-7d345c5c8000 rw-s 00000000 00:01 20680                      /memfd:pipewire-memfd:flags=0x0000000f,type=2,size=2312 (deleted)
7d345c5c8000-7d345c5c9000 rw-s 00000000 00:01 160866                     /memfd:pipewire-memfd:flags=0x0000000f,type=2,size=2312 (deleted)
7d345c5c9000-7d345c5ca000 rw-s 00000000 00:01 152332                     /memfd:pipewire-memfd:flags=0x0000000f,type=2,size=2312 (deleted)
7d345c5ca000-7d345c5ce000 ---p 00000000 00:00 0 
7d345c5ce000-7d345c6ca000 rw-p 00000000 00:00 0 
7d345c6ca000-7d345c6cb000 rw-s 00000000 00:01 159939                     /memfd:pipewire-memfd:flags=0x0000000f,type=2,size=4096 (deleted)
7d345c6cb000-7d345c6d4000 rw-s 00000000 00:01 160865                     /memfd:pipewire-memfd:flags=0x0000000f,type=2,size=32832 (deleted)
7d345c6d4000-7d345c6dd000 rw-s 00000000 00:01 160864                     /memfd:pipewire-memfd:flags=0x0000000f,type=2,size=32832 (deleted)
7d345c6dd000-7d345c6de000 rw-s 00000000 00:01 20680                      /memfd:pipewire-memfd:flags=0x0000000f,type=2,size=2312 (deleted)
7d345c6de000-7d345c6df000 rw-s 00000000 00:01 159938                     /memfd:pipewire-memfd:flags=0x0000000f,type=2,size=2312 (deleted)
7d345c6df000-7d345c6e0000 rw-s 00000000 00:01 145346                     /memfd:pipewire-memfd:flags=0x0000000f,type=2,size=2312 (deleted)
7d345c6e0000-7d345c6e1000 rw-s 00000000 00:01 159935                     /memfd:pipewire-memfd:flags=0x0000000f,type=2,size=4096 (deleted)
7d345c6e1000-7d345c6ea000 rw-s 00000000 00:01 159937                     /memfd:pipewire-memfd:flags=0x0000000f,type=2,size=32832 (deleted)
7d345c6ea000-7d345c6f3000 rw-s 00000000 00:01 159936                     /memfd:pipewire-memfd:flags=0x0000000f,type=2,size=32832 (deleted)
7d345c6f3000-7d345c6f4000 rw-s 00000000 00:01 20680                      /memfd:pipewire-memfd:flags=0x0000000f,type=2,size=2312 (deleted)
7d345c6f4000-7d345c6f5000 rw-s 00000000 00:01 159934                     /memfd:pipewire-memfd:flags=0x0000000f,type=2,size=2312 (deleted)
7d345c6f5000-7d345c6f6000 rw-s 00000000 00:01 146180                     /memfd:pipewire-memfd:flags=0x0000000f,type=2,size=2312 (deleted)
7d345c6f6000-7d345c6f7000 rw-s 00000000 00:01 147989                     /memfd:pipewire-memfd:flags=0x0000000f,type=2,size=4096 (deleted)
7d345c6f7000-7d345c700000 rw-s 00000000 00:01 146179                     /memfd:pipewire-memfd:flags=0x0000000f,type=2,size=32832 (deleted)
7d345c700000-7d345c709000 rw-s 00000000 00:01 146178                     /memfd:pipewire-memfd:flags=0x0000000f,type=2,size=32832 (deleted)
7d345c709000-7d345c70a000 rw-s 00000000 00:01 20680                      /memfd:pipewire-memfd:flags=0x0000000f,type=2,size=2312 (deleted)
7d345c70a000-7d345c70b000 rw-s 00000000 00:01 147988                     /memfd:pipewire-memfd:flags=0x0000000f,type=2,size=2312 (deleted)
7d345c70b000-7d345c70c000 rw-s 00000000 00:01 158069                     /memfd:pipewire-memfd:flags=0x0000000f,type=2,size=2312 (deleted)
7d345c70c000-7d345c70d000 rw-s 00000000 00:01 149986                     /memfd:pipewire-memfd:flags=0x0000000f,type=2,size=4096 (deleted)
7d345c70d000-7d345c716000 rw-s 00000000 00:01 147987                     /memfd:pipewire-memfd:flags=0x0000000f,type=2,size=32832 (deleted)
7d345c716000-7d345c71f000 rw-s 00000000 00:01 147986                     /memfd:pipewire-memfd:flags=0x0000000f,type=2,size=32832 (deleted)
7d345c71f000-7d345c720000 rw-s 00000000 00:01 20680                      /memfd:pipewire-memfd:flags=0x0000000f,type=2,size=2312 (deleted)
7d345c720000-7d345c721000 rw-s 00000000 00:01 149985                     /memfd:pipewire-memfd:flags=0x0000000f,type=2,size=2312 (deleted)
7d345c721000-7d345c722000 rw-s 00000000 00:01 147985                     /memfd:pipewire-memfd:flags=0x0000000f,type=2,size=2312 (deleted)
7d345c722000-7d345c723000 rw-s 00000000 00:01 161820                     /memfd:pipewire-memfd:flags=0x0000000f,type=2,size=4096 (deleted)
7d345c723000-7d345c72c000 rw-s 00000000 00:01 158964                     /memfd:pipewire-memfd:flags=0x0000000f,type=2,size=32832 (deleted)
7d345c72c000-7d345c735000 rw-s 00000000 00:01 158963                     /memfd:pipewire-memfd:flags=0x0000000f,type=2,size=32832 (deleted)
7d345c735000-7d345c736000 rw-s 00000000 00:01 20680                      /memfd:pipewire-memfd:flags=0x0000000f,type=2,size=2312 (deleted)
7d345c736000-7d345c737000 rw-s 00000000 00:01 161819                     /memfd:pipewire-memfd:flags=0x0000000f,type=2,size=2312 (deleted)
7d345c737000-7d345c738000 rw-s 00000000 00:01 150973                     /memfd:pipewire-memfd:flags=0x0000000f,type=2,size=2312 (deleted)
7d345c738000-7d345c739000 rw-s 00000000 00:01 161816                     /memfd:pipewire-memfd:flags=0x0000000f,type=2,size=4096 (deleted)
7d345c739000-7d345c742000 rw-s 00000000 00:01 161818                     /memfd:pipewire-memfd:flags=0x0000000f,type=2,size=32832 (deleted)
7d345c742000-7d345c74b000 rw-s 00000000 00:01 161817                     /memfd:pipewire-memfd:flags=0x0000000f,type=2,size=32832 (deleted)
7d345c74b000-7d345c74c000 rw-s 00000000 00:01 20680                      /memfd:pipewire-memfd:flags=0x0000000f,type=2,size=2312 (deleted)
7d345c74c000-7d345c74d000 rw-s 00000000 00:01 161815                     /memfd:pipewire-memfd:flags=0x0000000f,type=2,size=2312 (deleted)
7d345c74d000-7d345c74e000 rw-s 00000000 00:01 149984                     /memfd:pipewire-memfd:flags=0x0000000f,type=2,size=2312 (deleted)
7d345c74e000-7d345c808000 r--p 00000000 08:02 17698300                   /usr/share/fonts/truetype/dejavu/DejaVuSans.ttf
7d345c808000-7d345c8b6000 r--p 00000000 08:02 17698299                   /usr/share/fonts/truetype/dejavu/DejaVuSans-Bold.ttf
7d345c8b6000-7d345c8d8000 r-xp 00000000 08:02 26745012                   /home/linux/.openjfx/cache/21.0.6+3/amd64/libjavafx_iio.so
7d345c8d8000-7d345c8d9000 r--p 00021000 08:02 26745012                   /home/linux/.openjfx/cache/21.0.6+3/amd64/libjavafx_iio.so
7d345c8d9000-7d345c8da000 rw-p 00022000 08:02 26745012                   /home/linux/.openjfx/cache/21.0.6+3/amd64/libjavafx_iio.so
7d345c8da000-7d345cada000 rw-s 12a3df000 00:05 1142                      /dev/dri/renderD128
7d345cada000-7d345cadb000 rw-s 00000000 00:01 20680                      /memfd:pipewire-memfd:flags=0x0000000f,type=2,size=2312 (deleted)
7d345cadb000-7d345cadc000 rw-s 00000000 00:01 147978                     /memfd:pipewire-memfd:flags=0x0000000f,type=2,size=2312 (deleted)
7d345cadc000-7d345cade000 r--p 00000000 08:02 17589799                   /usr/lib/x86_64-linux-gnu/pipewire-0.3/libpipewire-module-metadata.so
7d345cade000-7d345cae6000 r-xp 00002000 08:02 17589799                   /usr/lib/x86_64-linux-gnu/pipewire-0.3/libpipewire-module-metadata.so
7d345cae6000-7d345cae7000 r--p 0000a000 08:02 17589799                   /usr/lib/x86_64-linux-gnu/pipewire-0.3/libpipewire-module-metadata.so
7d345cae7000-7d345cae8000 r--p 0000b000 08:02 17589799                   /usr/lib/x86_64-linux-gnu/pipewire-0.3/libpipewire-module-metadata.so
7d345cae8000-7d345cae9000 rw-p 0000c000 08:02 17589799                   /usr/lib/x86_64-linux-gnu/pipewire-0.3/libpipewire-module-metadata.so
7d345cae9000-7d345caeb000 r--p 00000000 08:02 17589785                   /usr/lib/x86_64-linux-gnu/pipewire-0.3/libpipewire-module-client-device.so
7d345caeb000-7d345caf4000 r-xp 00002000 08:02 17589785                   /usr/lib/x86_64-linux-gnu/pipewire-0.3/libpipewire-module-client-device.so
7d345caf4000-7d345caf5000 r--p 0000b000 08:02 17589785                   /usr/lib/x86_64-linux-gnu/pipewire-0.3/libpipewire-module-client-device.so
7d345caf5000-7d345caf6000 r--p 0000c000 08:02 17589785                   /usr/lib/x86_64-linux-gnu/pipewire-0.3/libpipewire-module-client-device.so
7d345caf6000-7d345caf7000 rw-p 0000d000 08:02 17589785                   /usr/lib/x86_64-linux-gnu/pipewire-0.3/libpipewire-module-client-device.so
7d345caf7000-7d345cb0a000 r--p 00000000 08:02 17589805                   /usr/lib/x86_64-linux-gnu/pipewire-0.3/libpipewire-module-protocol-native.so
7d345cb0a000-7d345cb29000 r-xp 00013000 08:02 17589805                   /usr/lib/x86_64-linux-gnu/pipewire-0.3/libpipewire-module-protocol-native.so
7d345cb29000-7d345cb34000 r--p 00032000 08:02 17589805                   /usr/lib/x86_64-linux-gnu/pipewire-0.3/libpipewire-module-protocol-native.so
7d345cb34000-7d345cb44000 r--p 0003c000 08:02 17589805                   /usr/lib/x86_64-linux-gnu/pipewire-0.3/libpipewire-module-protocol-native.so
7d345cb44000-7d345cb45000 rw-p 0004c000 08:02 17589805                   /usr/lib/x86_64-linux-gnu/pipewire-0.3/libpipewire-module-protocol-native.so
7d345cb45000-7d345cb47000 r--p 00000000 08:02 17589813                   /usr/lib/x86_64-linux-gnu/pipewire-0.3/libpipewire-module-rt.so
7d345cb47000-7d345cb4b000 r-xp 00002000 08:02 17589813                   /usr/lib/x86_64-linux-gnu/pipewire-0.3/libpipewire-module-rt.so
7d345cb4b000-7d345cb4d000 r--p 00006000 08:02 17589813                   /usr/lib/x86_64-linux-gnu/pipewire-0.3/libpipewire-module-rt.so
7d345cb4d000-7d345cb4e000 r--p 00007000 08:02 17589813                   /usr/lib/x86_64-linux-gnu/pipewire-0.3/libpipewire-module-rt.so
7d345cb4e000-7d345cb4f000 rw-p 00008000 08:02 17589813                   /usr/lib/x86_64-linux-gnu/pipewire-0.3/libpipewire-module-rt.so
7d345cb4f000-7d345cb53000 r--p 00000000 08:02 17589509                   /usr/lib/x86_64-linux-gnu/spa-0.2/support/libspa-support.so
7d345cb53000-7d345cb69000 r-xp 00004000 08:02 17589509                   /usr/lib/x86_64-linux-gnu/spa-0.2/support/libspa-support.so
7d345cb69000-7d345cb6e000 r--p 0001a000 08:02 17589509                   /usr/lib/x86_64-linux-gnu/spa-0.2/support/libspa-support.so
7d345cb6e000-7d345cb70000 r--p 0001f000 08:02 17589509                   /usr/lib/x86_64-linux-gnu/spa-0.2/support/libspa-support.so
7d345cb70000-7d345cb71000 rw-p 00021000 08:02 17589509                   /usr/lib/x86_64-linux-gnu/spa-0.2/support/libspa-support.so
7d345cb71000-7d345cb78000 r--p 00000000 08:02 17589532                   /usr/lib/x86_64-linux-gnu/alsa-lib/libasound_module_pcm_pipewire.so
7d345cb78000-7d345cb81000 r-xp 00007000 08:02 17589532                   /usr/lib/x86_64-linux-gnu/alsa-lib/libasound_module_pcm_pipewire.so
7d345cb81000-7d345cb88000 r--p 00010000 08:02 17589532                   /usr/lib/x86_64-linux-gnu/alsa-lib/libasound_module_pcm_pipewire.so
7d345cb88000-7d345cb8d000 r--p 00016000 08:02 17589532                   /usr/lib/x86_64-linux-gnu/alsa-lib/libasound_module_pcm_pipewire.so
7d345cb8d000-7d345cb8e000 rw-p 0001b000 08:02 17589532                   /usr/lib/x86_64-linux-gnu/alsa-lib/libasound_module_pcm_pipewire.so
7d345cb8e000-7d345cb92000 r--p 00000000 08:02 18234289                   /usr/lib/jvm/java-21-openjdk-amd64/lib/libjsound.so
7d345cb92000-7d345cb9b000 r-xp 00004000 08:02 18234289                   /usr/lib/jvm/java-21-openjdk-amd64/lib/libjsound.so
7d345cb9b000-7d345cb9e000 r--p 0000d000 08:02 18234289                   /usr/lib/jvm/java-21-openjdk-amd64/lib/libjsound.so
7d345cb9e000-7d345cb9f000 r--p 0000f000 08:02 18234289                   /usr/lib/jvm/java-21-openjdk-amd64/lib/libjsound.so
7d345cb9f000-7d345cba0000 rw-p 00010000 08:02 18234289                   /usr/lib/jvm/java-21-openjdk-amd64/lib/libjsound.so
7d345cba0000-7d345cba1000 rw-s 00000000 00:01 20680                      /memfd:pipewire-memfd:flags=0x0000000f,type=2,size=2312 (deleted)
7d345cba1000-7d345cba2000 rw-s 00000000 00:01 152360                     /memfd:pipewire-memfd:flags=0x0000000f,type=2,size=2312 (deleted)
7d345cba2000-7d345cba3000 rw-s 00000000 00:01 145395                     /memfd:pipewire-memfd:flags=0x0000000f,type=2,size=2312 (deleted)
7d345cba3000-7d345cba4000 rw-s 00000000 00:01 150023                     /memfd:pipewire-memfd:flags=0x0000000f,type=2,size=4096 (deleted)
7d345cba4000-7d345cbad000 rw-s 00000000 00:01 150024                     /memfd:pipewire-memfd:flags=0x0000000f,type=2,size=32832 (deleted)
7d345cbad000-7d345cbae000 rw-s 00000000 00:01 20680                      /memfd:pipewire-memfd:flags=0x0000000f,type=2,size=2312 (deleted)
7d345cbae000-7d345cbaf000 rw-s 00000000 00:01 150022                     /memfd:pipewire-memfd:flags=0x0000000f,type=2,size=2312 (deleted)
7d345cbaf000-7d345cbb0000 rw-s 00000000 00:01 161858                     /memfd:pipewire-memfd:flags=0x0000000f,type=2,size=2312 (deleted)
7d345cbb0000-7d345cbb9000 rw-s 00000000 00:01 158095                     /memfd:pipewire-memfd:flags=0x0000000f,type=2,size=32832 (deleted)
7d345cbb9000-7d345cbc2000 rw-s 00000000 00:01 158094                     /memfd:pipewire-memfd:flags=0x0000000f,type=2,size=32832 (deleted)
7d345cbc2000-7d345cbc6000 ---p 00000000 00:00 0 
7d345cbc6000-7d345ccc2000 rw-p 00000000 00:00 0 
7d345ccc2000-7d345ccc6000 ---p 00000000 00:00 0 
7d345ccc6000-7d345cdc2000 rw-p 00000000 00:00 0 
7d345cdc2000-7d345cdc3000 rw-s 00000000 00:01 151006                     /memfd:pipewire-memfd:flags=0x0000000f,type=2,size=4096 (deleted)
7d345cdc3000-7d345cdc4000 rw-s 00000000 00:01 20680                      /memfd:pipewire-memfd:flags=0x0000000f,type=2,size=2312 (deleted)
7d345cdc4000-7d345cdc5000 rw-s 00000000 00:01 151005                     /memfd:pipewire-memfd:flags=0x0000000f,type=2,size=2312 (deleted)
7d345cdc5000-7d345cdc6000 rw-s 00000000 00:01 152359                     /memfd:pipewire-memfd:flags=0x0000000f,type=2,size=2312 (deleted)
7d345cdc6000-7d345cdc7000 rw-s 00000000 00:01 154542                     /memfd:pipewire-memfd:flags=0x0000000f,type=2,size=4096 (deleted)
7d345cdc7000-7d345cdd0000 rw-s 00000000 00:01 151004                     /memfd:pipewire-memfd:flags=0x0000000f,type=2,size=32832 (deleted)
7d345cdd0000-7d345cdd9000 rw-s 00000000 00:01 151003                     /memfd:pipewire-memfd:flags=0x0000000f,type=2,size=32832 (deleted)
7d345cdd9000-7d345cdda000 rw-s 00000000 00:01 20680                      /memfd:pipewire-memfd:flags=0x0000000f,type=2,size=2312 (deleted)
7d345cdda000-7d345cddb000 rw-s 00000000 00:01 154541                     /memfd:pipewire-memfd:flags=0x0000000f,type=2,size=2312 (deleted)
7d345cddb000-7d345cddc000 rw-s 00000000 00:01 148023                     /memfd:pipewire-memfd:flags=0x0000000f,type=2,size=2312 (deleted)
7d345cddc000-7d345cddd000 rw-s 00000000 00:01 158093                     /memfd:pipewire-memfd:flags=0x0000000f,type=2,size=4096 (deleted)
7d345cddd000-7d345cde6000 rw-s 00000000 00:01 154540                     /memfd:pipewire-memfd:flags=0x0000000f,type=2,size=32832 (deleted)
7d345cde6000-7d345cdef000 rw-s 00000000 00:01 154539                     /memfd:pipewire-memfd:flags=0x0000000f,type=2,size=32832 (deleted)
7d345cdef000-7d345cdf0000 rw-s 00000000 00:01 20680                      /memfd:pipewire-memfd:flags=0x0000000f,type=2,size=2312 (deleted)
7d345cdf0000-7d345cdf1000 rw-s 00000000 00:01 158092                     /memfd:pipewire-memfd:flags=0x0000000f,type=2,size=2312 (deleted)
7d345cdf1000-7d345cdf2000 rw-s 00000000 00:01 156184                     /memfd:pipewire-memfd:flags=0x0000000f,type=2,size=2312 (deleted)
7d345cdf2000-7d345cdf3000 rw-s 00000000 00:01 157149                     /memfd:pipewire-memfd:flags=0x0000000f,type=2,size=4096 (deleted)
7d345cdf3000-7d345cdfc000 rw-s 00000000 00:01 154538                     /memfd:pipewire-memfd:flags=0x0000000f,type=2,size=32832 (deleted)
7d345cdfc000-7d345ce05000 rw-s 00000000 00:01 154537                     /memfd:pipewire-memfd:flags=0x0000000f,type=2,size=32832 (deleted)
7d345ce05000-7d345ce06000 rw-s 00000000 00:01 20680                      /memfd:pipewire-memfd:flags=0x0000000f,type=2,size=2312 (deleted)
7d345ce06000-7d345ce07000 rw-s 00000000 00:01 157148                     /memfd:pipewire-memfd:flags=0x0000000f,type=2,size=2312 (deleted)
7d345ce07000-7d345ce08000 rw-s 00000000 00:01 155452                     /memfd:pipewire-memfd:flags=0x0000000f,type=2,size=2312 (deleted)
7d345ce08000-7d345ce09000 rw-s 00000000 00:01 148022                     /memfd:pipewire-memfd:flags=0x0000000f,type=2,size=4096 (deleted)
7d345ce09000-7d345ce12000 rw-s 00000000 00:01 153117                     /memfd:pipewire-memfd:flags=0x0000000f,type=2,size=32832 (deleted)
7d345ce12000-7d345ce1b000 rw-s 00000000 00:01 153116                     /memfd:pipewire-memfd:flags=0x0000000f,type=2,size=32832 (deleted)
7d345ce1b000-7d345ce1c000 rw-s 00000000 00:01 20680                      /memfd:pipewire-memfd:flags=0x0000000f,type=2,size=2312 (deleted)
7d345ce1c000-7d345ce1d000 rw-s 00000000 00:01 148021                     /memfd:pipewire-memfd:flags=0x0000000f,type=2,size=2312 (deleted)
7d345ce1d000-7d345ce1e000 rw-s 00000000 00:01 160912                     /memfd:pipewire-memfd:flags=0x0000000f,type=2,size=2312 (deleted)
7d345ce1e000-7d345ce1f000 rw-s 00000000 00:01 152358                     /memfd:pipewire-memfd:flags=0x0000000f,type=2,size=4096 (deleted)
7d345ce1f000-7d345ce28000 rw-s 00000000 00:01 148020                     /memfd:pipewire-memfd:flags=0x0000000f,type=2,size=32832 (deleted)
7d345ce28000-7d345ce31000 rw-s 00000000 00:01 148019                     /memfd:pipewire-memfd:flags=0x0000000f,type=2,size=32832 (deleted)
7d345ce31000-7d345ce32000 rw-s 00000000 00:01 20680                      /memfd:pipewire-memfd:flags=0x0000000f,type=2,size=2312 (deleted)
7d345ce32000-7d345ce33000 rw-s 00000000 00:01 152357                     /memfd:pipewire-memfd:flags=0x0000000f,type=2,size=2312 (deleted)
7d345ce33000-7d345ce34000 rw-s 00000000 00:01 150021                     /memfd:pipewire-memfd:flags=0x0000000f,type=2,size=2312 (deleted)
7d345ce34000-7d345ce35000 rw-s 00000000 00:01 154536                     /memfd:pipewire-memfd:flags=0x0000000f,type=2,size=4096 (deleted)
7d345ce35000-7d345ce3e000 rw-s 00000000 00:01 152356                     /memfd:pipewire-memfd:flags=0x0000000f,type=2,size=32832 (deleted)
7d345ce3e000-7d345ce47000 rw-s 00000000 00:01 152355                     /memfd:pipewire-memfd:flags=0x0000000f,type=2,size=32832 (deleted)
7d345ce47000-7d345ce48000 rw-s 00000000 00:01 20680                      /memfd:pipewire-memfd:flags=0x0000000f,type=2,size=2312 (deleted)
7d345ce48000-7d345ce49000 rw-s 00000000 00:01 154535                     /memfd:pipewire-memfd:flags=0x0000000f,type=2,size=2312 (deleted)
7d345ce49000-7d345ce4a000 rw-s 00000000 00:01 155451                     /memfd:pipewire-memfd:flags=0x0000000f,type=2,size=2312 (deleted)
7d345ce4a000-7d345ce4b000 rw-s 00000000 00:01 151002                     /memfd:pipewire-memfd:flags=0x0000000f,type=2,size=4096 (deleted)
7d345ce4b000-7d345ce54000 rw-s 00000000 00:01 154534                     /memfd:pipewire-memfd:flags=0x0000000f,type=2,size=32832 (deleted)
7d345ce54000-7d345ce5d000 rw-s 00000000 00:01 154533                     /memfd:pipewire-memfd:flags=0x0000000f,type=2,size=32832 (deleted)
7d345ce5d000-7d345ce5e000 rw-s 00000000 00:01 20680                      /memfd:pipewire-memfd:flags=0x0000000f,type=2,size=2312 (deleted)
7d345ce5e000-7d345ce5f000 rw-s 00000000 00:01 160911                     /memfd:pipewire-memfd:flags=0x0000000f,type=2,size=2312 (deleted)
7d345ce5f000-7d345ce60000 rw-s 00000000 00:01 161857                     /memfd:pipewire-memfd:flags=0x0000000f,type=2,size=2312 (deleted)
7d345ce60000-7d345ce61000 rw-s 00000000 00:01 160910                     /memfd:pipewire-memfd:flags=0x0000000f,type=2,size=4096 (deleted)
7d345ce61000-7d345ce6a000 rw-s 00000000 00:01 150020                     /memfd:pipewire-memfd:flags=0x0000000f,type=2,size=32832 (deleted)
7d345ce6a000-7d345ce73000 rw-s 00000000 00:01 150019                     /memfd:pipewire-memfd:flags=0x0000000f,type=2,size=32832 (deleted)
7d345ce73000-7d345ce74000 rw-s 00000000 00:01 20680                      /memfd:pipewire-memfd:flags=0x0000000f,type=2,size=2312 (deleted)
7d345ce74000-7d345ce75000 rw-s 00000000 00:01 160909                     /memfd:pipewire-memfd:flags=0x0000000f,type=2,size=2312 (deleted)
7d345ce75000-7d345ce76000 rw-s 00000000 00:01 145394                     /memfd:pipewire-memfd:flags=0x0000000f,type=2,size=2312 (deleted)
7d345ce76000-7d345ce77000 rw-s 00000000 00:01 154530                     /memfd:pipewire-memfd:flags=0x0000000f,type=2,size=4096 (deleted)
7d345ce77000-7d345ce80000 rw-s 00000000 00:01 154532                     /memfd:pipewire-memfd:flags=0x0000000f,type=2,size=32832 (deleted)
7d345ce80000-7d345ce89000 rw-s 00000000 00:01 154531                     /memfd:pipewire-memfd:flags=0x0000000f,type=2,size=32832 (deleted)
7d345ce89000-7d345ce8a000 rw-s 00000000 00:01 20680                      /memfd:pipewire-memfd:flags=0x0000000f,type=2,size=2312 (deleted)
7d345ce8a000-7d345ce8b000 rw-s 00000000 00:01 154529                     /memfd:pipewire-memfd:flags=0x0000000f,type=2,size=2312 (deleted)
7d345ce8b000-7d345ce8c000 rw-s 00000000 00:01 145393                     /memfd:pipewire-memfd:flags=0x0000000f,type=2,size=2312 (deleted)
7d345ce8c000-7d345ce8d000 rw-s 00000000 00:01 161856                     /memfd:pipewire-memfd:flags=0x0000000f,type=2,size=4096 (deleted)
7d345ce8d000-7d345ce96000 rw-s 00000000 00:01 154528                     /memfd:pipewire-memfd:flags=0x0000000f,type=2,size=32832 (deleted)
7d345ce96000-7d345ce9f000 rw-s 00000000 00:01 154527                     /memfd:pipewire-memfd:flags=0x0000000f,type=2,size=32832 (deleted)
7d345ce9f000-7d345cea0000 rw-s 00000000 00:01 20680                      /memfd:pipewire-memfd:flags=0x0000000f,type=2,size=2312 (deleted)
7d345cea0000-7d345cea1000 rw-s 00000000 00:01 161855                     /memfd:pipewire-memfd:flags=0x0000000f,type=2,size=2312 (deleted)
7d345cea1000-7d345cea2000 rw-s 00000000 00:01 158991                     /memfd:pipewire-memfd:flags=0x0000000f,type=2,size=2312 (deleted)
7d345cea2000-7d345cea3000 rw-s 00000000 00:01 146208                     /memfd:pipewire-memfd:flags=0x0000000f,type=2,size=4096 (deleted)
7d345cea3000-7d345ceac000 rw-s 00000000 00:01 161854                     /memfd:pipewire-memfd:flags=0x0000000f,type=2,size=32832 (deleted)
7d345ceac000-7d345ceb5000 rw-s 00000000 00:01 161853                     /memfd:pipewire-memfd:flags=0x0000000f,type=2,size=32832 (deleted)
7d345ceb5000-7d345ceb6000 rw-s 00000000 00:01 20680                      /memfd:pipewire-memfd:flags=0x0000000f,type=2,size=2312 (deleted)
7d345ceb6000-7d345ceb7000 rw-s 00000000 00:01 146207                     /memfd:pipewire-memfd:flags=0x0000000f,type=2,size=2312 (deleted)
7d345ceb7000-7d345ceb8000 rw-s 00000000 00:01 157147                     /memfd:pipewire-memfd:flags=0x0000000f,type=2,size=2312 (deleted)
7d345ceb8000-7d345ceb9000 rw-s 00000000 00:01 151001                     /memfd:pipewire-memfd:flags=0x0000000f,type=2,size=4096 (deleted)
7d345ceb9000-7d345cec2000 rw-s 00000000 00:01 146206                     /memfd:pipewire-memfd:flags=0x0000000f,type=2,size=32832 (deleted)
7d345cec2000-7d345cec6000 ---p 00000000 00:00 0 
7d345cec6000-7d345cfc2000 rw-p 00000000 00:00 0 
7d345cfc2000-7d345cfcb000 rw-s 00000000 00:01 146205                     /memfd:pipewire-memfd:flags=0x0000000f,type=2,size=32832 (deleted)
7d345cfcb000-7d345cfcc000 rw-s 00000000 00:01 20680                      /memfd:pipewire-memfd:flags=0x0000000f,type=2,size=2312 (deleted)
7d345cfcc000-7d345cfcd000 rw-s 00000000 00:01 151000                     /memfd:pipewire-memfd:flags=0x0000000f,type=2,size=2312 (deleted)
7d345cfcd000-7d345cfce000 rw-s 00000000 00:01 155450                     /memfd:pipewire-memfd:flags=0x0000000f,type=2,size=2312 (deleted)
7d345cfce000-7d345cfcf000 rw-s 00000000 00:01 158091                     /memfd:pipewire-memfd:flags=0x0000000f,type=2,size=4096 (deleted)
7d345cfcf000-7d345cfd8000 rw-s 00000000 00:01 148018                     /memfd:pipewire-memfd:flags=0x0000000f,type=2,size=32832 (deleted)
7d345cfd8000-7d345cfe1000 rw-s 00000000 00:01 148017                     /memfd:pipewire-memfd:flags=0x0000000f,type=2,size=32832 (deleted)
7d345cfe1000-7d345cfe2000 rw-s 00000000 00:01 20680                      /memfd:pipewire-memfd:flags=0x0000000f,type=2,size=2312 (deleted)
7d345cfe2000-7d345cfe3000 rw-s 00000000 00:01 158090                     /memfd:pipewire-memfd:flags=0x0000000f,type=2,size=2312 (deleted)
7d345cfe3000-7d345cfe4000 rw-s 00000000 00:01 145392                     /memfd:pipewire-memfd:flags=0x0000000f,type=2,size=2312 (deleted)
7d345cfe4000-7d345cfe5000 rw-s 00000000 00:01 158089                     /memfd:pipewire-memfd:flags=0x0000000f,type=2,size=4096 (deleted)
7d345cfe5000-7d345cfee000 rw-s 00000000 00:01 155449                     /memfd:pipewire-memfd:flags=0x0000000f,type=2,size=32832 (deleted)
7d345cfee000-7d345cff7000 rw-s 00000000 00:01 155448                     /memfd:pipewire-memfd:flags=0x0000000f,type=2,size=32832 (deleted)
7d345cff7000-7d345cff8000 rw-s 00000000 00:01 20680                      /memfd:pipewire-memfd:flags=0x0000000f,type=2,size=2312 (deleted)
7d345cff8000-7d345cff9000 rw-s 00000000 00:01 158088                     /memfd:pipewire-memfd:flags=0x0000000f,type=2,size=2312 (deleted)
7d345cff9000-7d345cffa000 rw-s 00000000 00:01 146204                     /memfd:pipewire-memfd:flags=0x0000000f,type=2,size=2312 (deleted)
7d345cffa000-7d345cffb000 rw-s 00000000 00:01 148016                     /memfd:pipewire-memfd:flags=0x0000000f,type=2,size=4096 (deleted)
7d345cffb000-7d345d004000 rw-s 00000000 00:01 160908                     /memfd:pipewire-memfd:flags=0x0000000f,type=2,size=32832 (deleted)
7d345d004000-7d345d00d000 rw-s 00000000 00:01 160907                     /memfd:pipewire-memfd:flags=0x0000000f,type=2,size=32832 (deleted)
7d345d00d000-7d345d00e000 rw-s 00000000 00:01 20680                      /memfd:pipewire-memfd:flags=0x0000000f,type=2,size=2312 (deleted)
7d345d00e000-7d345d00f000 rw-s 00000000 00:01 148015                     /memfd:pipewire-memfd:flags=0x0000000f,type=2,size=2312 (deleted)
7d345d00f000-7d345d010000 rw-s 00000000 00:01 150018                     /memfd:pipewire-memfd:flags=0x0000000f,type=2,size=2312 (deleted)
7d345d010000-7d345d011000 rw-s 00000000 00:01 160906                     /memfd:pipewire-memfd:flags=0x0000000f,type=2,size=4096 (deleted)
7d345d011000-7d345d01a000 rw-s 00000000 00:01 148014                     /memfd:pipewire-memfd:flags=0x0000000f,type=2,size=32832 (deleted)
7d345d01a000-7d345d023000 rw-s 00000000 00:01 148013                     /memfd:pipewire-memfd:flags=0x0000000f,type=2,size=32832 (deleted)
7d345d023000-7d345d024000 rw-s 00000000 00:01 20680                      /memfd:pipewire-memfd:flags=0x0000000f,type=2,size=2312 (deleted)
7d345d024000-7d345d025000 rw-s 00000000 00:01 160905                     /memfd:pipewire-memfd:flags=0x0000000f,type=2,size=2312 (deleted)
7d345d025000-7d345d026000 rw-s 00000000 00:01 158087                     /memfd:pipewire-memfd:flags=0x0000000f,type=2,size=2312 (deleted)
7d345d026000-7d345d027000 rw-s 00000000 00:01 145391                     /memfd:pipewire-memfd:flags=0x0000000f,type=2,size=4096 (deleted)
7d345d027000-7d345d030000 rw-s 00000000 00:01 160904                     /memfd:pipewire-memfd:flags=0x0000000f,type=2,size=32832 (deleted)
7d345d030000-7d345d039000 rw-s 00000000 00:01 160903                     /memfd:pipewire-memfd:flags=0x0000000f,type=2,size=32832 (deleted)
7d345d039000-7d345d03a000 rw-s 00000000 00:01 20680                      /memfd:pipewire-memfd:flags=0x0000000f,type=2,size=2312 (deleted)
7d345d03a000-7d345d03b000 rw-s 00000000 00:01 145390                     /memfd:pipewire-memfd:flags=0x0000000f,type=2,size=2312 (deleted)
7d345d03b000-7d345d03c000 rw-s 00000000 00:01 156183                     /memfd:pipewire-memfd:flags=0x0000000f,type=2,size=2312 (deleted)
7d345d03c000-7d345d03d000 rw-s 00000000 00:01 154526                     /memfd:pipewire-memfd:flags=0x0000000f,type=2,size=4096 (deleted)
7d345d03d000-7d345d046000 rw-s 00000000 00:01 150999                     /memfd:pipewire-memfd:flags=0x0000000f,type=2,size=32832 (deleted)
7d345d046000-7d345d04f000 rw-s 00000000 00:01 150998                     /memfd:pipewire-memfd:flags=0x0000000f,type=2,size=32832 (deleted)
7d345d04f000-7d345d050000 rw-s 00000000 00:01 20680                      /memfd:pipewire-memfd:flags=0x0000000f,type=2,size=2312 (deleted)
7d345d050000-7d345d051000 rw-s 00000000 00:01 154525                     /memfd:pipewire-memfd:flags=0x0000000f,type=2,size=2312 (deleted)
7d345d051000-7d345d052000 rw-s 00000000 00:01 158086                     /memfd:pipewire-memfd:flags=0x0000000f,type=2,size=2312 (deleted)
7d345d052000-7d345d053000 rw-s 00000000 00:01 161850                     /memfd:pipewire-memfd:flags=0x0000000f,type=2,size=4096 (deleted)
7d345d053000-7d345d05c000 rw-s 00000000 00:01 161852                     /memfd:pipewire-memfd:flags=0x0000000f,type=2,size=32832 (deleted)
7d345d05c000-7d345d065000 rw-s 00000000 00:01 161851                     /memfd:pipewire-memfd:flags=0x0000000f,type=2,size=32832 (deleted)
7d345d065000-7d345d066000 rw-s 00000000 00:01 20680                      /memfd:pipewire-memfd:flags=0x0000000f,type=2,size=2312 (deleted)
7d345d066000-7d345d067000 rw-s 00000000 00:01 161849                     /memfd:pipewire-memfd:flags=0x0000000f,type=2,size=2312 (deleted)
7d345d067000-7d345d068000 rw-s 00000000 00:01 145389                     /memfd:pipewire-memfd:flags=0x0000000f,type=2,size=2312 (deleted)
7d345d068000-7d345d069000 rw-s 00000000 00:01 153115                     /memfd:pipewire-memfd:flags=0x0000000f,type=2,size=4096 (deleted)
7d345d069000-7d345d072000 rw-s 00000000 00:01 146203                     /memfd:pipewire-memfd:flags=0x0000000f,type=2,size=32832 (deleted)
7d345d072000-7d345d07b000 rw-s 00000000 00:01 146202                     /memfd:pipewire-memfd:flags=0x0000000f,type=2,size=32832 (deleted)
7d345d07b000-7d345d07c000 rw-s 00000000 00:01 20680                      /memfd:pipewire-memfd:flags=0x0000000f,type=2,size=2312 (deleted)
7d345d07c000-7d345d07d000 rw-s 00000000 00:01 153114                     /memfd:pipewire-memfd:flags=0x0000000f,type=2,size=2312 (deleted)
7d345d07d000-7d345d07e000 rw-s 00000000 00:01 158085                     /memfd:pipewire-memfd:flags=0x0000000f,type=2,size=2312 (deleted)
7d345d07e000-7d345d07f000 rw-s 00000000 00:01 157146                     /memfd:pipewire-memfd:flags=0x0000000f,type=2,size=4096 (deleted)
7d345d07f000-7d345d088000 rw-s 00000000 00:01 153113                     /memfd:pipewire-memfd:flags=0x0000000f,type=2,size=32832 (deleted)
7d345d088000-7d345d091000 rw-s 00000000 00:01 153112                     /memfd:pipewire-memfd:flags=0x0000000f,type=2,size=32832 (deleted)
7d345d091000-7d345d092000 rw-s 00000000 00:01 20680                      /memfd:pipewire-memfd:flags=0x0000000f,type=2,size=2312 (deleted)
7d345d092000-7d345d093000 rw-s 00000000 00:01 157145                     /memfd:pipewire-memfd:flags=0x0000000f,type=2,size=2312 (deleted)
7d345d093000-7d345d094000 rw-s 00000000 00:01 152354                     /memfd:pipewire-memfd:flags=0x0000000f,type=2,size=2312 (deleted)
7d345d094000-7d345d095000 rw-s 00000000 00:01 157144                     /memfd:pipewire-memfd:flags=0x0000000f,type=2,size=4096 (deleted)
7d345d095000-7d345d09e000 rw-s 00000000 00:01 153111                     /memfd:pipewire-memfd:flags=0x0000000f,type=2,size=32832 (deleted)
7d345d09e000-7d345d0a7000 rw-s 00000000 00:01 153110                     /memfd:pipewire-memfd:flags=0x0000000f,type=2,size=32832 (deleted)
7d345d0a7000-7d345d0b0000 rw-s 00000000 00:01 145388                     /memfd:pipewire-memfd:flags=0x0000000f,type=2,size=32832 (deleted)
7d345d0b0000-7d345d0b9000 rw-s 00000000 00:01 145387                     /memfd:pipewire-memfd:flags=0x0000000f,type=2,size=32832 (deleted)
7d345d0b9000-7d345d0c2000 rw-s 00000000 00:01 158988                     /memfd:pipewire-memfd:flags=0x0000000f,type=2,size=32832 (deleted)
7d345d0c2000-7d345d0c3000 ---p 00000000 00:00 0 
7d345d0c3000-7d345d8c3000 rw-p 00000000 00:00 0 
7d345d8c3000-7d345d8c9000 r--p 00000000 08:02 17572404                   /usr/lib/x86_64-linux-gnu/libmp3lame.so.0.0.0
7d345d8c9000-7d345d8fa000 r-xp 00006000 08:02 17572404                   /usr/lib/x86_64-linux-gnu/libmp3lame.so.0.0.0
7d345d8fa000-7d345d90a000 r--p 00037000 08:02 17572404                   /usr/lib/x86_64-linux-gnu/libmp3lame.so.0.0.0
7d345d90a000-7d345d90b000 r--p 00047000 08:02 17572404                   /usr/lib/x86_64-linux-gnu/libmp3lame.so.0.0.0
7d345d90b000-7d345d90c000 rw-p 00048000 08:02 17572404                   /usr/lib/x86_64-linux-gnu/libmp3lame.so.0.0.0
7d345d90c000-7d345d939000 rw-p 00000000 00:00 0 
7d345d939000-7d345d93e000 r--p 00000000 08:02 17563945                   /usr/lib/x86_64-linux-gnu/libmpg123.so.0.48.2
7d345d93e000-7d345d979000 r-xp 00005000 08:02 17563945                   /usr/lib/x86_64-linux-gnu/libmpg123.so.0.48.2
7d345d979000-7d345d993000 r--p 00040000 08:02 17563945                   /usr/lib/x86_64-linux-gnu/libmpg123.so.0.48.2
7d345d993000-7d345d994000 r--p 0005a000 08:02 17563945                   /usr/lib/x86_64-linux-gnu/libmpg123.so.0.48.2
7d345d994000-7d345d995000 rw-p 0005b000 08:02 17563945                   /usr/lib/x86_64-linux-gnu/libmpg123.so.0.48.2
7d345d995000-7d345d998000 r--p 00000000 08:02 17589775                   /usr/lib/x86_64-linux-gnu/libopus.so.0.9.0
7d345d998000-7d345d9e2000 r-xp 00003000 08:02 17589775                   /usr/lib/x86_64-linux-gnu/libopus.so.0.9.0
7d345d9e2000-7d345d9f2000 r--p 0004d000 08:02 17589775                   /usr/lib/x86_64-linux-gnu/libopus.so.0.9.0
7d345d9f2000-7d345d9f3000 r--p 0005d000 08:02 17589775                   /usr/lib/x86_64-linux-gnu/libopus.so.0.9.0
7d345d9f3000-7d345d9f4000 rw-p 0005e000 08:02 17589775                   /usr/lib/x86_64-linux-gnu/libopus.so.0.9.0
7d345d9f4000-7d345da08000 r--p 00000000 08:02 17570099                   /usr/lib/x86_64-linux-gnu/libvorbisenc.so.2.0.12
7d345da08000-7d345da0b000 r-xp 00014000 08:02 17570099                   /usr/lib/x86_64-linux-gnu/libvorbisenc.so.2.0.12
7d345da0b000-7d345da82000 r--p 00017000 08:02 17570099                   /usr/lib/x86_64-linux-gnu/libvorbisenc.so.2.0.12
7d345da82000-7d345da9e000 r--p 0008d000 08:02 17570099                   /usr/lib/x86_64-linux-gnu/libvorbisenc.so.2.0.12
7d345da9e000-7d345da9f000 rw-p 000a9000 08:02 17570099                   /usr/lib/x86_64-linux-gnu/libvorbisenc.so.2.0.12
7d345da9f000-7d345daa7000 r--p 00000000 08:02 17577314                   /usr/lib/x86_64-linux-gnu/libFLAC.so.12.1.0
7d345daa7000-7d345daf9000 r-xp 00008000 08:02 17577314                   /usr/lib/x86_64-linux-gnu/libFLAC.so.12.1.0
7d345daf9000-7d345db01000 r--p 0005a000 08:02 17577314                   /usr/lib/x86_64-linux-gnu/libFLAC.so.12.1.0
7d345db01000-7d345db02000 r--p 00062000 08:02 17577314                   /usr/lib/x86_64-linux-gnu/libFLAC.so.12.1.0
7d345db02000-7d345db03000 rw-p 00063000 08:02 17577314                   /usr/lib/x86_64-linux-gnu/libFLAC.so.12.1.0
7d345db03000-7d345db06000 r--p 00000000 08:02 17567420                   /usr/lib/x86_64-linux-gnu/libapparmor.so.1.17.1
7d345db06000-7d345db0f000 r-xp 00003000 08:02 17567420                   /usr/lib/x86_64-linux-gnu/libapparmor.so.1.17.1
7d345db0f000-7d345db15000 r--p 0000c000 08:02 17567420                   /usr/lib/x86_64-linux-gnu/libapparmor.so.1.17.1
7d345db15000-7d345db16000 r--p 00012000 08:02 17567420                   /usr/lib/x86_64-linux-gnu/libapparmor.so.1.17.1
7d345db16000-7d345db17000 rw-p 00013000 08:02 17567420                   /usr/lib/x86_64-linux-gnu/libapparmor.so.1.17.1
7d345db17000-7d345db19000 r--p 00000000 08:02 17572400                   /usr/lib/x86_64-linux-gnu/libasyncns.so.0.3.1
7d345db19000-7d345db1c000 r-xp 00002000 08:02 17572400                   /usr/lib/x86_64-linux-gnu/libasyncns.so.0.3.1
7d345db1c000-7d345db1d000 r--p 00005000 08:02 17572400                   /usr/lib/x86_64-linux-gnu/libasyncns.so.0.3.1
7d345db1d000-7d345db1e000 r--p 00005000 08:02 17572400                   /usr/lib/x86_64-linux-gnu/libasyncns.so.0.3.1
7d345db1e000-7d345db1f000 rw-p 00006000 08:02 17572400                   /usr/lib/x86_64-linux-gnu/libasyncns.so.0.3.1
7d345db1f000-7d345db27000 r--p 00000000 08:02 17577318                   /usr/lib/x86_64-linux-gnu/libsndfile.so.1.0.37
7d345db27000-7d345db88000 r-xp 00008000 08:02 17577318                   /usr/lib/x86_64-linux-gnu/libsndfile.so.1.0.37
7d345db88000-7d345dba1000 r--p 00069000 08:02 17577318                   /usr/lib/x86_64-linux-gnu/libsndfile.so.1.0.37
7d345dba1000-7d345dba4000 r--p 00081000 08:02 17577318                   /usr/lib/x86_64-linux-gnu/libsndfile.so.1.0.37
7d345dba4000-7d345dba5000 rw-p 00084000 08:02 17577318                   /usr/lib/x86_64-linux-gnu/libsndfile.so.1.0.37
7d345dba5000-7d345dba7000 rw-p 00000000 00:00 0 
7d345dba7000-7d345dbb9000 r--p 00000000 08:02 17565729                   /usr/lib/x86_64-linux-gnu/pulseaudio/libpulsecommon-16.1.so
7d345dbb9000-7d345dc03000 r-xp 00012000 08:02 17565729                   /usr/lib/x86_64-linux-gnu/pulseaudio/libpulsecommon-16.1.so
7d345dc03000-7d345dc22000 r--p 0005c000 08:02 17565729                   /usr/lib/x86_64-linux-gnu/pulseaudio/libpulsecommon-16.1.so
7d345dc22000-7d345dc24000 r--p 0007a000 08:02 17565729                   /usr/lib/x86_64-linux-gnu/pulseaudio/libpulsecommon-16.1.so
7d345dc24000-7d345dc25000 rw-p 0007c000 08:02 17565729                   /usr/lib/x86_64-linux-gnu/pulseaudio/libpulsecommon-16.1.so
7d345dc25000-7d345dc31000 r--p 00000000 08:02 17565727                   /usr/lib/x86_64-linux-gnu/libpulse.so.0.24.2
7d345dc31000-7d345dc62000 r-xp 0000c000 08:02 17565727                   /usr/lib/x86_64-linux-gnu/libpulse.so.0.24.2
7d345dc62000-7d345dc73000 r--p 0003d000 08:02 17565727                   /usr/lib/x86_64-linux-gnu/libpulse.so.0.24.2
7d345dc73000-7d345dc75000 r--p 0004d000 08:02 17565727                   /usr/lib/x86_64-linux-gnu/libpulse.so.0.24.2
7d345dc75000-7d345dc76000 rw-p 0004f000 08:02 17565727                   /usr/lib/x86_64-linux-gnu/libpulse.so.0.24.2
7d345dc76000-7d345dc77000 r--p 00000000 08:02 17589505                   /usr/lib/x86_64-linux-gnu/spa-0.2/support/libspa-dbus.so
7d345dc77000-7d345dc7a000 r-xp 00001000 08:02 17589505                   /usr/lib/x86_64-linux-gnu/spa-0.2/support/libspa-dbus.so
7d345dc7a000-7d345dc7b000 r--p 00004000 08:02 17589505                   /usr/lib/x86_64-linux-gnu/spa-0.2/support/libspa-dbus.so
7d345dc7b000-7d345dc7c000 r--p 00004000 08:02 17589505                   /usr/lib/x86_64-linux-gnu/spa-0.2/support/libspa-dbus.so
7d345dc7c000-7d345dc7d000 rw-p 00005000 08:02 17589505                   /usr/lib/x86_64-linux-gnu/spa-0.2/support/libspa-dbus.so
7d345dc7d000-7d345dc7e000 r--p 00000000 08:02 17589507                   /usr/lib/x86_64-linux-gnu/spa-0.2/support/libspa-journal.so
7d345dc7e000-7d345dc80000 r-xp 00001000 08:02 17589507                   /usr/lib/x86_64-linux-gnu/spa-0.2/support/libspa-journal.so
7d345dc80000-7d345dc81000 r--p 00003000 08:02 17589507                   /usr/lib/x86_64-linux-gnu/spa-0.2/support/libspa-journal.so
7d345dc81000-7d345dc82000 r--p 00003000 08:02 17589507                   /usr/lib/x86_64-linux-gnu/spa-0.2/support/libspa-journal.so
7d345dc82000-7d345dc83000 rw-p 00004000 08:02 17589507                   /usr/lib/x86_64-linux-gnu/spa-0.2/support/libspa-journal.so
7d345dc83000-7d345dc84000 r--p 00000000 08:02 17578473                   /usr/lib/x86_64-linux-gnu/librt.so.1
7d345dc84000-7d345dc85000 r-xp 00001000 08:02 17578473                   /usr/lib/x86_64-linux-gnu/librt.so.1
7d345dc85000-7d345dc86000 r--p 00002000 08:02 17578473                   /usr/lib/x86_64-linux-gnu/librt.so.1
7d345dc86000-7d345dc87000 r--p 00002000 08:02 17578473                   /usr/lib/x86_64-linux-gnu/librt.so.1
7d345dc87000-7d345dc88000 rw-p 00003000 08:02 17578473                   /usr/lib/x86_64-linux-gnu/librt.so.1
7d345dc88000-7d345dc8c000 r-xp 00000000 08:02 26744193                   /home/linux/.openjfx/cache/21.0.6+3/amd64/libjavafx_font_pango.so
7d345dc8c000-7d345dc8d000 r--p 00003000 08:02 26744193                   /home/linux/.openjfx/cache/21.0.6+3/amd64/libjavafx_font_pango.so
7d345dc8d000-7d345dc8e000 rw-p 00004000 08:02 26744193                   /home/linux/.openjfx/cache/21.0.6+3/amd64/libjavafx_font_pango.so
7d345dc8e000-7d345dc8f000 ---p 00000000 00:00 0 
7d345dc8f000-7d345dd8f000 rw-p 00000000 00:00 0 
7d345dd8f000-7d345dd90000 ---p 00000000 00:00 0 
7d345dd90000-7d345de90000 rw-p 00000000 00:00 0 
7d345de90000-7d345de91000 rw-s 00000000 00:01 20680                      /memfd:pipewire-memfd:flags=0x0000000f,type=2,size=2312 (deleted)
7d345de91000-7d345de92000 rw-s 00000000 00:01 157143                     /memfd:pipewire-memfd:flags=0x0000000f,type=2,size=2312 (deleted)
7d345de92000-7d345de93000 rw-s 00000000 00:01 158084                     /memfd:pipewire-memfd:flags=0x0000000f,type=2,size=2312 (deleted)
7d345de93000-7d345de94000 rw-s 00000000 00:01 158990                     /memfd:pipewire-memfd:flags=0x0000000f,type=2,size=4096 (deleted)
7d345de94000-7d345de95000 rw-s 00000000 00:01 20680                      /memfd:pipewire-memfd:flags=0x0000000f,type=2,size=2312 (deleted)
7d345de95000-7d345de96000 rw-s 00000000 00:01 158989                     /memfd:pipewire-memfd:flags=0x0000000f,type=2,size=2312 (deleted)
7d345de96000-7d345de97000 rw-s 00000000 00:01 156182                     /memfd:pipewire-memfd:flags=0x0000000f,type=2,size=2312 (deleted)
7d345de97000-7d345de98000 rw-s 00000000 00:01 150017                     /memfd:pipewire-memfd:flags=0x0000000f,type=2,size=4096 (deleted)
7d345de98000-7d345dea1000 rw-s 00000000 00:01 158987                     /memfd:pipewire-memfd:flags=0x0000000f,type=2,size=32832 (deleted)
7d345dea1000-7d345dea2000 rw-s 00000000 00:01 20680                      /memfd:pipewire-memfd:flags=0x0000000f,type=2,size=2312 (deleted)
7d345dea2000-7d345dea3000 rw-s 00000000 00:01 150016                     /memfd:pipewire-memfd:flags=0x0000000f,type=2,size=2312 (deleted)
7d345dea3000-7d345dea4000 rw-s 00000000 00:01 145386                     /memfd:pipewire-memfd:flags=0x0000000f,type=2,size=2312 (deleted)
7d345dea4000-7d345dea5000 rw-s 00000000 00:01 150015                     /memfd:pipewire-memfd:flags=0x0000000f,type=2,size=4096 (deleted)
7d345dea5000-7d345deae000 rw-s 00000000 00:01 160902                     /memfd:pipewire-memfd:flags=0x0000000f,type=2,size=32832 (deleted)
7d345deae000-7d345deb7000 rw-s 00000000 00:01 160901                     /memfd:pipewire-memfd:flags=0x0000000f,type=2,size=32832 (deleted)
7d345deb7000-7d345deb8000 rw-s 00000000 00:01 20680                      /memfd:pipewire-memfd:flags=0x0000000f,type=2,size=2312 (deleted)
7d345deb8000-7d345deb9000 rw-s 00000000 00:01 150014                     /memfd:pipewire-memfd:flags=0x0000000f,type=2,size=2312 (deleted)
7d345deb9000-7d345deba000 rw-s 00000000 00:01 161848                     /memfd:pipewire-memfd:flags=0x0000000f,type=2,size=2312 (deleted)
7d345deba000-7d345debb000 rw-s 00000000 00:01 159971                     /memfd:pipewire-memfd:flags=0x0000000f,type=2,size=4096 (deleted)
7d345debb000-7d345dec4000 rw-s 00000000 00:01 150011                     /memfd:pipewire-memfd:flags=0x0000000f,type=2,size=32832 (deleted)
7d345dec4000-7d345decd000 rw-s 00000000 00:01 150010                     /memfd:pipewire-memfd:flags=0x0000000f,type=2,size=32832 (deleted)
7d345decd000-7d345dece000 rw-s 00000000 00:01 20680                      /memfd:pipewire-memfd:flags=0x0000000f,type=2,size=2312 (deleted)
7d345dece000-7d345decf000 rw-s 00000000 00:01 159970                     /memfd:pipewire-memfd:flags=0x0000000f,type=2,size=2312 (deleted)
7d345decf000-7d345ded0000 rw-s 00000000 00:01 150997                     /memfd:pipewire-memfd:flags=0x0000000f,type=2,size=2312 (deleted)
7d345ded0000-7d345ded1000 rw-s 00000000 00:01 150009                     /memfd:pipewire-memfd:flags=0x0000000f,type=2,size=4096 (deleted)
7d345ded1000-7d345deda000 rw-s 00000000 00:01 159969                     /memfd:pipewire-memfd:flags=0x0000000f,type=2,size=32832 (deleted)
7d345deda000-7d345dee3000 rw-s 00000000 00:01 159968                     /memfd:pipewire-memfd:flags=0x0000000f,type=2,size=32832 (deleted)
7d345dee3000-7d345dee4000 rw-s 00000000 00:01 20680                      /memfd:pipewire-memfd:flags=0x0000000f,type=2,size=2312 (deleted)
7d345dee4000-7d345dee5000 rw-s 00000000 00:01 150008                     /memfd:pipewire-memfd:flags=0x0000000f,type=2,size=2312 (deleted)
7d345dee5000-7d345dee6000 rw-s 00000000 00:01 160900                     /memfd:pipewire-memfd:flags=0x0000000f,type=2,size=2312 (deleted)
7d345dee6000-7d345dee7000 rw-s 00000000 00:01 150005                     /memfd:pipewire-memfd:flags=0x0000000f,type=2,size=4096 (deleted)
7d345dee7000-7d345def0000 rw-s 00000000 00:01 150007                     /memfd:pipewire-memfd:flags=0x0000000f,type=2,size=32832 (deleted)
7d345def0000-7d345def9000 rw-s 00000000 00:01 150006                     /memfd:pipewire-memfd:flags=0x0000000f,type=2,size=32832 (deleted)
7d345def9000-7d345defa000 rw-s 00000000 00:01 20680                      /memfd:pipewire-memfd:flags=0x0000000f,type=2,size=2312 (deleted)
7d345defa000-7d345defb000 rw-s 00000000 00:01 150004                     /memfd:pipewire-memfd:flags=0x0000000f,type=2,size=2312 (deleted)
7d345defb000-7d345defc000 rw-s 00000000 00:01 161846                     /memfd:pipewire-memfd:flags=0x0000000f,type=2,size=2312 (deleted)
7d345defc000-7d345defd000 rw-s 00000000 00:01 150003                     /memfd:pipewire-memfd:flags=0x0000000f,type=2,size=4096 (deleted)
7d345defd000-7d345df06000 rw-s 00000000 00:01 158986                     /memfd:pipewire-memfd:flags=0x0000000f,type=2,size=32832 (deleted)
7d345df06000-7d345df0f000 rw-s 00000000 00:01 158985                     /memfd:pipewire-memfd:flags=0x0000000f,type=2,size=32832 (deleted)
7d345df0f000-7d345df10000 rw-s 00000000 00:01 20680                      /memfd:pipewire-memfd:flags=0x0000000f,type=2,size=2312 (deleted)
7d345df10000-7d345df11000 rw-s 00000000 00:01 150002                     /memfd:pipewire-memfd:flags=0x0000000f,type=2,size=2312 (deleted)
7d345df11000-7d345df12000 rw-s 00000000 00:01 153109                     /memfd:pipewire-memfd:flags=0x0000000f,type=2,size=2312 (deleted)
7d345df12000-7d345df13000 rw-s 00000000 00:01 156181                     /memfd:pipewire-memfd:flags=0x0000000f,type=2,size=4096 (deleted)
7d345df13000-7d345df1c000 rw-s 00000000 00:01 150013                     /memfd:pipewire-memfd:flags=0x0000000f,type=2,size=32832 (deleted)
7d345df1c000-7d345df25000 rw-s 00000000 00:01 150012                     /memfd:pipewire-memfd:flags=0x0000000f,type=2,size=32832 (deleted)
7d345df25000-7d345df26000 rw-s 00000000 00:01 20680                      /memfd:pipewire-memfd:flags=0x0000000f,type=2,size=2312 (deleted)
7d345df26000-7d345df27000 rw-s 00000000 00:01 156180                     /memfd:pipewire-memfd:flags=0x0000000f,type=2,size=2312 (deleted)
7d345df27000-7d345df28000 rw-s 00000000 00:01 161847                     /memfd:pipewire-memfd:flags=0x0000000f,type=2,size=2312 (deleted)
7d345df28000-7d345df29000 rw-s 00000000 00:01 155445                     /memfd:pipewire-memfd:flags=0x0000000f,type=2,size=4096 (deleted)
7d345df29000-7d345df32000 rw-s 00000000 00:01 155447                     /memfd:pipewire-memfd:flags=0x0000000f,type=2,size=32832 (deleted)
7d345df32000-7d345df3b000 rw-s 00000000 00:01 155446                     /memfd:pipewire-memfd:flags=0x0000000f,type=2,size=32832 (deleted)
7d345df3b000-7d345df3c000 rw-s 00000000 00:01 20680                      /memfd:pipewire-memfd:flags=0x0000000f,type=2,size=2312 (deleted)
7d345df3c000-7d345df3d000 rw-s 00000000 00:01 155444                     /memfd:pipewire-memfd:flags=0x0000000f,type=2,size=2312 (deleted)
7d345df3d000-7d345df3e000 rw-s 00000000 00:01 150996                     /memfd:pipewire-memfd:flags=0x0000000f,type=2,size=2312 (deleted)
7d345df3e000-7d345df3f000 rw-s 00000000 00:01 160895                     /memfd:pipewire-memfd:flags=0x0000000f,type=2,size=4096 (deleted)
7d345df3f000-7d345df48000 rw-s 00000000 00:01 161845                     /memfd:pipewire-memfd:flags=0x0000000f,type=2,size=32832 (deleted)
7d345df48000-7d345df51000 rw-s 00000000 00:01 161844                     /memfd:pipewire-memfd:flags=0x0000000f,type=2,size=32832 (deleted)
7d345df51000-7d345df52000 rw-s 00000000 00:01 20680                      /memfd:pipewire-memfd:flags=0x0000000f,type=2,size=2312 (deleted)
7d345df52000-7d345df53000 rw-s 00000000 00:01 160894                     /memfd:pipewire-memfd:flags=0x0000000f,type=2,size=2312 (deleted)
7d345df53000-7d345df54000 rw-s 00000000 00:01 159966                     /memfd:pipewire-memfd:flags=0x0000000f,type=2,size=2312 (deleted)
7d345df54000-7d345df55000 rw-s 00000000 00:01 159963                     /memfd:pipewire-memfd:flags=0x0000000f,type=2,size=4096 (deleted)
7d345df55000-7d345df5e000 rw-s 00000000 00:01 159965                     /memfd:pipewire-memfd:flags=0x0000000f,type=2,size=32832 (deleted)
7d345df5e000-7d345df67000 rw-s 00000000 00:01 159964                     /memfd:pipewire-memfd:flags=0x0000000f,type=2,size=32832 (deleted)
7d345df67000-7d345df68000 rw-s 00000000 00:01 20680                      /memfd:pipewire-memfd:flags=0x0000000f,type=2,size=2312 (deleted)
7d345df68000-7d345df69000 rw-s 00000000 00:01 159962                     /memfd:pipewire-memfd:flags=0x0000000f,type=2,size=2312 (deleted)
7d345df69000-7d345df6a000 rw-s 00000000 00:01 155443                     /memfd:pipewire-memfd:flags=0x0000000f,type=2,size=2312 (deleted)
7d345df6a000-7d345df6b000 rw-s 00000000 00:01 160893                     /memfd:pipewire-memfd:flags=0x0000000f,type=2,size=4096 (deleted)
7d345df6b000-7d345df74000 rw-s 00000000 00:01 152351                     /memfd:pipewire-memfd:flags=0x0000000f,type=2,size=32832 (deleted)
7d345df74000-7d345df7d000 rw-s 00000000 00:01 152350                     /memfd:pipewire-memfd:flags=0x0000000f,type=2,size=32832 (deleted)
7d345df7d000-7d345df7e000 rw-s 00000000 00:01 20680                      /memfd:pipewire-memfd:flags=0x0000000f,type=2,size=2312 (deleted)
7d345df7e000-7d345df87000 rw-s 00000000 00:01 153108                     /memfd:pipewire-memfd:flags=0x0000000f,type=2,size=32832 (deleted)
7d345df87000-7d345df90000 rw-s 00000000 00:01 153107                     /memfd:pipewire-memfd:flags=0x0000000f,type=2,size=32832 (deleted)
7d345df90000-7d345df9e000 r--s 00000000 08:02 13109353                   /var/cache/fontconfig/a4e60e8d1e10d2fdff3fe3037a1845fb-le64.cache-9
7d345df9e000-7d345dffc000 r--s 00000000 08:02 13112488                   /var/cache/fontconfig/2300eef321c393bfd76478a5c0e95b23-le64.cache-9
7d345dffc000-7d345dffd000 ---p 00000000 00:00 0 
7d345dffd000-7d345e7fd000 rw-p 00000000 00:00 0 
7d345e7fd000-7d345e7fe000 ---p 00000000 00:00 0 
7d345e7fe000-7d345effe000 rw-p 00000000 00:00 0 
7d345effe000-7d345efff000 ---p 00000000 00:00 0 
7d345efff000-7d345f7ff000 rw-p 00000000 00:00 0 
7d345f7ff000-7d345f800000 ---p 00000000 00:00 0 
7d345f800000-7d3460000000 rw-p 00000000 00:00 0 
7d3460000000-7d3460021000 rw-p 00000000 00:00 0 
7d3460021000-7d3464000000 ---p 00000000 00:00 0 
7d3464000000-7d34640d6000 rw-p 00000000 00:00 0 
7d34640d6000-7d3468000000 ---p 00000000 00:00 0 
7d3468000000-7d34680be000 rw-p 00000000 00:00 0 
7d34680be000-7d346c000000 ---p 00000000 00:00 0 
7d346c000000-7d346c50f000 rw-p 00000000 00:00 0 
7d346c50f000-7d3470000000 ---p 00000000 00:00 0 
7d3470000000-7d3470021000 rw-p 00000000 00:00 0 
7d3470021000-7d3474000000 ---p 00000000 00:00 0 
7d3474000000-7d347406c000 rw-p 00000000 00:00 0 
7d347406c000-7d3478000000 ---p 00000000 00:00 0 
7d3478000000-7d3479a7b000 rw-p 00000000 00:00 0 
7d3479a7b000-7d347c000000 ---p 00000000 00:00 0 
7d347c000000-7d347c06f000 rw-p 00000000 00:00 0 
7d347c06f000-7d3480000000 ---p 00000000 00:00 0 
7d3480000000-7d3480001000 rw-s 00000000 00:01 149983                     /memfd:pipewire-memfd:flags=0x0000000f,type=2,size=2312 (deleted)
7d3480001000-7d3480003000 r--p 00000000 08:02 17579721                   /usr/lib/x86_64-linux-gnu/libcanberra-0.30/libcanberra-pulse.so
7d3480003000-7d3480007000 r-xp 00002000 08:02 17579721                   /usr/lib/x86_64-linux-gnu/libcanberra-0.30/libcanberra-pulse.so
7d3480007000-7d3480008000 r--p 00006000 08:02 17579721                   /usr/lib/x86_64-linux-gnu/libcanberra-0.30/libcanberra-pulse.so
7d3480008000-7d3480009000 r--p 00006000 08:02 17579721                   /usr/lib/x86_64-linux-gnu/libcanberra-0.30/libcanberra-pulse.so
7d3480009000-7d348000a000 rw-p 00007000 08:02 17579721                   /usr/lib/x86_64-linux-gnu/libcanberra-0.30/libcanberra-pulse.so
7d348000a000-7d348000b000 r--s 00000000 08:02 13112486                   /var/cache/fontconfig/0d8c3b2ac0904cb8a57a757ad11a4a08-le64.cache-9
7d348000b000-7d3480024000 r--s 00000000 08:02 13112456                   /var/cache/fontconfig/04aabc0a78ac019cf9454389977116d2-le64.cache-9
7d3480024000-7d3480025000 r--s 00000000 08:02 13112452                   /var/cache/fontconfig/1ac9eb803944fde146138c791f5cc56a-le64.cache-9
7d3480025000-7d348002e000 r--s 00000000 08:02 13112434                   /var/cache/fontconfig/2151c34eae6ab8b65f2db52eba5f75d1-le64.cache-9
7d348002e000-7d348002f000 r--s 00000000 08:02 13112380                   /var/cache/fontconfig/dc05db6664285cc2f12bf69c139ae4c3-le64.cache-9
7d348002f000-7d3480031000 r--s 00000000 08:02 13112349                   /var/cache/fontconfig/14a5e22175779b556eaa434240950366-le64.cache-9
7d3480031000-7d3480032000 r--s 00000000 08:02 13112339                   /var/cache/fontconfig/660208299946a285a940457d1287da33-le64.cache-9
7d3480032000-7d3480034000 r--s 00000000 08:02 13112283                   /var/cache/fontconfig/4f3e3037c9980c83b53a9351efadef62-le64.cache-9
7d3480034000-7d3480036000 r--s 00000000 08:02 13112266                   /var/cache/fontconfig/767a8244fc0220cfb567a839d0392e0b-le64.cache-9
7d3480036000-7d3480039000 r--s 00000000 08:02 13112217                   /var/cache/fontconfig/0bd3dc0958fa2205aaaa8ebb13e2872b-le64.cache-9
7d3480039000-7d348003e000 r--s 00000000 08:02 13112216                   /var/cache/fontconfig/def309198bfa603429122923fa2bb2d4-le64.cache-9
7d348003e000-7d348003f000 r--s 00000000 08:02 13112215                   /var/cache/fontconfig/b872e6e592da6075ffa4ab0a1fcc0c75-le64.cache-9
7d348003f000-7d3480040000 r--s 00000000 08:02 13112212                   /var/cache/fontconfig/f6d4eedfaab2589bde49f7a3ff831d22-le64.cache-9
7d3480040000-7d3480041000 r--s 00000000 08:02 13112134                   /var/cache/fontconfig/589f83ef4c36d296ce6e1c846f468f08-le64.cache-9
7d3480041000-7d3480042000 r--s 00000000 08:02 13112116                   /var/cache/fontconfig/bab58bb527bb656aaa9f116d68a48d89-le64.cache-9
7d3480042000-7d3480043000 r--s 00000000 08:02 13112113                   /var/cache/fontconfig/2171a34dccabdb6bcbbc728186263178-le64.cache-9
7d3480043000-7d3480044000 r--s 00000000 08:02 13111916                   /var/cache/fontconfig/c5c45a61289222e0d30b1a26ef4effbe-le64.cache-9
7d3480044000-7d3480045000 r--s 00000000 08:02 13111899                   /var/cache/fontconfig/aec30016f93e1b46d1a973dce0d74068-le64.cache-9
7d3480045000-7d3480046000 r--s 00000000 08:02 13111891                   /var/cache/fontconfig/3f589640d34b7dc9042c8d453f7c8b9c-le64.cache-9
7d3480046000-7d3480047000 r--s 00000000 08:02 13111868                   /var/cache/fontconfig/16c2fda60d1b4b719f4b3d06fd951d25-le64.cache-9
7d3480047000-7d3480048000 r--s 00000000 08:02 13111853                   /var/cache/fontconfig/a48eab177a16e4f3713381162db2f3e9-le64.cache-9
7d3480048000-7d3480049000 r--s 00000000 08:02 13111846                   /var/cache/fontconfig/564b2e68ac9bc4e36a6f7f6d6125ec1c-le64.cache-9
7d3480049000-7d348004a000 r--s 00000000 08:02 13110414                   /var/cache/fontconfig/da43223dd54fb3bb4243ae19d4b583b2-le64.cache-9
7d348004a000-7d3480052000 r--s 00000000 08:02 13111663                   /var/cache/fontconfig/3047814df9a2f067bd2d96a2b9c36e5a-le64.cache-9
7d3480052000-7d3480053000 r--s 00000000 08:02 13111645                   /var/cache/fontconfig/56cf4f4769d0f4abc89a4895d7bd3ae1-le64.cache-9
7d3480053000-7d3480054000 r--s 00000000 08:02 13111619                   /var/cache/fontconfig/b9d506c9ac06c20b433354fa67a72993-le64.cache-9
7d3480054000-7d348005b000 r--s 00000000 08:02 13111573                   /var/cache/fontconfig/b47c4e1ecd0709278f4910c18777a504-le64.cache-9
7d348005b000-7d3480072000 r--s 00000000 08:02 13111567                   /var/cache/fontconfig/d52a8644073d54c13679302ca1180695-le64.cache-9
7d3480072000-7d3480079000 r--s 00000000 08:02 13111399                   /var/cache/fontconfig/7ab2eb8330e5664a2b0e875ad8d37ad9-le64.cache-9
7d3480079000-7d348007a000 r--s 00000000 08:02 13111393                   /var/cache/fontconfig/370e5b74bf5dafc30834de68e24a87a4-le64.cache-9
7d348007a000-7d348007b000 r--s 00000000 08:02 13111353                   /var/cache/fontconfig/6b2c5944714ca7831b25bed9e85cb5c8-le64.cache-9
7d348007b000-7d348007e000 r--s 00000000 08:02 13111259                   /var/cache/fontconfig/f259c2cffa685e28062317905db73c4a-le64.cache-9
7d348007e000-7d348008b000 r--s 00000000 08:02 13110063                   /var/cache/fontconfig/d589a48862398ed80a3d6066f4f56f4c-le64.cache-9
7d348008b000-7d348009b000 r--s 00000000 08:02 13110918                   /var/cache/fontconfig/6cc790b63b123a6a96ee260fcdad32a9-le64.cache-9
7d348009b000-7d34800ac000 r--s 00000000 08:02 13110903                   /var/cache/fontconfig/9b89f8e3dae116d678bbf48e5f21f69b-le64.cache-9
7d34800ac000-7d34800bd000 r--s 00000000 08:02 13109918                   /var/cache/fontconfig/e13b20fdb08344e0e664864cc2ede53d-le64.cache-9
7d34800bd000-7d34800c2000 r-xp 00000000 08:02 26744192                   /home/linux/.openjfx/cache/21.0.6+3/amd64/libjavafx_font_freetype.so
7d34800c2000-7d34800c3000 r--p 00004000 08:02 26744192                   /home/linux/.openjfx/cache/21.0.6+3/amd64/libjavafx_font_freetype.so
7d34800c3000-7d34800c4000 rw-p 00005000 08:02 26744192                   /home/linux/.openjfx/cache/21.0.6+3/amd64/libjavafx_font_freetype.so
7d34800c4000-7d34800c8000 ---p 00000000 00:00 0 
7d34800c8000-7d34801c4000 rw-p 00000000 00:00 0 
7d34801c4000-7d34803c4000 rw-s 10dcdf000 00:05 1142                      /dev/dri/renderD128
7d34803c4000-7d34803c5000 ---p 00000000 00:00 0 
7d34803c5000-7d3480bc5000 rw-p 00000000 00:00 0 
7d3480bc5000-7d3480bc6000 ---p 00000000 00:00 0 
7d3480bc6000-7d34813c6000 rw-p 00000000 00:00 0 
7d34813c6000-7d34813c7000 ---p 00000000 00:00 0 
7d34813c7000-7d3481bc7000 rw-p 00000000 00:00 0 
7d3481bc7000-7d3481bc8000 ---p 00000000 00:00 0 
7d3481bc8000-7d34823c8000 rw-p 00000000 00:00 0 
7d34823c8000-7d34823c9000 ---p 00000000 00:00 0 
7d34823c9000-7d3482bc9000 rw-p 00000000 00:00 0 
7d3482bc9000-7d3482d0a000 rw-s 00000000 08:02 27023306                   /home/linux/.cache/mesa_shader_cache_db/index
7d3482d0a000-7d3482d0b000 ---p 00000000 00:00 0 
7d3482d0b000-7d348350b000 rw-p 00000000 00:00 0 
7d348350b000-7d3483540000 r--p 00000000 08:02 17695112                   /usr/share/glib-2.0/schemas/gschemas.compiled
7d3483540000-7d3483544000 ---p 00000000 00:00 0 
7d3483544000-7d3483640000 rw-p 00000000 00:00 0 
7d3483640000-7d3483642000 r--p 00000000 08:02 17572402                   /usr/lib/x86_64-linux-gnu/libogg.so.0.8.5
7d3483642000-7d3483645000 r-xp 00002000 08:02 17572402                   /usr/lib/x86_64-linux-gnu/libogg.so.0.8.5
7d3483645000-7d3483648000 r--p 00005000 08:02 17572402                   /usr/lib/x86_64-linux-gnu/libogg.so.0.8.5
7d3483648000-7d3483649000 r--p 00007000 08:02 17572402                   /usr/lib/x86_64-linux-gnu/libogg.so.0.8.5
7d3483649000-7d348364a000 rw-p 00008000 08:02 17572402                   /usr/lib/x86_64-linux-gnu/libogg.so.0.8.5
7d348364a000-7d348364d000 r--p 00000000 08:02 17577310                   /usr/lib/x86_64-linux-gnu/libvorbis.so.0.4.9
7d348364d000-7d3483665000 r-xp 00003000 08:02 17577310                   /usr/lib/x86_64-linux-gnu/libvorbis.so.0.4.9
7d3483665000-7d3483676000 r--p 0001b000 08:02 17577310                   /usr/lib/x86_64-linux-gnu/libvorbis.so.0.4.9
7d3483676000-7d3483677000 r--p 0002b000 08:02 17577310                   /usr/lib/x86_64-linux-gnu/libvorbis.so.0.4.9
7d3483677000-7d3483678000 rw-p 0002c000 08:02 17577310                   /usr/lib/x86_64-linux-gnu/libvorbis.so.0.4.9
7d3483678000-7d348367a000 r--p 00000000 08:02 17567479                   /usr/lib/x86_64-linux-gnu/libltdl.so.7.3.2
7d348367a000-7d348367f000 r-xp 00002000 08:02 17567479                   /usr/lib/x86_64-linux-gnu/libltdl.so.7.3.2
7d348367f000-7d3483681000 r--p 00007000 08:02 17567479                   /usr/lib/x86_64-linux-gnu/libltdl.so.7.3.2
7d3483681000-7d3483682000 r--p 00008000 08:02 17567479                   /usr/lib/x86_64-linux-gnu/libltdl.so.7.3.2
7d3483682000-7d3483683000 rw-p 00009000 08:02 17567479                   /usr/lib/x86_64-linux-gnu/libltdl.so.7.3.2
7d3483683000-7d3483687000 r--p 00000000 08:02 17579394                   /usr/lib/x86_64-linux-gnu/libtdb.so.1.4.10
7d3483687000-7d3483695000 r-xp 00004000 08:02 17579394                   /usr/lib/x86_64-linux-gnu/libtdb.so.1.4.10
7d3483695000-7d348369a000 r--p 00012000 08:02 17579394                   /usr/lib/x86_64-linux-gnu/libtdb.so.1.4.10
7d348369a000-7d348369b000 r--p 00016000 08:02 17579394                   /usr/lib/x86_64-linux-gnu/libtdb.so.1.4.10
7d348369b000-7d348369c000 rw-p 00017000 08:02 17579394                   /usr/lib/x86_64-linux-gnu/libtdb.so.1.4.10
7d348369c000-7d348369e000 r--p 00000000 08:02 17575448                   /usr/lib/x86_64-linux-gnu/libvorbisfile.so.3.3.8
7d348369e000-7d34836a3000 r-xp 00002000 08:02 17575448                   /usr/lib/x86_64-linux-gnu/libvorbisfile.so.3.3.8
7d34836a3000-7d34836a4000 r--p 00007000 08:02 17575448                   /usr/lib/x86_64-linux-gnu/libvorbisfile.so.3.3.8
7d34836a4000-7d34836a5000 r--p 00007000 08:02 17575448                   /usr/lib/x86_64-linux-gnu/libvorbisfile.so.3.3.8
7d34836a5000-7d34836a6000 rw-p 00008000 08:02 17575448                   /usr/lib/x86_64-linux-gnu/libvorbisfile.so.3.3.8
7d34836a6000-7d34836a9000 r--p 00000000 08:02 17579724                   /usr/lib/x86_64-linux-gnu/libcanberra.so.0.2.5
7d34836a9000-7d34836b4000 r-xp 00003000 08:02 17579724                   /usr/lib/x86_64-linux-gnu/libcanberra.so.0.2.5
7d34836b4000-7d34836b7000 r--p 0000e000 08:02 17579724                   /usr/lib/x86_64-linux-gnu/libcanberra.so.0.2.5
7d34836b7000-7d34836b8000 r--p 00010000 08:02 17579724                   /usr/lib/x86_64-linux-gnu/libcanberra.so.0.2.5
7d34836b8000-7d34836b9000 rw-p 00011000 08:02 17579724                   /usr/lib/x86_64-linux-gnu/libcanberra.so.0.2.5
7d34836b9000-7d34836bd000 r--s 00000000 08:02 13109183                   /var/cache/fontconfig/6afa1bb216ce958c1589e297e8008489-le64.cache-9
7d34836bd000-7d34836c0000 r-xp 00000000 08:02 26744190                   /home/linux/.openjfx/cache/21.0.6+3/amd64/libjavafx_font.so
7d34836c0000-7d34836c1000 r--p 00002000 08:02 26744190                   /home/linux/.openjfx/cache/21.0.6+3/amd64/libjavafx_font.so
7d34836c1000-7d34836c2000 rw-p 00003000 08:02 26744190                   /home/linux/.openjfx/cache/21.0.6+3/amd64/libjavafx_font.so
7d34836c2000-7d34836c6000 r--p 00000000 08:02 17567082                   /usr/lib/x86_64-linux-gnu/gio/modules/libdconfsettings.so
7d34836c6000-7d34836cd000 r-xp 00004000 08:02 17567082                   /usr/lib/x86_64-linux-gnu/gio/modules/libdconfsettings.so
7d34836cd000-7d34836cf000 r--p 0000b000 08:02 17567082                   /usr/lib/x86_64-linux-gnu/gio/modules/libdconfsettings.so
7d34836cf000-7d34836d0000 r--p 0000d000 08:02 17567082                   /usr/lib/x86_64-linux-gnu/gio/modules/libdconfsettings.so
7d34836d0000-7d34836d1000 rw-p 0000e000 08:02 17567082                   /usr/lib/x86_64-linux-gnu/gio/modules/libdconfsettings.so
7d34836d1000-7d34836e3000 r--p 00000000 08:02 17570475                   /usr/lib/x86_64-linux-gnu/gvfs/libgvfscommon.so
7d34836e3000-7d34836ff000 r-xp 00012000 08:02 17570475                   /usr/lib/x86_64-linux-gnu/gvfs/libgvfscommon.so
7d34836ff000-7d348370b000 r--p 0002e000 08:02 17570475                   /usr/lib/x86_64-linux-gnu/gvfs/libgvfscommon.so
7d348370b000-7d3483711000 r--p 00039000 08:02 17570475                   /usr/lib/x86_64-linux-gnu/gvfs/libgvfscommon.so
7d3483711000-7d3483712000 rw-p 0003f000 08:02 17570475                   /usr/lib/x86_64-linux-gnu/gvfs/libgvfscommon.so
7d3483712000-7d348371c000 r--p 00000000 08:02 17570492                   /usr/lib/x86_64-linux-gnu/gio/modules/libgvfsdbus.so
7d348371c000-7d348373a000 r-xp 0000a000 08:02 17570492                   /usr/lib/x86_64-linux-gnu/gio/modules/libgvfsdbus.so
7d348373a000-7d3483742000 r--p 00028000 08:02 17570492                   /usr/lib/x86_64-linux-gnu/gio/modules/libgvfsdbus.so
7d3483742000-7d3483744000 r--p 00030000 08:02 17570492                   /usr/lib/x86_64-linux-gnu/gio/modules/libgvfsdbus.so
7d3483744000-7d3483745000 rw-p 00032000 08:02 17570492                   /usr/lib/x86_64-linux-gnu/gio/modules/libgvfsdbus.so
7d3483745000-7d34837f9000 r--p 00000000 08:02 18110619                   /usr/share/themes/Yaru/gtk-3.0/gtk.gresource
7d34837f9000-7d34837fa000 r--p 00000000 08:02 17578471                   /usr/lib/x86_64-linux-gnu/libpthread.so.0
7d34837fa000-7d34837fb000 r-xp 00001000 08:02 17578471                   /usr/lib/x86_64-linux-gnu/libpthread.so.0
7d34837fb000-7d34837fc000 r--p 00002000 08:02 17578471                   /usr/lib/x86_64-linux-gnu/libpthread.so.0
7d34837fc000-7d34837fd000 r--p 00002000 08:02 17578471                   /usr/lib/x86_64-linux-gnu/libpthread.so.0
7d34837fd000-7d34837fe000 rw-p 00003000 08:02 17578471                   /usr/lib/x86_64-linux-gnu/libpthread.so.0
7d34837fe000-7d3483800000 r--p 00000000 08:02 17580614                   /usr/lib/x86_64-linux-gnu/libXtst.so.6.1.0
7d3483800000-7d3483803000 r-xp 00002000 08:02 17580614                   /usr/lib/x86_64-linux-gnu/libXtst.so.6.1.0
7d3483803000-7d3483804000 r--p 00005000 08:02 17580614                   /usr/lib/x86_64-linux-gnu/libXtst.so.6.1.0
7d3483804000-7d3483805000 r--p 00005000 08:02 17580614                   /usr/lib/x86_64-linux-gnu/libXtst.so.6.1.0
7d3483805000-7d3483806000 rw-p 00006000 08:02 17580614                   /usr/lib/x86_64-linux-gnu/libXtst.so.6.1.0
7d3483806000-7d3483807000 r--p 00000000 08:02 17571211                   /usr/lib/x86_64-linux-gnu/libgthread-2.0.so.0.8000.0
7d3483807000-7d3483808000 r-xp 00001000 08:02 17571211                   /usr/lib/x86_64-linux-gnu/libgthread-2.0.so.0.8000.0
7d3483808000-7d3483809000 r--p 00002000 08:02 17571211                   /usr/lib/x86_64-linux-gnu/libgthread-2.0.so.0.8000.0
7d3483809000-7d348380a000 r--p 00002000 08:02 17571211                   /usr/lib/x86_64-linux-gnu/libgthread-2.0.so.0.8000.0
7d348380a000-7d348380b000 rw-p 00003000 08:02 17571211                   /usr/lib/x86_64-linux-gnu/libgthread-2.0.so.0.8000.0
7d348380b000-7d348384e000 r-xp 00000000 08:02 26743363                   /home/linux/.openjfx/cache/21.0.6+3/amd64/libglassgtk3.so
7d348384e000-7d348384f000 ---p 00043000 08:02 26743363                   /home/linux/.openjfx/cache/21.0.6+3/amd64/libglassgtk3.so
7d348384f000-7d3483851000 r--p 00043000 08:02 26743363                   /home/linux/.openjfx/cache/21.0.6+3/amd64/libglassgtk3.so
7d3483851000-7d3483853000 rw-p 00045000 08:02 26743363                   /home/linux/.openjfx/cache/21.0.6+3/amd64/libglassgtk3.so
7d3483853000-7d3483857000 r--p 00000000 08:02 17567695                   /usr/lib/x86_64-linux-gnu/libgpg-error.so.0.34.0
7d3483857000-7d348386d000 r-xp 00004000 08:02 17567695                   /usr/lib/x86_64-linux-gnu/libgpg-error.so.0.34.0
7d348386d000-7d3483876000 r--p 0001a000 08:02 17567695                   /usr/lib/x86_64-linux-gnu/libgpg-error.so.0.34.0
7d3483876000-7d3483877000 r--p 00023000 08:02 17567695                   /usr/lib/x86_64-linux-gnu/libgpg-error.so.0.34.0
7d3483877000-7d3483878000 rw-p 00024000 08:02 17567695                   /usr/lib/x86_64-linux-gnu/libgpg-error.so.0.34.0
7d3483878000-7d348387b000 r--p 00000000 08:02 17567418                   /usr/lib/x86_64-linux-gnu/liblz4.so.1.9.4
7d348387b000-7d3483896000 r-xp 00003000 08:02 17567418                   /usr/lib/x86_64-linux-gnu/liblz4.so.1.9.4
7d3483896000-7d3483898000 r--p 0001e000 08:02 17567418                   /usr/lib/x86_64-linux-gnu/liblz4.so.1.9.4
7d3483898000-7d3483899000 r--p 00020000 08:02 17567418                   /usr/lib/x86_64-linux-gnu/liblz4.so.1.9.4
7d3483899000-7d348389a000 rw-p 00021000 08:02 17567418                   /usr/lib/x86_64-linux-gnu/liblz4.so.1.9.4
7d348389a000-7d34838a9000 r--p 00000000 08:02 17570534                   /usr/lib/x86_64-linux-gnu/libgcrypt.so.20.4.3
7d34838a9000-7d348399d000 r-xp 0000f000 08:02 17570534                   /usr/lib/x86_64-linux-gnu/libgcrypt.so.20.4.3
7d348399d000-7d34839d8000 r--p 00103000 08:02 17570534                   /usr/lib/x86_64-linux-gnu/libgcrypt.so.20.4.3
7d34839d8000-7d34839dd000 r--p 0013e000 08:02 17570534                   /usr/lib/x86_64-linux-gnu/libgcrypt.so.20.4.3
7d34839dd000-7d34839e1000 rw-p 00143000 08:02 17570534                   /usr/lib/x86_64-linux-gnu/libgcrypt.so.20.4.3
7d34839e1000-7d34839e2000 rw-p 00000000 00:00 0 
7d34839e2000-7d34839e5000 r--p 00000000 08:02 17567706                   /usr/lib/x86_64-linux-gnu/libcap.so.2.66
7d34839e5000-7d34839eb000 r-xp 00003000 08:02 17567706                   /usr/lib/x86_64-linux-gnu/libcap.so.2.66
7d34839eb000-7d34839ed000 r--p 00009000 08:02 17567706                   /usr/lib/x86_64-linux-gnu/libcap.so.2.66
7d34839ed000-7d34839ee000 r--p 0000b000 08:02 17567706                   /usr/lib/x86_64-linux-gnu/libcap.so.2.66
7d34839ee000-7d34839ef000 rw-p 0000c000 08:02 17567706                   /usr/lib/x86_64-linux-gnu/libcap.so.2.66
7d34839ef000-7d34839f0000 r--p 00000000 08:02 17576314                   /usr/lib/x86_64-linux-gnu/libbrotlicommon.so.1.1.0
7d34839f0000-7d34839f1000 r-xp 00001000 08:02 17576314                   /usr/lib/x86_64-linux-gnu/libbrotlicommon.so.1.1.0
7d34839f1000-7d3483a10000 r--p 00002000 08:02 17576314                   /usr/lib/x86_64-linux-gnu/libbrotlicommon.so.1.1.0
7d3483a10000-7d3483a11000 r--p 00021000 08:02 17576314                   /usr/lib/x86_64-linux-gnu/libbrotlicommon.so.1.1.0
7d3483a11000-7d3483a12000 rw-p 00022000 08:02 17576314                   /usr/lib/x86_64-linux-gnu/libbrotlicommon.so.1.1.0
7d3483a12000-7d3483a28000 r--p 00000000 08:02 17568181                   /usr/lib/x86_64-linux-gnu/libsystemd.so.0.38.0
7d3483a28000-7d3483ab7000 r-xp 00016000 08:02 17568181                   /usr/lib/x86_64-linux-gnu/libsystemd.so.0.38.0
7d3483ab7000-7d3483ae5000 r--p 000a5000 08:02 17568181                   /usr/lib/x86_64-linux-gnu/libsystemd.so.0.38.0
7d3483ae5000-7d3483af0000 r--p 000d2000 08:02 17568181                   /usr/lib/x86_64-linux-gnu/libsystemd.so.0.38.0
7d3483af0000-7d3483af1000 rw-p 000dd000 08:02 17568181                   /usr/lib/x86_64-linux-gnu/libsystemd.so.0.38.0
7d3483af1000-7d3483af2000 rw-p 00000000 00:00 0 
7d3483af2000-7d3483af3000 r--p 00000000 08:02 17576315                   /usr/lib/x86_64-linux-gnu/libbrotlidec.so.1.1.0
7d3483af3000-7d3483afb000 r-xp 00001000 08:02 17576315                   /usr/lib/x86_64-linux-gnu/libbrotlidec.so.1.1.0
7d3483afb000-7d3483afe000 r--p 00009000 08:02 17576315                   /usr/lib/x86_64-linux-gnu/libbrotlidec.so.1.1.0
7d3483afe000-7d3483aff000 r--p 0000b000 08:02 17576315                   /usr/lib/x86_64-linux-gnu/libbrotlidec.so.1.1.0
7d3483aff000-7d3483b00000 rw-p 0000c000 08:02 17576315                   /usr/lib/x86_64-linux-gnu/libbrotlidec.so.1.1.0
7d3483b00000-7d3483b02000 r--p 00000000 08:02 17563775                   /usr/lib/x86_64-linux-gnu/libbz2.so.1.0.4
7d3483b02000-7d3483b10000 r-xp 00002000 08:02 17563775                   /usr/lib/x86_64-linux-gnu/libbz2.so.1.0.4
7d3483b10000-7d3483b12000 r--p 00010000 08:02 17563775                   /usr/lib/x86_64-linux-gnu/libbz2.so.1.0.4
7d3483b12000-7d3483b13000 r--p 00011000 08:02 17563775                   /usr/lib/x86_64-linux-gnu/libbz2.so.1.0.4
7d3483b13000-7d3483b14000 rw-p 00012000 08:02 17563775                   /usr/lib/x86_64-linux-gnu/libbz2.so.1.0.4
7d3483b14000-7d3483b1b000 r--p 00000000 08:02 17570389                   /usr/lib/x86_64-linux-gnu/libblkid.so.1.1.0
7d3483b1b000-7d3483b3f000 r-xp 00007000 08:02 17570389                   /usr/lib/x86_64-linux-gnu/libblkid.so.1.1.0
7d3483b3f000-7d3483b48000 r--p 0002b000 08:02 17570389                   /usr/lib/x86_64-linux-gnu/libblkid.so.1.1.0
7d3483b48000-7d3483b4e000 r--p 00033000 08:02 17570389                   /usr/lib/x86_64-linux-gnu/libblkid.so.1.1.0
7d3483b4e000-7d3483b4f000 rw-p 00039000 08:02 17570389                   /usr/lib/x86_64-linux-gnu/libblkid.so.1.1.0
7d3483b4f000-7d3483b5b000 r--p 00000000 08:02 17570758                   /usr/lib/x86_64-linux-gnu/libdbus-1.so.3.32.4
7d3483b5b000-7d3483b8b000 r-xp 0000c000 08:02 17570758                   /usr/lib/x86_64-linux-gnu/libdbus-1.so.3.32.4
7d3483b8b000-7d3483b9c000 r--p 0003c000 08:02 17570758                   /usr/lib/x86_64-linux-gnu/libdbus-1.so.3.32.4
7d3483b9c000-7d3483b9d000 r--p 0004c000 08:02 17570758                   /usr/lib/x86_64-linux-gnu/libdbus-1.so.3.32.4
7d3483b9d000-7d3483b9e000 rw-p 0004d000 08:02 17570758                   /usr/lib/x86_64-linux-gnu/libdbus-1.so.3.32.4
7d3483b9e000-7d3483bae000 r--p 00000000 08:02 17564676                   /usr/lib/x86_64-linux-gnu/libatspi.so.0.0.1
7d3483bae000-7d3483bc7000 r-xp 00010000 08:02 17564676                   /usr/lib/x86_64-linux-gnu/libatspi.so.0.0.1
7d3483bc7000-7d3483bd4000 r--p 00029000 08:02 17564676                   /usr/lib/x86_64-linux-gnu/libatspi.so.0.0.1
7d3483bd4000-7d3483bd7000 r--p 00036000 08:02 17564676                   /usr/lib/x86_64-linux-gnu/libatspi.so.0.0.1
7d3483bd7000-7d3483bd8000 rw-p 00039000 08:02 17564676                   /usr/lib/x86_64-linux-gnu/libatspi.so.0.0.1
7d3483bd8000-7d3483bdc000 r--p 00000000 08:02 17570951                   /usr/lib/x86_64-linux-gnu/libjpeg.so.8.2.2
7d3483bdc000-7d3483c29000 r-xp 00004000 08:02 17570951                   /usr/lib/x86_64-linux-gnu/libjpeg.so.8.2.2
7d3483c29000-7d3483c59000 r--p 00051000 08:02 17570951                   /usr/lib/x86_64-linux-gnu/libjpeg.so.8.2.2
7d3483c59000-7d3483c5a000 r--p 00081000 08:02 17570951                   /usr/lib/x86_64-linux-gnu/libjpeg.so.8.2.2
7d3483c5a000-7d3483c5b000 rw-p 00082000 08:02 17570951                   /usr/lib/x86_64-linux-gnu/libjpeg.so.8.2.2
7d3483c5b000-7d3483c65000 r--p 00000000 08:02 17576308                   /usr/lib/x86_64-linux-gnu/libpixman-1.so.0.42.2
7d3483c65000-7d3483cf2000 r-xp 0000a000 08:02 17576308                   /usr/lib/x86_64-linux-gnu/libpixman-1.so.0.42.2
7d3483cf2000-7d3483d01000 r--p 00097000 08:02 17576308                   /usr/lib/x86_64-linux-gnu/libpixman-1.so.0.42.2
7d3483d01000-7d3483d09000 r--p 000a5000 08:02 17576308                   /usr/lib/x86_64-linux-gnu/libpixman-1.so.0.42.2
7d3483d09000-7d3483d0a000 rw-p 000ad000 08:02 17576308                   /usr/lib/x86_64-linux-gnu/libpixman-1.so.0.42.2
7d3483d0a000-7d3483d0f000 r--p 00000000 08:02 17576310                   /usr/lib/x86_64-linux-gnu/libxcb-render.so.0.0.0
7d3483d0f000-7d3483d14000 r-xp 00005000 08:02 17576310                   /usr/lib/x86_64-linux-gnu/libxcb-render.so.0.0.0
7d3483d14000-7d3483d17000 r--p 0000a000 08:02 17576310                   /usr/lib/x86_64-linux-gnu/libxcb-render.so.0.0.0
7d3483d17000-7d3483d18000 r--p 0000c000 08:02 17576310                   /usr/lib/x86_64-linux-gnu/libxcb-render.so.0.0.0
7d3483d18000-7d3483d19000 rw-p 0000d000 08:02 17576310                   /usr/lib/x86_64-linux-gnu/libxcb-render.so.0.0.0
7d3483d19000-7d3483d1e000 r--p 00000000 08:02 17564113                   /usr/lib/x86_64-linux-gnu/libpng16.so.16.43.0
7d3483d1e000-7d3483d46000 r-xp 00005000 08:02 17564113                   /usr/lib/x86_64-linux-gnu/libpng16.so.16.43.0
7d3483d46000-7d3483d4f000 r--p 0002d000 08:02 17564113                   /usr/lib/x86_64-linux-gnu/libpng16.so.16.43.0
7d3483d4f000-7d3483d50000 r--p 00035000 08:02 17564113                   /usr/lib/x86_64-linux-gnu/libpng16.so.16.43.0
7d3483d50000-7d3483d51000 rw-p 00036000 08:02 17564113                   /usr/lib/x86_64-linux-gnu/libpng16.so.16.43.0
7d3483d51000-7d3483d54000 r--p 00000000 08:02 17565649                   /usr/lib/x86_64-linux-gnu/libgraphite2.so.3.2.1
7d3483d54000-7d3483d71000 r-xp 00003000 08:02 17565649                   /usr/lib/x86_64-linux-gnu/libgraphite2.so.3.2.1
7d3483d71000-7d3483d74000 r--p 00020000 08:02 17565649                   /usr/lib/x86_64-linux-gnu/libgraphite2.so.3.2.1
7d3483d74000-7d3483d76000 r--p 00022000 08:02 17565649                   /usr/lib/x86_64-linux-gnu/libgraphite2.so.3.2.1
7d3483d76000-7d3483d77000 rw-p 00024000 08:02 17565649                   /usr/lib/x86_64-linux-gnu/libgraphite2.so.3.2.1
7d3483d77000-7d3483d84000 r--p 00000000 08:02 17563780                   /usr/lib/x86_64-linux-gnu/libfreetype.so.6.20.1
7d3483d84000-7d3483e15000 r-xp 0000d000 08:02 17563780                   /usr/lib/x86_64-linux-gnu/libfreetype.so.6.20.1
7d3483e15000-7d3483e3b000 r--p 0009e000 08:02 17563780                   /usr/lib/x86_64-linux-gnu/libfreetype.so.6.20.1
7d3483e3b000-7d3483e42000 r--p 000c4000 08:02 17563780                   /usr/lib/x86_64-linux-gnu/libfreetype.so.6.20.1
7d3483e42000-7d3483e43000 rw-p 000cb000 08:02 17563780                   /usr/lib/x86_64-linux-gnu/libfreetype.so.6.20.1
7d3483e43000-7d3483e45000 r--p 00000000 08:02 17565938                   /usr/lib/x86_64-linux-gnu/libpcre2-8.so.0.11.2
7d3483e45000-7d3483eb3000 r-xp 00002000 08:02 17565938                   /usr/lib/x86_64-linux-gnu/libpcre2-8.so.0.11.2
7d3483eb3000-7d3483edb000 r--p 00070000 08:02 17565938                   /usr/lib/x86_64-linux-gnu/libpcre2-8.so.0.11.2
7d3483edb000-7d3483edc000 r--p 00097000 08:02 17565938                   /usr/lib/x86_64-linux-gnu/libpcre2-8.so.0.11.2
7d3483edc000-7d3483edd000 rw-p 00098000 08:02 17565938                   /usr/lib/x86_64-linux-gnu/libpcre2-8.so.0.11.2
7d3483edd000-7d3483f3d000 r--p 00000000 08:02 17570947                   /usr/lib/x86_64-linux-gnu/libepoxy.so.0.0.0
7d3483f3d000-7d3483fa3000 r-xp 00060000 08:02 17570947                   /usr/lib/x86_64-linux-gnu/libepoxy.so.0.0.0
7d3483fa3000-7d3483ff1000 r--p 000c6000 08:02 17570947                   /usr/lib/x86_64-linux-gnu/libepoxy.so.0.0.0
7d3483ff1000-7d3483ff9000 r--p 00113000 08:02 17570947                   /usr/lib/x86_64-linux-gnu/libepoxy.so.0.0.0
7d3483ff9000-7d3484000000 rw-p 0011b000 08:02 17570947                   /usr/lib/x86_64-linux-gnu/libepoxy.so.0.0.0
7d3484000000-7d34840d6000 rw-p 00000000 00:00 0 
7d34840d6000-7d3488000000 ---p 00000000 00:00 0 
7d3488000000-7d3488021000 rw-p 00000000 00:00 0 
7d3488021000-7d348c000000 ---p 00000000 00:00 0 
7d348c000000-7d348c06c000 rw-p 00000000 00:00 0 
7d348c06c000-7d3490000000 ---p 00000000 00:00 0 
7d3490000000-7d349006d000 rw-p 00000000 00:00 0 
7d349006d000-7d3494000000 ---p 00000000 00:00 0 
7d3494000000-7d349406c000 rw-p 00000000 00:00 0 
7d349406c000-7d3498000000 ---p 00000000 00:00 0 
7d3498000000-7d349806c000 rw-p 00000000 00:00 0 
7d349806c000-7d349c000000 ---p 00000000 00:00 0 
7d349c000000-7d349c009000 r--p 00000000 08:02 17564331                   /usr/lib/x86_64-linux-gnu/libmount.so.1.1.0
7d349c009000-7d349c03d000 r-xp 00009000 08:02 17564331                   /usr/lib/x86_64-linux-gnu/libmount.so.1.1.0
7d349c03d000-7d349c04a000 r--p 0003d000 08:02 17564331                   /usr/lib/x86_64-linux-gnu/libmount.so.1.1.0
7d349c04a000-7d349c04c000 r--p 00049000 08:02 17564331                   /usr/lib/x86_64-linux-gnu/libmount.so.1.1.0
7d349c04c000-7d349c04d000 rw-p 0004b000 08:02 17564331                   /usr/lib/x86_64-linux-gnu/libmount.so.1.1.0
7d349c04d000-7d349c052000 r--p 00000000 08:02 17569814                   /usr/lib/x86_64-linux-gnu/libxkbcommon.so.0.0.0
7d349c052000-7d349c072000 r-xp 00005000 08:02 17569814                   /usr/lib/x86_64-linux-gnu/libxkbcommon.so.0.0.0
7d349c072000-7d349c093000 r--p 00025000 08:02 17569814                   /usr/lib/x86_64-linux-gnu/libxkbcommon.so.0.0.0
7d349c093000-7d349c095000 r--p 00045000 08:02 17569814                   /usr/lib/x86_64-linux-gnu/libxkbcommon.so.0.0.0
7d349c095000-7d349c096000 rw-p 00047000 08:02 17569814                   /usr/lib/x86_64-linux-gnu/libxkbcommon.so.0.0.0
7d349c096000-7d349c0aa000 r--p 00000000 08:02 17563783                   /usr/lib/x86_64-linux-gnu/libcairo.so.2.11800.0
7d349c0aa000-7d349c19b000 r-xp 00014000 08:02 17563783                   /usr/lib/x86_64-linux-gnu/libcairo.so.2.11800.0
7d349c19b000-7d349c1d3000 r--p 00105000 08:02 17563783                   /usr/lib/x86_64-linux-gnu/libcairo.so.2.11800.0
7d349c1d3000-7d349c1d7000 r--p 0013d000 08:02 17563783                   /usr/lib/x86_64-linux-gnu/libcairo.so.2.11800.0
7d349c1d7000-7d349c1d9000 rw-p 00141000 08:02 17563783                   /usr/lib/x86_64-linux-gnu/libcairo.so.2.11800.0
7d349c1d9000-7d349c1da000 rw-p 00000000 00:00 0 
7d349c1da000-7d349c1e5000 r--p 00000000 08:02 17564594                   /usr/lib/x86_64-linux-gnu/libharfbuzz.so.0.60830.0
7d349c1e5000-7d349c2b3000 r-xp 0000b000 08:02 17564594                   /usr/lib/x86_64-linux-gnu/libharfbuzz.so.0.60830.0
7d349c2b3000-7d349c2e5000 r--p 000d9000 08:02 17564594                   /usr/lib/x86_64-linux-gnu/libharfbuzz.so.0.60830.0
7d349c2e5000-7d349c2e6000 r--p 0010b000 08:02 17564594                   /usr/lib/x86_64-linux-gnu/libharfbuzz.so.0.60830.0
7d349c2e6000-7d349c2e7000 rw-p 0010c000 08:02 17564594                   /usr/lib/x86_64-linux-gnu/libharfbuzz.so.0.60830.0
7d349c2e7000-7d349c320000 r--p 00000000 08:02 17563814                   /usr/lib/x86_64-linux-gnu/libgio-2.0.so.0.8000.0
7d349c320000-7d349c437000 r-xp 00039000 08:02 17563814                   /usr/lib/x86_64-linux-gnu/libgio-2.0.so.0.8000.0
7d349c437000-7d349c4ac000 r--p 00150000 08:02 17563814                   /usr/lib/x86_64-linux-gnu/libgio-2.0.so.0.8000.0
7d349c4ac000-7d349c4b4000 r--p 001c4000 08:02 17563814                   /usr/lib/x86_64-linux-gnu/libgio-2.0.so.0.8000.0
7d349c4b4000-7d349c4b5000 rw-p 001cc000 08:02 17563814                   /usr/lib/x86_64-linux-gnu/libgio-2.0.so.0.8000.0
7d349c4b5000-7d349c4b7000 rw-p 00000000 00:00 0 
7d349c4b7000-7d349c4d5000 r--p 00000000 08:02 17571208                   /usr/lib/x86_64-linux-gnu/libglib-2.0.so.0.8000.0
7d349c4d5000-7d349c575000 r-xp 0001e000 08:02 17571208                   /usr/lib/x86_64-linux-gnu/libglib-2.0.so.0.8000.0
7d349c575000-7d349c5fd000 r--p 000be000 08:02 17571208                   /usr/lib/x86_64-linux-gnu/libglib-2.0.so.0.8000.0
7d349c5fd000-7d349c5fe000 r--p 00146000 08:02 17571208                   /usr/lib/x86_64-linux-gnu/libglib-2.0.so.0.8000.0
7d349c5fe000-7d349c5ff000 rw-p 00147000 08:02 17571208                   /usr/lib/x86_64-linux-gnu/libglib-2.0.so.0.8000.0
7d349c5ff000-7d349c600000 rw-p 00000000 00:00 0 
7d349c600000-7d349c683000 r--p 00000000 08:02 17589454                   /usr/lib/x86_64-linux-gnu/libgtk-3.so.0.2409.32
7d349c683000-7d349ca31000 r-xp 00083000 08:02 17589454                   /usr/lib/x86_64-linux-gnu/libgtk-3.so.0.2409.32
7d349ca31000-7d349cdb6000 r--p 00431000 08:02 17589454                   /usr/lib/x86_64-linux-gnu/libgtk-3.so.0.2409.32
7d349cdb6000-7d349cdc6000 r--p 007b5000 08:02 17589454                   /usr/lib/x86_64-linux-gnu/libgtk-3.so.0.2409.32
7d349cdc6000-7d349cdc8000 rw-p 007c5000 08:02 17589454                   /usr/lib/x86_64-linux-gnu/libgtk-3.so.0.2409.32
7d349cdc8000-7d349cdcd000 rw-p 00000000 00:00 0 
7d349cdcd000-7d349cdd3000 r--p 00000000 08:02 17570423                   /usr/lib/x86_64-linux-gnu/libselinux.so.1
7d349cdd3000-7d349cdf0000 r-xp 00006000 08:02 17570423                   /usr/lib/x86_64-linux-gnu/libselinux.so.1
7d349cdf0000-7d349cdf6000 r--p 00023000 08:02 17570423                   /usr/lib/x86_64-linux-gnu/libselinux.so.1
7d349cdf6000-7d349cdf7000 r--p 00029000 08:02 17570423                   /usr/lib/x86_64-linux-gnu/libselinux.so.1
7d349cdf7000-7d349cdf8000 rw-p 0002a000 08:02 17570423                   /usr/lib/x86_64-linux-gnu/libselinux.so.1
7d349cdf8000-7d349cdfa000 rw-p 00000000 00:00 0 
7d349cdfa000-7d349cffa000 rw-s 12ed18000 00:05 1142                      /dev/dri/renderD128
7d349cffa000-7d349cffb000 ---p 00000000 00:00 0 
7d349cffb000-7d349d7fb000 rw-p 00000000 00:00 0 
7d349d7fb000-7d349d7fc000 ---p 00000000 00:00 0 
7d349d7fc000-7d349dffc000 rw-p 00000000 00:00 0 
7d349dffc000-7d349dffd000 ---p 00000000 00:00 0 
7d349dffd000-7d349e7fd000 rw-p 00000000 00:00 0 
7d349e7fd000-7d349e7fe000 ---p 00000000 00:00 0 
7d349e7fe000-7d349effe000 rw-p 00000000 00:00 0 
7d349effe000-7d349efff000 ---p 00000000 00:00 0 
7d349efff000-7d349f7ff000 rw-p 00000000 00:00 0 
7d349f7ff000-7d349f800000 ---p 00000000 00:00 0 
7d349f800000-7d34a0000000 rw-p 00000000 00:00 0 
7d34a0000000-7d34a006c000 rw-p 00000000 00:00 0 
7d34a006c000-7d34a4000000 ---p 00000000 00:00 0 
7d34a4000000-7d34a409a000 rw-p 00000000 00:00 0 
7d34a409a000-7d34a8000000 ---p 00000000 00:00 0 
7d34a8000000-7d34a806d000 rw-p 00000000 00:00 0 
7d34a806d000-7d34ac000000 ---p 00000000 00:00 0 
7d34ac000000-7d34ac001000 r--s 00000000 08:02 13111308                   /var/cache/fontconfig/d5178ab6d91b49bf20a416737dcea9e8-le64.cache-9
7d34ac001000-7d34ac003000 r--p 00000000 08:02 17563953                   /usr/lib/x86_64-linux-gnu/libdatrie.so.1.4.0
7d34ac003000-7d34ac007000 r-xp 00002000 08:02 17563953                   /usr/lib/x86_64-linux-gnu/libdatrie.so.1.4.0
7d34ac007000-7d34ac008000 r--p 00006000 08:02 17563953                   /usr/lib/x86_64-linux-gnu/libdatrie.so.1.4.0
7d34ac008000-7d34ac009000 r--p 00006000 08:02 17563953                   /usr/lib/x86_64-linux-gnu/libdatrie.so.1.4.0
7d34ac009000-7d34ac00a000 rw-p 00007000 08:02 17563953                   /usr/lib/x86_64-linux-gnu/libdatrie.so.1.4.0
7d34ac00a000-7d34ac00c000 r--p 00000000 08:02 17567400                   /usr/lib/x86_64-linux-gnu/libXrender.so.1.3.0
7d34ac00c000-7d34ac013000 r-xp 00002000 08:02 17567400                   /usr/lib/x86_64-linux-gnu/libXrender.so.1.3.0
7d34ac013000-7d34ac014000 r--p 00009000 08:02 17567400                   /usr/lib/x86_64-linux-gnu/libXrender.so.1.3.0
7d34ac014000-7d34ac015000 r--p 00009000 08:02 17567400                   /usr/lib/x86_64-linux-gnu/libXrender.so.1.3.0
7d34ac015000-7d34ac016000 rw-p 0000a000 08:02 17567400                   /usr/lib/x86_64-linux-gnu/libXrender.so.1.3.0
7d34ac016000-7d34ac018000 r--p 00000000 08:02 17563955                   /usr/lib/x86_64-linux-gnu/libthai.so.0.3.1
7d34ac018000-7d34ac01c000 r-xp 00002000 08:02 17563955                   /usr/lib/x86_64-linux-gnu/libthai.so.0.3.1
7d34ac01c000-7d34ac01f000 r--p 00006000 08:02 17563955                   /usr/lib/x86_64-linux-gnu/libthai.so.0.3.1
7d34ac01f000-7d34ac020000 r--p 00008000 08:02 17563955                   /usr/lib/x86_64-linux-gnu/libthai.so.0.3.1
7d34ac020000-7d34ac021000 rw-p 00009000 08:02 17563955                   /usr/lib/x86_64-linux-gnu/libthai.so.0.3.1
7d34ac021000-7d34ac022000 r--p 00000000 08:02 17572398                   /usr/lib/x86_64-linux-gnu/libXinerama.so.1.0.0
7d34ac022000-7d34ac023000 r-xp 00001000 08:02 17572398                   /usr/lib/x86_64-linux-gnu/libXinerama.so.1.0.0
7d34ac023000-7d34ac024000 r--p 00002000 08:02 17572398                   /usr/lib/x86_64-linux-gnu/libXinerama.so.1.0.0
7d34ac024000-7d34ac025000 r--p 00002000 08:02 17572398                   /usr/lib/x86_64-linux-gnu/libXinerama.so.1.0.0
7d34ac025000-7d34ac026000 rw-p 00003000 08:02 17572398                   /usr/lib/x86_64-linux-gnu/libXinerama.so.1.0.0
7d34ac026000-7d34ac028000 r--p 00000000 08:02 17567402                   /usr/lib/x86_64-linux-gnu/libXrandr.so.2.2.0
7d34ac028000-7d34ac02f000 r-xp 00002000 08:02 17567402                   /usr/lib/x86_64-linux-gnu/libXrandr.so.2.2.0
7d34ac02f000-7d34ac031000 r--p 00009000 08:02 17567402                   /usr/lib/x86_64-linux-gnu/libXrandr.so.2.2.0
7d34ac031000-7d34ac032000 r--p 0000a000 08:02 17567402                   /usr/lib/x86_64-linux-gnu/libXrandr.so.2.2.0
7d34ac032000-7d34ac033000 rw-p 0000b000 08:02 17567402                   /usr/lib/x86_64-linux-gnu/libXrandr.so.2.2.0
7d34ac033000-7d34ac034000 r--p 00000000 08:02 17563862                   /usr/lib/x86_64-linux-gnu/libXcomposite.so.1.0.0
7d34ac034000-7d34ac035000 r-xp 00001000 08:02 17563862                   /usr/lib/x86_64-linux-gnu/libXcomposite.so.1.0.0
7d34ac035000-7d34ac036000 r--p 00002000 08:02 17563862                   /usr/lib/x86_64-linux-gnu/libXcomposite.so.1.0.0
7d34ac036000-7d34ac037000 r--p 00002000 08:02 17563862                   /usr/lib/x86_64-linux-gnu/libXcomposite.so.1.0.0
7d34ac037000-7d34ac038000 rw-p 00003000 08:02 17563862                   /usr/lib/x86_64-linux-gnu/libXcomposite.so.1.0.0
7d34ac038000-7d34ac062000 r--p 00000000 08:02 17589453                   /usr/lib/x86_64-linux-gnu/libgdk-3.so.0.2409.32
7d34ac062000-7d34ac0e6000 r-xp 0002a000 08:02 17589453                   /usr/lib/x86_64-linux-gnu/libgdk-3.so.0.2409.32
7d34ac0e6000-7d34ac128000 r--p 000ae000 08:02 17589453                   /usr/lib/x86_64-linux-gnu/libgdk-3.so.0.2409.32
7d34ac128000-7d34ac131000 r--p 000ef000 08:02 17589453                   /usr/lib/x86_64-linux-gnu/libgdk-3.so.0.2409.32
7d34ac131000-7d34ac133000 rw-p 000f8000 08:02 17589453                   /usr/lib/x86_64-linux-gnu/libgdk-3.so.0.2409.32
7d34ac133000-7d34ac333000 rw-s 12c8aa000 00:05 1142                      /dev/dri/renderD128
7d34ac333000-7d34ac334000 r--s 00000000 08:02 13111299                   /var/cache/fontconfig/551ecf3b0e8b0bca0f25c0944f561853-le64.cache-9
7d34ac334000-7d34ac340000 r--p 00000000 08:02 17589422                   /usr/lib/x86_64-linux-gnu/libatk-bridge-2.0.so.0.0.0
7d34ac340000-7d34ac35a000 r-xp 0000c000 08:02 17589422                   /usr/lib/x86_64-linux-gnu/libatk-bridge-2.0.so.0.0.0
7d34ac35a000-7d34ac36d000 r--p 00026000 08:02 17589422                   /usr/lib/x86_64-linux-gnu/libatk-bridge-2.0.so.0.0.0
7d34ac36d000-7d34ac36e000 r--p 00039000 08:02 17589422                   /usr/lib/x86_64-linux-gnu/libatk-bridge-2.0.so.0.0.0
7d34ac36e000-7d34ac370000 rw-p 0003a000 08:02 17589422                   /usr/lib/x86_64-linux-gnu/libatk-bridge-2.0.so.0.0.0
7d34ac370000-7d34ac373000 r--p 00000000 08:02 17563973                   /usr/lib/x86_64-linux-gnu/libXi.so.6.1.0
7d34ac373000-7d34ac37f000 r-xp 00003000 08:02 17563973                   /usr/lib/x86_64-linux-gnu/libXi.so.6.1.0
7d34ac37f000-7d34ac381000 r--p 0000f000 08:02 17563973                   /usr/lib/x86_64-linux-gnu/libXi.so.6.1.0
7d34ac381000-7d34ac382000 r--p 00011000 08:02 17563973                   /usr/lib/x86_64-linux-gnu/libXi.so.6.1.0
7d34ac382000-7d34ac383000 rw-p 00012000 08:02 17563973                   /usr/lib/x86_64-linux-gnu/libXi.so.6.1.0
7d34ac383000-7d34ac38e000 r--p 00000000 08:02 17563878                   /usr/lib/x86_64-linux-gnu/libatk-1.0.so.0.25209.1
7d34ac38e000-7d34ac39e000 r-xp 0000b000 08:02 17563878                   /usr/lib/x86_64-linux-gnu/libatk-1.0.so.0.25209.1
7d34ac39e000-7d34ac3a9000 r--p 0001b000 08:02 17563878                   /usr/lib/x86_64-linux-gnu/libatk-1.0.so.0.25209.1
7d34ac3a9000-7d34ac3ac000 r--p 00026000 08:02 17563878                   /usr/lib/x86_64-linux-gnu/libatk-1.0.so.0.25209.1
7d34ac3ac000-7d34ac3ad000 rw-p 00029000 08:02 17563878                   /usr/lib/x86_64-linux-gnu/libatk-1.0.so.0.25209.1
7d34ac3ad000-7d34ac3b5000 r--p 00000000 08:02 17576306                   /usr/lib/x86_64-linux-gnu/libfontconfig.so.1.12.1
7d34ac3b5000-7d34ac3e4000 r-xp 00008000 08:02 17576306                   /usr/lib/x86_64-linux-gnu/libfontconfig.so.1.12.1
7d34ac3e4000-7d34ac3fb000 r--p 00037000 08:02 17576306                   /usr/lib/x86_64-linux-gnu/libfontconfig.so.1.12.1
7d34ac3fb000-7d34ac3fd000 r--p 0004d000 08:02 17576306                   /usr/lib/x86_64-linux-gnu/libfontconfig.so.1.12.1
7d34ac3fd000-7d34ac3fe000 rw-p 0004f000 08:02 17576306                   /usr/lib/x86_64-linux-gnu/libfontconfig.so.1.12.1
7d34ac3fe000-7d34ac5fe000 rw-s 123828000 00:05 1142                      /dev/dri/renderD128
7d34ac5fe000-7d34ac7fe000 rw-s 13a1ea000 00:05 1142                      /dev/dri/renderD128
7d34ac7fe000-7d34ac7ff000 ---p 00000000 00:00 0 
7d34ac7ff000-7d34acfff000 rw-p 00000000 00:00 0 
7d34acfff000-7d34ad000000 ---p 00000000 00:00 0 
7d34ad000000-7d34ad800000 rw-p 00000000 00:00 0 
7d34ad800000-7d34ad801000 r--p 00000000 08:02 17563720                   /usr/lib/x86_64-linux-gnu/libicudata.so.74.2
7d34ad801000-7d34ad802000 r-xp 00001000 08:02 17563720                   /usr/lib/x86_64-linux-gnu/libicudata.so.74.2
7d34ad802000-7d34af55e000 r--p 00002000 08:02 17563720                   /usr/lib/x86_64-linux-gnu/libicudata.so.74.2
7d34af55e000-7d34af55f000 r--p 01d5d000 08:02 17563720                   /usr/lib/x86_64-linux-gnu/libicudata.so.74.2
7d34af55f000-7d34af560000 rw-p 01d5e000 08:02 17563720                   /usr/lib/x86_64-linux-gnu/libicudata.so.74.2
7d34af560000-7d34af562000 r--s 00000000 08:02 13111258                   /var/cache/fontconfig/550f3886151c940c12a5ed35f6a00586-le64.cache-9
7d34af562000-7d34af563000 r--p 00000000 08:02 17580610                   /usr/lib/x86_64-linux-gnu/libXdamage.so.1.1.0
7d34af563000-7d34af564000 r-xp 00001000 08:02 17580610                   /usr/lib/x86_64-linux-gnu/libXdamage.so.1.1.0
7d34af564000-7d34af565000 r--p 00002000 08:02 17580610                   /usr/lib/x86_64-linux-gnu/libXdamage.so.1.1.0
7d34af565000-7d34af566000 r--p 00002000 08:02 17580610                   /usr/lib/x86_64-linux-gnu/libXdamage.so.1.1.0
7d34af566000-7d34af567000 rw-p 00003000 08:02 17580610                   /usr/lib/x86_64-linux-gnu/libXdamage.so.1.1.0
7d34af567000-7d34af56f000 r--p 00000000 08:02 17570965                   /usr/lib/x86_64-linux-gnu/libgdk_pixbuf-2.0.so.0.4200.10
7d34af56f000-7d34af58a000 r-xp 00008000 08:02 17570965                   /usr/lib/x86_64-linux-gnu/libgdk_pixbuf-2.0.so.0.4200.10
7d34af58a000-7d34af593000 r--p 00023000 08:02 17570965                   /usr/lib/x86_64-linux-gnu/libgdk_pixbuf-2.0.so.0.4200.10
7d34af593000-7d34af594000 r--p 0002c000 08:02 17570965                   /usr/lib/x86_64-linux-gnu/libgdk_pixbuf-2.0.so.0.4200.10
7d34af594000-7d34af595000 rw-p 0002d000 08:02 17570965                   /usr/lib/x86_64-linux-gnu/libgdk_pixbuf-2.0.so.0.4200.10
7d34af595000-7d34af5a8000 r--p 00000000 08:02 17577804                   /usr/lib/x86_64-linux-gnu/libpango-1.0.so.0.5200.1
7d34af5a8000-7d34af5e1000 r-xp 00013000 08:02 17577804                   /usr/lib/x86_64-linux-gnu/libpango-1.0.so.0.5200.1
7d34af5e1000-7d34af5fb000 r--p 0004c000 08:02 17577804                   /usr/lib/x86_64-linux-gnu/libpango-1.0.so.0.5200.1
7d34af5fb000-7d34af5ff000 r--p 00065000 08:02 17577804                   /usr/lib/x86_64-linux-gnu/libpango-1.0.so.0.5200.1
7d34af5ff000-7d34af600000 rw-p 00069000 08:02 17577804                   /usr/lib/x86_64-linux-gnu/libpango-1.0.so.0.5200.1
7d34af600000-7d34b7808000 r-xp 00000000 08:02 17566918                   /usr/lib/x86_64-linux-gnu/libLLVM.so.20.1
7d34b7808000-7d34b7809000 ---p 08208000 08:02 17566918                   /usr/lib/x86_64-linux-gnu/libLLVM.so.20.1
7d34b7809000-7d34b7e9e000 r--p 08208000 08:02 17566918                   /usr/lib/x86_64-linux-gnu/libLLVM.so.20.1
7d34b7e9e000-7d34b7ee6000 rw-p 0889d000 08:02 17566918                   /usr/lib/x86_64-linux-gnu/libLLVM.so.20.1
7d34b7ee6000-7d34b7f8e000 rw-p 00000000 00:00 0 
7d34b7f8e000-7d34b7f91000 r--s 00000000 08:02 13111249                   /var/cache/fontconfig/674d1711f2d1d2a09646eb0bdcadee49-le64.cache-9
7d34b7f91000-7d34b7f93000 r--p 00000000 08:02 17564349                   /usr/lib/x86_64-linux-gnu/libXcursor.so.1.0.2
7d34b7f93000-7d34b7f99000 r-xp 00002000 08:02 17564349                   /usr/lib/x86_64-linux-gnu/libXcursor.so.1.0.2
7d34b7f99000-7d34b7f9b000 r--p 00008000 08:02 17564349                   /usr/lib/x86_64-linux-gnu/libXcursor.so.1.0.2
7d34b7f9b000-7d34b7f9c000 r--p 00009000 08:02 17564349                   /usr/lib/x86_64-linux-gnu/libXcursor.so.1.0.2
7d34b7f9c000-7d34b7f9d000 rw-p 0000a000 08:02 17564349                   /usr/lib/x86_64-linux-gnu/libXcursor.so.1.0.2
7d34b7f9d000-7d34b7fac000 r--p 00000000 08:02 17571210                   /usr/lib/x86_64-linux-gnu/libgobject-2.0.so.0.8000.0
7d34b7fac000-7d34b7fe3000 r-xp 0000f000 08:02 17571210                   /usr/lib/x86_64-linux-gnu/libgobject-2.0.so.0.8000.0
7d34b7fe3000-7d34b7ffc000 r--p 00046000 08:02 17571210                   /usr/lib/x86_64-linux-gnu/libgobject-2.0.so.0.8000.0
7d34b7ffc000-7d34b7fff000 r--p 0005e000 08:02 17571210                   /usr/lib/x86_64-linux-gnu/libgobject-2.0.so.0.8000.0
7d34b7fff000-7d34b8000000 rw-p 00061000 08:02 17571210                   /usr/lib/x86_64-linux-gnu/libgobject-2.0.so.0.8000.0
7d34b8000000-7d34b9828000 rw-p 00000000 00:00 0 
7d34b9828000-7d34bc000000 ---p 00000000 00:00 0 
7d34bc000000-7d34bc002000 r--s 00000000 08:02 13111188                   /var/cache/fontconfig/9847559ead66962bfc5feeee9f80d7a0-le64.cache-9
7d34bc002000-7d34bc004000 r--p 00000000 08:02 17565412                   /usr/lib/x86_64-linux-gnu/libwayland-cursor.so.0.22.0
7d34bc004000-7d34bc006000 r-xp 00002000 08:02 17565412                   /usr/lib/x86_64-linux-gnu/libwayland-cursor.so.0.22.0
7d34bc006000-7d34bc007000 r--p 00004000 08:02 17565412                   /usr/lib/x86_64-linux-gnu/libwayland-cursor.so.0.22.0
7d34bc007000-7d34bc008000 r--p 00004000 08:02 17565412                   /usr/lib/x86_64-linux-gnu/libwayland-cursor.so.0.22.0
7d34bc008000-7d34bc00c000 rw-p 00005000 08:02 17565412                   /usr/lib/x86_64-linux-gnu/libwayland-cursor.so.0.22.0
7d34bc00c000-7d34bc0bd000 rw-p 00000000 00:00 0 
7d34bc0bd000-7d34bc0be000 ---p 00000000 00:00 0 
7d34bc0be000-7d34bc8be000 rw-p 00000000 00:00 0 
7d34bc8be000-7d34bc9ff000 rw-s 00000000 08:02 27023306                   /home/linux/.cache/mesa_shader_cache_db/index
7d34bc9ff000-7d34bca00000 ---p 00000000 00:00 0 
7d34bca00000-7d34bd200000 rw-p 00000000 00:00 0 
7d34bd200000-7d34bd268000 r--p 00000000 08:02 17564655                   /usr/lib/x86_64-linux-gnu/libicuuc.so.74.2
7d34bd268000-7d34bd36d000 r-xp 00068000 08:02 17564655                   /usr/lib/x86_64-linux-gnu/libicuuc.so.74.2
7d34bd36d000-7d34bd3f7000 r--p 0016d000 08:02 17564655                   /usr/lib/x86_64-linux-gnu/libicuuc.so.74.2
7d34bd3f7000-7d34bd40a000 r--p 001f7000 08:02 17564655                   /usr/lib/x86_64-linux-gnu/libicuuc.so.74.2
7d34bd40a000-7d34bd40b000 rw-p 0020a000 08:02 17564655                   /usr/lib/x86_64-linux-gnu/libicuuc.so.74.2
7d34bd40b000-7d34bd40d000 rw-p 00000000 00:00 0 
7d34bd40d000-7d34bd40e000 r--s 00000000 08:02 13111190                   /var/cache/fontconfig/3f7329c5293ffd510edef78f73874cfd-le64.cache-9
7d34bd40e000-7d34bd413000 r--p 00000000 08:02 17578160                   /usr/lib/x86_64-linux-gnu/libwayland-client.so.0.22.0
7d34bd413000-7d34bd419000 r-xp 00005000 08:02 17578160                   /usr/lib/x86_64-linux-gnu/libwayland-client.so.0.22.0
7d34bd419000-7d34bd41b000 r--p 0000b000 08:02 17578160                   /usr/lib/x86_64-linux-gnu/libwayland-client.so.0.22.0
7d34bd41b000-7d34bd41d000 r--p 0000d000 08:02 17578160                   /usr/lib/x86_64-linux-gnu/libwayland-client.so.0.22.0
7d34bd41d000-7d34bd41e000 rw-p 0000f000 08:02 17578160                   /usr/lib/x86_64-linux-gnu/libwayland-client.so.0.22.0
7d34bd41e000-7d34bd44d000 r--p 00000000 08:02 17564433                   /usr/lib/x86_64-linux-gnu/libxml2.so.2.9.14
7d34bd44d000-7d34bd5b3000 r-xp 0002f000 08:02 17564433                   /usr/lib/x86_64-linux-gnu/libxml2.so.2.9.14
7d34bd5b3000-7d34bd5f5000 r--p 00195000 08:02 17564433                   /usr/lib/x86_64-linux-gnu/libxml2.so.2.9.14
7d34bd5f5000-7d34bd5fe000 r--p 001d6000 08:02 17564433                   /usr/lib/x86_64-linux-gnu/libxml2.so.2.9.14
7d34bd5fe000-7d34bd5ff000 rw-p 001df000 08:02 17564433                   /usr/lib/x86_64-linux-gnu/libxml2.so.2.9.14
7d34bd5ff000-7d34bd600000 rw-p 00000000 00:00 0 
7d34bd600000-7d34bd6ca000 r--p 00000000 08:02 17566930                   /usr/lib/x86_64-linux-gnu/libgallium-25.0.7-0ubuntu0.24.04.2.so
7d34bd6ca000-7d34bedfc000 r-xp 000ca000 08:02 17566930                   /usr/lib/x86_64-linux-gnu/libgallium-25.0.7-0ubuntu0.24.04.2.so
7d34bedfc000-7d34bfcac000 r--p 017fc000 08:02 17566930                   /usr/lib/x86_64-linux-gnu/libgallium-25.0.7-0ubuntu0.24.04.2.so
7d34bfcac000-7d34bfdb5000 r--p 026ab000 08:02 17566930                   /usr/lib/x86_64-linux-gnu/libgallium-25.0.7-0ubuntu0.24.04.2.so
7d34bfdb5000-7d34bfdce000 rw-p 027b4000 08:02 17566930                   /usr/lib/x86_64-linux-gnu/libgallium-25.0.7-0ubuntu0.24.04.2.so
7d34bfdce000-7d34bff90000 rw-p 00000000 00:00 0 
7d34bff90000-7d34bff91000 r--s 00000000 08:02 13111172                   /var/cache/fontconfig/0c9eb80ebd1c36541ebe2852d3bb0c49-le64.cache-9
7d34bff91000-7d34bff92000 r--s 00000000 08:02 13111152                   /var/cache/fontconfig/22368d551a680bfe5a62c02760edf4ea-le64.cache-9
7d34bff92000-7d34bff96000 r--p 00000000 08:02 17563787                   /usr/lib/x86_64-linux-gnu/libcairo-gobject.so.2.11800.0
7d34bff96000-7d34bff98000 r-xp 00004000 08:02 17563787                   /usr/lib/x86_64-linux-gnu/libcairo-gobject.so.2.11800.0
7d34bff98000-7d34bff9b000 r--p 00006000 08:02 17563787                   /usr/lib/x86_64-linux-gnu/libcairo-gobject.so.2.11800.0
7d34bff9b000-7d34bff9d000 r--p 00008000 08:02 17563787                   /usr/lib/x86_64-linux-gnu/libcairo-gobject.so.2.11800.0
7d34bff9d000-7d34bff9e000 rw-p 0000a000 08:02 17563787                   /usr/lib/x86_64-linux-gnu/libcairo-gobject.so.2.11800.0
7d34bff9e000-7d34bffa0000 r--p 00000000 08:02 17563951                   /usr/lib/x86_64-linux-gnu/libfribidi.so.0.4.0
7d34bffa0000-7d34bffa4000 r-xp 00002000 08:02 17563951                   /usr/lib/x86_64-linux-gnu/libfribidi.so.0.4.0
7d34bffa4000-7d34bffba000 r--p 00006000 08:02 17563951                   /usr/lib/x86_64-linux-gnu/libfribidi.so.0.4.0
7d34bffba000-7d34bffbb000 r--p 0001c000 08:02 17563951                   /usr/lib/x86_64-linux-gnu/libfribidi.so.0.4.0
7d34bffbb000-7d34bffbc000 rw-p 0001d000 08:02 17563951                   /usr/lib/x86_64-linux-gnu/libfribidi.so.0.4.0
7d34bffbc000-7d34bffc4000 r--p 00000000 08:02 17577692                   /usr/lib/x86_64-linux-gnu/libpangoft2-1.0.so.0.5200.1
7d34bffc4000-7d34bffd1000 r-xp 00008000 08:02 17577692                   /usr/lib/x86_64-linux-gnu/libpangoft2-1.0.so.0.5200.1
7d34bffd1000-7d34bffd5000 r--p 00015000 08:02 17577692                   /usr/lib/x86_64-linux-gnu/libpangoft2-1.0.so.0.5200.1
7d34bffd5000-7d34bffd6000 r--p 00019000 08:02 17577692                   /usr/lib/x86_64-linux-gnu/libpangoft2-1.0.so.0.5200.1
7d34bffd6000-7d34bffd7000 rw-p 0001a000 08:02 17577692                   /usr/lib/x86_64-linux-gnu/libpangoft2-1.0.so.0.5200.1
7d34bffd7000-7d34bffdc000 r--p 00000000 08:02 17565653                   /usr/lib/x86_64-linux-gnu/libpangocairo-1.0.so.0.5200.1
7d34bffdc000-7d34bffe4000 r-xp 00005000 08:02 17565653                   /usr/lib/x86_64-linux-gnu/libpangocairo-1.0.so.0.5200.1
7d34bffe4000-7d34bffe6000 r--p 0000d000 08:02 17565653                   /usr/lib/x86_64-linux-gnu/libpangocairo-1.0.so.0.5200.1
7d34bffe6000-7d34bffe7000 r--p 0000f000 08:02 17565653                   /usr/lib/x86_64-linux-gnu/libpangocairo-1.0.so.0.5200.1
7d34bffe7000-7d34bffe8000 rw-p 00010000 08:02 17565653                   /usr/lib/x86_64-linux-gnu/libpangocairo-1.0.so.0.5200.1
7d34bffe8000-7d34bffe9000 r--s 00000000 08:02 13111075                   /var/cache/fontconfig/4d9c95eba1cb85bbcf2878543262124a-le64.cache-9
7d34bffe9000-7d34bffea000 r--s 00000000 08:02 13110982                   /var/cache/fontconfig/85e0a52ce643a7ba2ae53e5d6949cead-le64.cache-9
7d34bffea000-7d34bffeb000 r--s 00000000 08:02 13110956                   /var/cache/fontconfig/49f0de54bdd920fe4f0dfd4cbac43e6b-le64.cache-9
7d34bffeb000-7d34bfff1000 r--p 00000000 08:02 26102234                   /home/linux/.config/dconf/user
7d34bfff1000-7d34bfff3000 r--p 00000000 08:02 17579681                   /usr/lib/x86_64-linux-gnu/libcanberra-gtk3.so.0.1.9
7d34bfff3000-7d34bfff5000 r-xp 00002000 08:02 17579681                   /usr/lib/x86_64-linux-gnu/libcanberra-gtk3.so.0.1.9
7d34bfff5000-7d34bfff6000 r--p 00004000 08:02 17579681                   /usr/lib/x86_64-linux-gnu/libcanberra-gtk3.so.0.1.9
7d34bfff6000-7d34bfff7000 r--p 00004000 08:02 17579681                   /usr/lib/x86_64-linux-gnu/libcanberra-gtk3.so.0.1.9
7d34bfff7000-7d34bfff8000 rw-p 00005000 08:02 17579681                   /usr/lib/x86_64-linux-gnu/libcanberra-gtk3.so.0.1.9
7d34bfff8000-7d34bfffa000 r--p 00000000 08:02 17585338                   /usr/lib/x86_64-linux-gnu/gtk-3.0/modules/libcanberra-gtk3-module.so
7d34bfffa000-7d34bfffd000 r-xp 00002000 08:02 17585338                   /usr/lib/x86_64-linux-gnu/gtk-3.0/modules/libcanberra-gtk3-module.so
7d34bfffd000-7d34bfffe000 r--p 00005000 08:02 17585338                   /usr/lib/x86_64-linux-gnu/gtk-3.0/modules/libcanberra-gtk3-module.so
7d34bfffe000-7d34bffff000 r--p 00005000 08:02 17585338                   /usr/lib/x86_64-linux-gnu/gtk-3.0/modules/libcanberra-gtk3-module.so
7d34bffff000-7d34c0000000 rw-p 00006000 08:02 17585338                   /usr/lib/x86_64-linux-gnu/gtk-3.0/modules/libcanberra-gtk3-module.so
7d34c0000000-7d34c0072000 rw-p 00000000 00:00 0 
7d34c0072000-7d34c4000000 ---p 00000000 00:00 0 
7d34c4000000-7d34c4072000 rw-p 00000000 00:00 0 
7d34c4072000-7d34c8000000 ---p 00000000 00:00 0 
7d34c8000000-7d34c8072000 rw-p 00000000 00:00 0 
7d34c8072000-7d34cc000000 ---p 00000000 00:00 0 
7d34cc000000-7d34cc070000 rw-p 00000000 00:00 0 
7d34cc070000-7d34d0000000 ---p 00000000 00:00 0 
7d34d0000000-7d34d007b000 rw-p 00000000 00:00 0 
7d34d007b000-7d34d4000000 ---p 00000000 00:00 0 
7d34d4000000-7d34d4072000 rw-p 00000000 00:00 0 
7d34d4072000-7d34d8000000 ---p 00000000 00:00 0 
7d34d8000000-7d34d8072000 rw-p 00000000 00:00 0 
7d34d8072000-7d34dc000000 ---p 00000000 00:00 0 
7d34dc000000-7d34dc070000 rw-p 00000000 00:00 0 
7d34dc070000-7d34e0000000 ---p 00000000 00:00 0 
7d34e0000000-7d34e00da000 rw-p 00000000 00:00 0 
7d34e00da000-7d34e4000000 ---p 00000000 00:00 0 
7d34e4000000-7d34e4074000 rw-p 00000000 00:00 0 
7d34e4074000-7d34e8000000 ---p 00000000 00:00 0 
7d34e8000000-7d34e806d000 rw-p 00000000 00:00 0 
7d34e806d000-7d34ec000000 ---p 00000000 00:00 0 
7d34ec000000-7d34ec021000 rw-p 00000000 00:00 0 
7d34ec021000-7d34f0000000 ---p 00000000 00:00 0 
7d34f0000000-7d34f036b000 rw-p 00000000 00:00 0 
7d34f036b000-7d34f4000000 ---p 00000000 00:00 0 
7d34f4000000-7d34f425f000 rw-p 00000000 00:00 0 
7d34f425f000-7d34f8000000 ---p 00000000 00:00 0 
7d34f8000000-7d34f82b5000 rw-p 00000000 00:00 0 
7d34f82b5000-7d34fc000000 ---p 00000000 00:00 0 
7d34fc000000-7d34fc4b4000 rw-p 00000000 00:00 0 
7d34fc4b4000-7d3500000000 ---p 00000000 00:00 0 
7d3500000000-7d35004f2000 rw-p 00000000 00:00 0 
7d35004f2000-7d3504000000 ---p 00000000 00:00 0 
7d3504000000-7d3504b97000 rw-p 00000000 00:00 0 
7d3504b97000-7d3508000000 ---p 00000000 00:00 0 
7d3508000000-7d3508a1b000 rw-p 00000000 00:00 0 
7d3508a1b000-7d350c000000 ---p 00000000 00:00 0 
7d350c000000-7d350c831000 rw-p 00000000 00:00 0 
7d350c831000-7d3510000000 ---p 00000000 00:00 0 
7d3510000000-7d3510021000 rw-p 00000000 00:00 0 
7d3510021000-7d3514000000 ---p 00000000 00:00 0 
7d3514000000-7d351429e000 rw-p 00000000 00:00 0 
7d351429e000-7d3518000000 ---p 00000000 00:00 0 
7d3518000000-7d351a560000 rw-p 00000000 00:00 0 
7d351a560000-7d351c000000 ---p 00000000 00:00 0 
7d351c000000-7d351c377000 rw-p 00000000 00:00 0 
7d351c377000-7d3520000000 ---p 00000000 00:00 0 
7d3520000000-7d3520070000 rw-p 00000000 00:00 0 
7d3520070000-7d3524000000 ---p 00000000 00:00 0 
7d3524000000-7d352406c000 rw-p 00000000 00:00 0 
7d352406c000-7d3528000000 ---p 00000000 00:00 0 
7d3528000000-7d3528021000 rw-p 00000000 00:00 0 
7d3528021000-7d352c000000 ---p 00000000 00:00 0 
7d352c000000-7d352c06c000 rw-p 00000000 00:00 0 
7d352c06c000-7d3530000000 ---p 00000000 00:00 0 
7d3530000000-7d35300b5000 rw-p 00000000 00:00 0 
7d35300b5000-7d3534000000 ---p 00000000 00:00 0 
7d3534000000-7d3534021000 rw-p 00000000 00:00 0 
7d3534021000-7d3538000000 ---p 00000000 00:00 0 
7d3538000000-7d35383f0000 rw-p 00000000 00:00 0 
7d35383f0000-7d3538410000 rw-p 00000000 00:00 0 
7d3538410000-7d3538430000 rw-p 00000000 00:00 0 
7d3538430000-7d3538470000 rw-p 00000000 00:00 0 
7d3538470000-7d35384f0000 rw-p 00000000 00:00 0 
7d35384f0000-7d35386f0000 rw-p 00000000 00:00 0 
7d35386f0000-7d3538770000 rw-p 00000000 00:00 0 
7d3538770000-7d35388f0000 rw-p 00000000 00:00 0 
7d35388f0000-7d3538af0000 rw-p 00000000 00:00 0 
7d3538af0000-7d3538bf0000 rw-p 00000000 00:00 0 
7d3538bf0000-7d3538cf0000 rw-p 00000000 00:00 0 
7d3538cf0000-7d3538df0000 rw-p 00000000 00:00 0 
7d3538df0000-7d3538ff0000 rw-p 00000000 00:00 0 
7d3538ff0000-7d35390f0000 rw-p 00000000 00:00 0 
7d35390f0000-7d35391f0000 rw-p 00000000 00:00 0 
7d35391f0000-7d35392f0000 rw-p 00000000 00:00 0 
7d35392f0000-7d35393f0000 rw-p 00000000 00:00 0 
7d35393f0000-7d35398f0000 rw-p 00000000 00:00 0 
7d35398f0000-7d35399f0000 rw-p 00000000 00:00 0 
7d35399f0000-7d3539b70000 rw-p 00000000 00:00 0 
7d3539b70000-7d3539bf0000 rw-p 00000000 00:00 0 
7d3539bf0000-7d3539db0000 rw-p 00000000 00:00 0 
7d3539db0000-7d3539df0000 rw-p 00000000 00:00 0 
7d3539df0000-7d3539ef0000 rw-p 00000000 00:00 0 
7d3539ef0000-7d3539ff0000 rw-p 00000000 00:00 0 
7d3539ff0000-7d353a290000 rw-p 00000000 00:00 0 
7d353a290000-7d353a300000 ---p 00000000 00:00 0 
7d353a300000-7d353a340000 rw-p 00000000 00:00 0 
7d353a340000-7d353c000000 ---p 00000000 00:00 0 
7d353c000000-7d353c021000 rw-p 00000000 00:00 0 
7d353c021000-7d3540000000 ---p 00000000 00:00 0 
7d3540000000-7d354006c000 rw-p 00000000 00:00 0 
7d354006c000-7d3544000000 ---p 00000000 00:00 0 
7d3544000000-7d3544021000 rw-p 00000000 00:00 0 
7d3544021000-7d3548000000 ---p 00000000 00:00 0 
7d3548000000-7d3548001000 r--s 00000000 08:02 13110946                   /var/cache/fontconfig/f6e6e0a5c3d2f6ae0c0c2e0ecd42a997-le64.cache-9
7d3548001000-7d3548002000 r--s 00000000 08:02 13110929                   /var/cache/fontconfig/4b2eda6bb976bda485cb2176619421d5-le64.cache-9
7d3548002000-7d3548003000 r--s 00000000 08:02 26087786                   /home/linux/.cache/fontconfig/72684142c3482219819ba2bf88a19c68-le64.cache-9
7d3548003000-7d3548005000 r--p 00000000 08:02 17564347                   /usr/lib/x86_64-linux-gnu/libXfixes.so.3.1.0
7d3548005000-7d3548008000 r-xp 00002000 08:02 17564347                   /usr/lib/x86_64-linux-gnu/libXfixes.so.3.1.0
7d3548008000-7d3548009000 r--p 00005000 08:02 17564347                   /usr/lib/x86_64-linux-gnu/libXfixes.so.3.1.0
7d3548009000-7d354800a000 r--p 00005000 08:02 17564347                   /usr/lib/x86_64-linux-gnu/libXfixes.so.3.1.0
7d354800a000-7d354800b000 rw-p 00006000 08:02 17564347                   /usr/lib/x86_64-linux-gnu/libXfixes.so.3.1.0
7d354800b000-7d354800d000 r--p 00000000 08:02 17571209                   /usr/lib/x86_64-linux-gnu/libgmodule-2.0.so.0.8000.0
7d354800d000-7d354800f000 r-xp 00002000 08:02 17571209                   /usr/lib/x86_64-linux-gnu/libgmodule-2.0.so.0.8000.0
7d354800f000-7d3548010000 r--p 00004000 08:02 17571209                   /usr/lib/x86_64-linux-gnu/libgmodule-2.0.so.0.8000.0
7d3548010000-7d3548011000 r--p 00004000 08:02 17571209                   /usr/lib/x86_64-linux-gnu/libgmodule-2.0.so.0.8000.0
7d3548011000-7d3548012000 rw-p 00005000 08:02 17571209                   /usr/lib/x86_64-linux-gnu/libgmodule-2.0.so.0.8000.0
7d3548012000-7d35480c3000 rw-p 00000000 00:00 0 
7d35480c3000-7d35480c6000 r--p 00000000 08:02 17564562                   /usr/lib/x86_64-linux-gnu/liblzma.so.5.4.5
7d35480c6000-7d35480e8000 r-xp 00003000 08:02 17564562                   /usr/lib/x86_64-linux-gnu/liblzma.so.5.4.5
7d35480e8000-7d35480f3000 r--p 00025000 08:02 17564562                   /usr/lib/x86_64-linux-gnu/liblzma.so.5.4.5
7d35480f3000-7d35480f4000 r--p 00030000 08:02 17564562                   /usr/lib/x86_64-linux-gnu/liblzma.so.5.4.5
7d35480f4000-7d35480f5000 rw-p 00031000 08:02 17564562                   /usr/lib/x86_64-linux-gnu/liblzma.so.5.4.5
7d35480f5000-7d3548103000 r--p 00000000 08:02 17573228                   /usr/lib/x86_64-linux-gnu/libtinfo.so.6.4
7d3548103000-7d3548116000 r-xp 0000e000 08:02 17573228                   /usr/lib/x86_64-linux-gnu/libtinfo.so.6.4
7d3548116000-7d3548124000 r--p 00021000 08:02 17573228                   /usr/lib/x86_64-linux-gnu/libtinfo.so.6.4
7d3548124000-7d3548128000 r--p 0002e000 08:02 17573228                   /usr/lib/x86_64-linux-gnu/libtinfo.so.6.4
7d3548128000-7d3548129000 rw-p 00032000 08:02 17573228                   /usr/lib/x86_64-linux-gnu/libtinfo.so.6.4
7d3548129000-7d354812b000 r--p 00000000 08:02 17571889                   /usr/lib/x86_64-linux-gnu/libpciaccess.so.0.11.1
7d354812b000-7d3548130000 r-xp 00002000 08:02 17571889                   /usr/lib/x86_64-linux-gnu/libpciaccess.so.0.11.1
7d3548130000-7d3548132000 r--p 00007000 08:02 17571889                   /usr/lib/x86_64-linux-gnu/libpciaccess.so.0.11.1
7d3548132000-7d3548133000 r--p 00008000 08:02 17571889                   /usr/lib/x86_64-linux-gnu/libpciaccess.so.0.11.1
7d3548133000-7d3548134000 rw-p 00009000 08:02 17571889                   /usr/lib/x86_64-linux-gnu/libpciaccess.so.0.11.1
7d3548134000-7d354813c000 r--p 00000000 08:02 17566916                   /usr/lib/x86_64-linux-gnu/libedit.so.2.0.72
7d354813c000-7d354815b000 r-xp 00008000 08:02 17566916                   /usr/lib/x86_64-linux-gnu/libedit.so.2.0.72
7d354815b000-7d3548167000 r--p 00027000 08:02 17566916                   /usr/lib/x86_64-linux-gnu/libedit.so.2.0.72
7d3548167000-7d3548169000 r--p 00033000 08:02 17566916                   /usr/lib/x86_64-linux-gnu/libedit.so.2.0.72
7d3548169000-7d354816a000 rw-p 00035000 08:02 17566916                   /usr/lib/x86_64-linux-gnu/libedit.so.2.0.72
7d354816a000-7d354816e000 rw-p 00000000 00:00 0 
7d354816e000-7d3548170000 r--p 00000000 08:02 17575560                   /usr/lib/x86_64-linux-gnu/libffi.so.8.1.4
7d3548170000-7d3548177000 r-xp 00002000 08:02 17575560                   /usr/lib/x86_64-linux-gnu/libffi.so.8.1.4
7d3548177000-7d3548178000 r--p 00009000 08:02 17575560                   /usr/lib/x86_64-linux-gnu/libffi.so.8.1.4
7d3548178000-7d3548179000 r--p 0000a000 08:02 17575560                   /usr/lib/x86_64-linux-gnu/libffi.so.8.1.4
7d3548179000-7d354817a000 rw-p 0000b000 08:02 17575560                   /usr/lib/x86_64-linux-gnu/libffi.so.8.1.4
7d354817a000-7d354817d000 r--p 00000000 08:02 17566914                   /usr/lib/x86_64-linux-gnu/libdrm_intel.so.1.0.0
7d354817d000-7d3548193000 r-xp 00003000 08:02 17566914                   /usr/lib/x86_64-linux-gnu/libdrm_intel.so.1.0.0
7d3548193000-7d354819c000 r--p 00019000 08:02 17566914                   /usr/lib/x86_64-linux-gnu/libdrm_intel.so.1.0.0
7d354819c000-7d354819d000 r--p 00021000 08:02 17566914                   /usr/lib/x86_64-linux-gnu/libdrm_intel.so.1.0.0
7d354819d000-7d354819e000 rw-p 00022000 08:02 17566914                   /usr/lib/x86_64-linux-gnu/libdrm_intel.so.1.0.0
7d354819e000-7d35481a1000 r--p 00000000 08:02 17566912                   /usr/lib/x86_64-linux-gnu/libdrm_amdgpu.so.1.0.0
7d35481a1000-7d35481a7000 r-xp 00003000 08:02 17566912                   /usr/lib/x86_64-linux-gnu/libdrm_amdgpu.so.1.0.0
7d35481a7000-7d35481a9000 r--p 00009000 08:02 17566912                   /usr/lib/x86_64-linux-gnu/libdrm_amdgpu.so.1.0.0
7d35481a9000-7d35481aa000 r--p 0000a000 08:02 17566912                   /usr/lib/x86_64-linux-gnu/libdrm_amdgpu.so.1.0.0
7d35481aa000-7d35481ab000 rw-p 0000b000 08:02 17566912                   /usr/lib/x86_64-linux-gnu/libdrm_amdgpu.so.1.0.0
7d35481ab000-7d35481ae000 r--p 00000000 08:02 17568289                   /usr/lib/x86_64-linux-gnu/libelf-0.190.so
7d35481ae000-7d35481c4000 r-xp 00003000 08:02 17568289                   /usr/lib/x86_64-linux-gnu/libelf-0.190.so
7d35481c4000-7d35481c8000 r--p 00019000 08:02 17568289                   /usr/lib/x86_64-linux-gnu/libelf-0.190.so
7d35481c8000-7d35481c9000 r--p 0001c000 08:02 17568289                   /usr/lib/x86_64-linux-gnu/libelf-0.190.so
7d35481c9000-7d35481ca000 rw-p 0001d000 08:02 17568289                   /usr/lib/x86_64-linux-gnu/libelf-0.190.so
7d35481ca000-7d35481cd000 r--p 00000000 08:02 17566926                   /usr/lib/x86_64-linux-gnu/libxcb-sync.so.1.0.0
7d35481cd000-7d35481d0000 r-xp 00003000 08:02 17566926                   /usr/lib/x86_64-linux-gnu/libxcb-sync.so.1.0.0
7d35481d0000-7d35481d1000 r--p 00006000 08:02 17566926                   /usr/lib/x86_64-linux-gnu/libxcb-sync.so.1.0.0
7d35481d1000-7d35481d2000 r--p 00007000 08:02 17566926                   /usr/lib/x86_64-linux-gnu/libxcb-sync.so.1.0.0
7d35481d2000-7d35481d3000 rw-p 00008000 08:02 17566926                   /usr/lib/x86_64-linux-gnu/libxcb-sync.so.1.0.0
7d35481d3000-7d35481da000 r--p 00000000 08:02 17566924                   /usr/lib/x86_64-linux-gnu/libxcb-randr.so.0.1.0
7d35481da000-7d35481df000 r-xp 00007000 08:02 17566924                   /usr/lib/x86_64-linux-gnu/libxcb-randr.so.0.1.0
7d35481df000-7d35481e2000 r--p 0000c000 08:02 17566924                   /usr/lib/x86_64-linux-gnu/libxcb-randr.so.0.1.0
7d35481e2000-7d35481e3000 r--p 0000f000 08:02 17566924                   /usr/lib/x86_64-linux-gnu/libxcb-randr.so.0.1.0
7d35481e3000-7d35481e4000 rw-p 00010000 08:02 17566924                   /usr/lib/x86_64-linux-gnu/libxcb-randr.so.0.1.0
7d35481e4000-7d35481e6000 r--p 00000000 08:02 17566920                   /usr/lib/x86_64-linux-gnu/libsensors.so.5.0.0
7d35481e6000-7d35481ed000 r-xp 00002000 08:02 17566920                   /usr/lib/x86_64-linux-gnu/libsensors.so.5.0.0
7d35481ed000-7d35481f1000 r--p 00009000 08:02 17566920                   /usr/lib/x86_64-linux-gnu/libsensors.so.5.0.0
7d35481f1000-7d35481f2000 r--p 0000d000 08:02 17566920                   /usr/lib/x86_64-linux-gnu/libsensors.so.5.0.0
7d35481f2000-7d35481f3000 rw-p 0000e000 08:02 17566920                   /usr/lib/x86_64-linux-gnu/libsensors.so.5.0.0
7d35481f3000-7d35481f7000 r--p 00000000 08:02 17566201                   /usr/lib/x86_64-linux-gnu/libzstd.so.1.5.5
7d35481f7000-7d354829e000 r-xp 00004000 08:02 17566201                   /usr/lib/x86_64-linux-gnu/libzstd.so.1.5.5
7d354829e000-7d35482ab000 r--p 000ab000 08:02 17566201                   /usr/lib/x86_64-linux-gnu/libzstd.so.1.5.5
7d35482ab000-7d35482ac000 r--p 000b7000 08:02 17566201                   /usr/lib/x86_64-linux-gnu/libzstd.so.1.5.5
7d35482ac000-7d35482ad000 rw-p 000b8000 08:02 17566201                   /usr/lib/x86_64-linux-gnu/libzstd.so.1.5.5
7d35482ad000-7d35482b0000 r--p 00000000 08:02 17564128                   /usr/lib/x86_64-linux-gnu/libxcb-xfixes.so.0.0.0
7d35482b0000-7d35482b3000 r-xp 00003000 08:02 17564128                   /usr/lib/x86_64-linux-gnu/libxcb-xfixes.so.0.0.0
7d35482b3000-7d35482b5000 r--p 00006000 08:02 17564128                   /usr/lib/x86_64-linux-gnu/libxcb-xfixes.so.0.0.0
7d35482b5000-7d35482b6000 r--p 00007000 08:02 17564128                   /usr/lib/x86_64-linux-gnu/libxcb-xfixes.so.0.0.0
7d35482b6000-7d35482b7000 rw-p 00008000 08:02 17564128                   /usr/lib/x86_64-linux-gnu/libxcb-xfixes.so.0.0.0
7d35482b7000-7d35482bb000 r--p 00000000 08:02 17574493                   /usr/lib/x86_64-linux-gnu/libexpat.so.1.9.1
7d35482bb000-7d35482d8000 r-xp 00004000 08:02 17574493                   /usr/lib/x86_64-linux-gnu/libexpat.so.1.9.1
7d35482d8000-7d35482e0000 r--p 00021000 08:02 17574493                   /usr/lib/x86_64-linux-gnu/libexpat.so.1.9.1
7d35482e0000-7d35482e2000 r--p 00028000 08:02 17574493                   /usr/lib/x86_64-linux-gnu/libexpat.so.1.9.1
7d35482e2000-7d35482e3000 rw-p 0002a000 08:02 17574493                   /usr/lib/x86_64-linux-gnu/libexpat.so.1.9.1
7d35482e3000-7d35482ee000 r--p 00000000 08:02 17566937                   /usr/lib/x86_64-linux-gnu/libxcb-glx.so.0.0.0
7d35482ee000-7d35482f7000 r-xp 0000b000 08:02 17566937                   /usr/lib/x86_64-linux-gnu/libxcb-glx.so.0.0.0
7d35482f7000-7d35482fc000 r--p 00014000 08:02 17566937                   /usr/lib/x86_64-linux-gnu/libxcb-glx.so.0.0.0
7d35482fc000-7d35482fe000 r--p 00019000 08:02 17566937                   /usr/lib/x86_64-linux-gnu/libxcb-glx.so.0.0.0
7d35482fe000-7d35482ff000 rw-p 0001b000 08:02 17566937                   /usr/lib/x86_64-linux-gnu/libxcb-glx.so.0.0.0
7d35482ff000-7d3548318000 r--p 00000000 08:02 17587104                   /usr/lib/x86_64-linux-gnu/libGLX_mesa.so.0.0.0
7d3548318000-7d3548351000 r-xp 00019000 08:02 17587104                   /usr/lib/x86_64-linux-gnu/libGLX_mesa.so.0.0.0
7d3548351000-7d3548363000 r--p 00052000 08:02 17587104                   /usr/lib/x86_64-linux-gnu/libGLX_mesa.so.0.0.0
7d3548363000-7d3548367000 r--p 00063000 08:02 17587104                   /usr/lib/x86_64-linux-gnu/libGLX_mesa.so.0.0.0
7d3548367000-7d3548368000 rw-p 00067000 08:02 17587104                   /usr/lib/x86_64-linux-gnu/libGLX_mesa.so.0.0.0
7d3548368000-7d3548369000 rw-p 00000000 00:00 0 
7d3548369000-7d35483aa000 r--p 00000000 08:02 17587632                   /usr/lib/x86_64-linux-gnu/libGLdispatch.so.0.0.0
7d35483aa000-7d35483e9000 r-xp 00041000 08:02 17587632                   /usr/lib/x86_64-linux-gnu/libGLdispatch.so.0.0.0
7d35483e9000-7d35483fc000 r--p 00080000 08:02 17587632                   /usr/lib/x86_64-linux-gnu/libGLdispatch.so.0.0.0
7d35483fc000-7d3548418000 r--p 00093000 08:02 17587632                   /usr/lib/x86_64-linux-gnu/libGLdispatch.so.0.0.0
7d3548418000-7d3548419000 rw-p 000af000 08:02 17587632                   /usr/lib/x86_64-linux-gnu/libGLdispatch.so.0.0.0
7d3548419000-7d3548421000 rw-p 00000000 00:00 0 
7d3548421000-7d3548464000 r--p 00000000 08:02 17587114                   /usr/lib/x86_64-linux-gnu/libGL.so.1.7.0
7d3548464000-7d3548484000 r-xp 00043000 08:02 17587114                   /usr/lib/x86_64-linux-gnu/libGL.so.1.7.0
7d3548484000-7d3548498000 r--p 00063000 08:02 17587114                   /usr/lib/x86_64-linux-gnu/libGL.so.1.7.0
7d3548498000-7d35484a6000 r--p 00077000 08:02 17587114                   /usr/lib/x86_64-linux-gnu/libGL.so.1.7.0
7d35484a6000-7d35484a7000 rw-p 00085000 08:02 17587114                   /usr/lib/x86_64-linux-gnu/libGL.so.1.7.0
7d35484a7000-7d35484a8000 rw-p 00000000 00:00 0 
7d35484a8000-7d35484c1000 r--p 00000000 08:02 17565899                   /usr/lib/x86_64-linux-gnu/libX11.so.6.4.0
7d35484c1000-7d3548551000 r-xp 00019000 08:02 17565899                   /usr/lib/x86_64-linux-gnu/libX11.so.6.4.0
7d3548551000-7d35485e0000 r--p 000a9000 08:02 17565899                   /usr/lib/x86_64-linux-gnu/libX11.so.6.4.0
7d35485e0000-7d35485e1000 r--p 00138000 08:02 17565899                   /usr/lib/x86_64-linux-gnu/libX11.so.6.4.0
7d35485e1000-7d35485e5000 rw-p 00139000 08:02 17565899                   /usr/lib/x86_64-linux-gnu/libX11.so.6.4.0
7d35485e5000-7d35485e9000 ---p 00000000 00:00 0 
7d35485e9000-7d35486e5000 rw-p 00000000 00:00 0 
7d35486e5000-7d35486e6000 ---p 00000000 00:00 0 
7d35486e6000-7d35487e6000 rw-p 00000000 00:00 0 
7d35487e6000-7d35487e7000 ---p 00000000 00:00 0 
7d35487e7000-7d35488e7000 rw-p 00000000 00:00 0 
7d35488e7000-7d35488e8000 ---p 00000000 00:00 0 
7d35488e8000-7d35489e8000 rw-p 00000000 00:00 0 
7d35489e8000-7d35489e9000 ---p 00000000 00:00 0 
7d35489e9000-7d3548ae9000 rw-p 00000000 00:00 0 
7d3548ae9000-7d3548aea000 ---p 00000000 00:00 0 
7d3548aea000-7d3548bea000 rw-p 00000000 00:00 0 
7d3548bea000-7d3548beb000 ---p 00000000 00:00 0 
7d3548beb000-7d3548ceb000 rw-p 00000000 00:00 0 
7d3548ceb000-7d3548cec000 ---p 00000000 00:00 0 
7d3548cec000-7d3548dec000 rw-p 00000000 00:00 0 
7d3548dec000-7d3548ded000 ---p 00000000 00:00 0 
7d3548ded000-7d3548eed000 rw-p 00000000 00:00 0 
7d3548eed000-7d3548eee000 ---p 00000000 00:00 0 
7d3548eee000-7d3548fee000 rw-p 00000000 00:00 0 
7d3548fee000-7d3548fef000 ---p 00000000 00:00 0 
7d3548fef000-7d35490ef000 rw-p 00000000 00:00 0 
7d35490ef000-7d35490f3000 ---p 00000000 00:00 0 
7d35490f3000-7d35491ef000 rw-p 00000000 00:00 0 
7d35491ef000-7d35491f0000 rw-s 00000000 00:01 150975                     /memfd:xshmfence (deleted)
7d35491f0000-7d35491f1000 rw-s 138957000 00:05 1142                      /dev/dri/renderD128
7d35491f1000-7d35491f2000 rw-s 138956000 00:05 1142                      /dev/dri/renderD128
7d35491f2000-7d35491f7000 r--p 00000000 08:02 17579726                   /usr/lib/x86_64-linux-gnu/libdrm.so.2.4.0
7d35491f7000-7d3549203000 r-xp 00005000 08:02 17579726                   /usr/lib/x86_64-linux-gnu/libdrm.so.2.4.0
7d3549203000-7d3549207000 r--p 00011000 08:02 17579726                   /usr/lib/x86_64-linux-gnu/libdrm.so.2.4.0
7d3549207000-7d3549208000 r--p 00014000 08:02 17579726                   /usr/lib/x86_64-linux-gnu/libdrm.so.2.4.0
7d3549208000-7d3549209000 rw-p 00015000 08:02 17579726                   /usr/lib/x86_64-linux-gnu/libdrm.so.2.4.0
7d3549209000-7d354920b000 r--p 00000000 08:02 17567377                   /usr/lib/x86_64-linux-gnu/libmd.so.0.1.0
7d354920b000-7d3549214000 r-xp 00002000 08:02 17567377                   /usr/lib/x86_64-linux-gnu/libmd.so.0.1.0
7d3549214000-7d3549216000 r--p 0000b000 08:02 17567377                   /usr/lib/x86_64-linux-gnu/libmd.so.0.1.0
7d3549216000-7d3549217000 r--p 0000c000 08:02 17567377                   /usr/lib/x86_64-linux-gnu/libmd.so.0.1.0
7d3549217000-7d3549218000 rw-p 0000d000 08:02 17567377                   /usr/lib/x86_64-linux-gnu/libmd.so.0.1.0
7d3549218000-7d354921c000 r--p 00000000 08:02 17567379                   /usr/lib/x86_64-linux-gnu/libbsd.so.0.12.1
7d354921c000-7d3549228000 r-xp 00004000 08:02 17567379                   /usr/lib/x86_64-linux-gnu/libbsd.so.0.12.1
7d3549228000-7d354922b000 r--p 00010000 08:02 17567379                   /usr/lib/x86_64-linux-gnu/libbsd.so.0.12.1
7d354922b000-7d354922c000 r--p 00012000 08:02 17567379                   /usr/lib/x86_64-linux-gnu/libbsd.so.0.12.1
7d354922c000-7d354922d000 rw-p 00013000 08:02 17567379                   /usr/lib/x86_64-linux-gnu/libbsd.so.0.12.1
7d354922d000-7d354922e000 rw-p 00000000 00:00 0 
7d354922e000-7d354922f000 ---p 00000000 00:00 0 
7d354922f000-7d354932f000 rw-p 00000000 00:00 0 
7d354932f000-7d3549333000 ---p 00000000 00:00 0 
7d3549333000-7d354942f000 rw-p 00000000 00:00 0 
7d354942f000-7d3549430000 rw-s 00000000 00:01 160892                     /memfd:pipewire-memfd:flags=0x0000000f,type=2,size=2312 (deleted)
7d3549430000-7d3549431000 rw-s 00000000 00:01 145385                     /memfd:pipewire-memfd:flags=0x0000000f,type=2,size=2312 (deleted)
7d3549431000-7d3549432000 rw-s 00000000 00:01 153106                     /memfd:pipewire-memfd:flags=0x0000000f,type=2,size=4096 (deleted)
7d3549432000-7d3549433000 rw-s 00000000 00:01 20680                      /memfd:pipewire-memfd:flags=0x0000000f,type=2,size=2312 (deleted)
7d3549433000-7d3549434000 rw-s 00000000 00:01 148008                     /memfd:pipewire-memfd:flags=0x0000000f,type=2,size=2312 (deleted)
7d3549434000-7d3549435000 rw-s 00000000 00:01 156179                     /memfd:pipewire-memfd:flags=0x0000000f,type=2,size=2312 (deleted)
7d3549435000-7d3549436000 rw-s 00000000 00:01 160891                     /memfd:pipewire-memfd:flags=0x0000000f,type=2,size=4096 (deleted)
7d3549436000-7d354943f000 rw-s 00000000 00:01 148007                     /memfd:pipewire-memfd:flags=0x0000000f,type=2,size=32832 (deleted)
7d354943f000-7d3549448000 rw-s 00000000 00:01 148006                     /memfd:pipewire-memfd:flags=0x0000000f,type=2,size=32832 (deleted)
7d3549448000-7d3549449000 rw-s 00000000 00:01 20680                      /memfd:pipewire-memfd:flags=0x0000000f,type=2,size=2312 (deleted)
7d3549449000-7d354944a000 rw-s 00000000 00:01 160890                     /memfd:pipewire-memfd:flags=0x0000000f,type=2,size=2312 (deleted)
7d354944a000-7d354944b000 rw-s 00000000 00:01 154524                     /memfd:pipewire-memfd:flags=0x0000000f,type=2,size=2312 (deleted)
7d354944b000-7d354944c000 rw-s 00000000 00:01 156176                     /memfd:pipewire-memfd:flags=0x0000000f,type=2,size=4096 (deleted)
7d354944c000-7d3549455000 rw-s 00000000 00:01 156178                     /memfd:pipewire-memfd:flags=0x0000000f,type=2,size=32832 (deleted)
7d3549455000-7d354945e000 rw-s 00000000 00:01 156177                     /memfd:pipewire-memfd:flags=0x0000000f,type=2,size=32832 (deleted)
7d354945e000-7d354945f000 rw-s 00000000 00:01 20680                      /memfd:pipewire-memfd:flags=0x0000000f,type=2,size=2312 (deleted)
7d354945f000-7d3549460000 rw-s 00000000 00:01 158984                     /memfd:pipewire-memfd:flags=0x0000000f,type=2,size=2312 (deleted)
7d3549460000-7d3549461000 rw-s 00000000 00:01 145384                     /memfd:pipewire-memfd:flags=0x0000000f,type=2,size=2312 (deleted)
7d3549461000-7d3549462000 rw-s 00000000 00:01 158983                     /memfd:pipewire-memfd:flags=0x0000000f,type=2,size=4096 (deleted)
7d3549462000-7d354946b000 rw-s 00000000 00:01 156175                     /memfd:pipewire-memfd:flags=0x0000000f,type=2,size=32832 (deleted)
7d354946b000-7d3549474000 rw-s 00000000 00:01 156174                     /memfd:pipewire-memfd:flags=0x0000000f,type=2,size=32832 (deleted)
7d3549474000-7d3549475000 rw-s 00000000 00:01 20680                      /memfd:pipewire-memfd:flags=0x0000000f,type=2,size=2312 (deleted)
7d3549475000-7d3549476000 rw-s 00000000 00:01 158982                     /memfd:pipewire-memfd:flags=0x0000000f,type=2,size=2312 (deleted)
7d3549476000-7d3549477000 rw-s 00000000 00:01 160889                     /memfd:pipewire-memfd:flags=0x0000000f,type=2,size=2312 (deleted)
7d3549477000-7d3549478000 rw-s 00000000 00:01 158979                     /memfd:pipewire-memfd:flags=0x0000000f,type=2,size=4096 (deleted)
7d3549478000-7d3549481000 rw-s 00000000 00:01 158981                     /memfd:pipewire-memfd:flags=0x0000000f,type=2,size=32832 (deleted)
7d3549481000-7d354948a000 rw-s 00000000 00:01 158980                     /memfd:pipewire-memfd:flags=0x0000000f,type=2,size=32832 (deleted)
7d354948a000-7d354948b000 rw-s 00000000 00:01 20680                      /memfd:pipewire-memfd:flags=0x0000000f,type=2,size=2312 (deleted)
7d354948b000-7d354948c000 rw-s 00000000 00:01 158978                     /memfd:pipewire-memfd:flags=0x0000000f,type=2,size=2312 (deleted)
7d354948c000-7d354948d000 rw-s 00000000 00:01 145383                     /memfd:pipewire-memfd:flags=0x0000000f,type=2,size=2312 (deleted)
7d354948d000-7d354948e000 rw-s 00000000 00:01 150995                     /memfd:pipewire-memfd:flags=0x0000000f,type=2,size=4096 (deleted)
7d354948e000-7d3549497000 rw-s 00000000 00:01 160888                     /memfd:pipewire-memfd:flags=0x0000000f,type=2,size=32832 (deleted)
7d3549497000-7d35494a0000 rw-s 00000000 00:01 160887                     /memfd:pipewire-memfd:flags=0x0000000f,type=2,size=32832 (deleted)
7d35494a0000-7d35494a1000 rw-s 00000000 00:01 20680                      /memfd:pipewire-memfd:flags=0x0000000f,type=2,size=2312 (deleted)
7d35494a1000-7d35494a2000 rw-s 00000000 00:01 150994                     /memfd:pipewire-memfd:flags=0x0000000f,type=2,size=2312 (deleted)
7d35494a2000-7d35494a3000 rw-s 00000000 00:01 161843                     /memfd:pipewire-memfd:flags=0x0000000f,type=2,size=2312 (deleted)
7d35494a3000-7d35494a4000 rw-s 00000000 00:01 157140                     /memfd:pipewire-memfd:flags=0x0000000f,type=2,size=4096 (deleted)
7d35494a4000-7d35494ad000 rw-s 00000000 00:01 150993                     /memfd:pipewire-memfd:flags=0x0000000f,type=2,size=32832 (deleted)
7d35494ad000-7d35494b6000 rw-s 00000000 00:01 150992                     /memfd:pipewire-memfd:flags=0x0000000f,type=2,size=32832 (deleted)
7d35494b6000-7d35494b7000 rw-s 00000000 00:01 20680                      /memfd:pipewire-memfd:flags=0x0000000f,type=2,size=2312 (deleted)
7d35494b7000-7d35494b8000 rw-s 00000000 00:01 157139                     /memfd:pipewire-memfd:flags=0x0000000f,type=2,size=2312 (deleted)
7d35494b8000-7d35494b9000 rw-s 00000000 00:01 156173                     /memfd:pipewire-memfd:flags=0x0000000f,type=2,size=2312 (deleted)
7d35494b9000-7d35494ba000 rw-s 00000000 00:01 155442                     /memfd:pipewire-memfd:flags=0x0000000f,type=2,size=4096 (deleted)
7d35494ba000-7d35494c3000 rw-s 00000000 00:01 157138                     /memfd:pipewire-memfd:flags=0x0000000f,type=2,size=32832 (deleted)
7d35494c3000-7d35494cc000 rw-s 00000000 00:01 157137                     /memfd:pipewire-memfd:flags=0x0000000f,type=2,size=32832 (deleted)
7d35494cc000-7d35494cd000 rw-s 00000000 00:01 20680                      /memfd:pipewire-memfd:flags=0x0000000f,type=2,size=2312 (deleted)
7d35494cd000-7d35494ce000 rw-s 00000000 00:01 157136                     /memfd:pipewire-memfd:flags=0x0000000f,type=2,size=2312 (deleted)
7d35494ce000-7d35494cf000 rw-s 00000000 00:01 155441                     /memfd:pipewire-memfd:flags=0x0000000f,type=2,size=2312 (deleted)
7d35494cf000-7d35494d0000 rw-s 00000000 00:01 157133                     /memfd:pipewire-memfd:flags=0x0000000f,type=2,size=4096 (deleted)
7d35494d0000-7d35494d9000 rw-s 00000000 00:01 157135                     /memfd:pipewire-memfd:flags=0x0000000f,type=2,size=32832 (deleted)
7d35494d9000-7d35494e2000 rw-s 00000000 00:01 157134                     /memfd:pipewire-memfd:flags=0x0000000f,type=2,size=32832 (deleted)
7d35494e2000-7d35494e3000 rw-s 00000000 00:01 20680                      /memfd:pipewire-memfd:flags=0x0000000f,type=2,size=2312 (deleted)
7d35494e3000-7d35494e4000 rw-s 00000000 00:01 157132                     /memfd:pipewire-memfd:flags=0x0000000f,type=2,size=2312 (deleted)
7d35494e4000-7d35494e5000 rw-s 00000000 00:01 156172                     /memfd:pipewire-memfd:flags=0x0000000f,type=2,size=2312 (deleted)
7d35494e5000-7d35494e6000 rw-s 00000000 00:01 157131                     /memfd:pipewire-memfd:flags=0x0000000f,type=2,size=4096 (deleted)
7d35494e6000-7d35494ef000 rw-s 00000000 00:01 153105                     /memfd:pipewire-memfd:flags=0x0000000f,type=2,size=32832 (deleted)
7d35494ef000-7d35494f8000 rw-s 00000000 00:01 153104                     /memfd:pipewire-memfd:flags=0x0000000f,type=2,size=32832 (deleted)
7d35494f8000-7d35494f9000 rw-s 00000000 00:01 20680                      /memfd:pipewire-memfd:flags=0x0000000f,type=2,size=2312 (deleted)
7d35494f9000-7d35494fa000 rw-s 00000000 00:01 157130                     /memfd:pipewire-memfd:flags=0x0000000f,type=2,size=2312 (deleted)
7d35494fa000-7d35494fb000 rw-s 00000000 00:01 148005                     /memfd:pipewire-memfd:flags=0x0000000f,type=2,size=2312 (deleted)
7d35494fb000-7d35494fc000 rw-s 00000000 00:01 148012                     /memfd:pipewire-memfd:flags=0x0000000f,type=2,size=4096 (deleted)
7d35494fc000-7d3549505000 rw-s 00000000 00:01 157142                     /memfd:pipewire-memfd:flags=0x0000000f,type=2,size=32832 (deleted)
7d3549505000-7d354950e000 rw-s 00000000 00:01 157141                     /memfd:pipewire-memfd:flags=0x0000000f,type=2,size=32832 (deleted)
7d354950e000-7d354950f000 rw-s 00000000 00:01 20680                      /memfd:pipewire-memfd:flags=0x0000000f,type=2,size=2312 (deleted)
7d354950f000-7d3549510000 rw-s 00000000 00:01 148011                     /memfd:pipewire-memfd:flags=0x0000000f,type=2,size=2312 (deleted)
7d3549510000-7d3549511000 rw-s 00000000 00:01 159972                     /memfd:pipewire-memfd:flags=0x0000000f,type=2,size=2312 (deleted)
7d3549511000-7d3549512000 rw-s 00000000 00:01 150991                     /memfd:pipewire-memfd:flags=0x0000000f,type=2,size=4096 (deleted)
7d3549512000-7d354951b000 rw-s 00000000 00:01 145381                     /memfd:pipewire-memfd:flags=0x0000000f,type=2,size=32832 (deleted)
7d354951b000-7d3549524000 rw-s 00000000 00:01 145380                     /memfd:pipewire-memfd:flags=0x0000000f,type=2,size=32832 (deleted)
7d3549524000-7d3549525000 rw-s 00000000 00:01 20680                      /memfd:pipewire-memfd:flags=0x0000000f,type=2,size=2312 (deleted)
7d3549525000-7d3549526000 rw-s 00000000 00:01 150990                     /memfd:pipewire-memfd:flags=0x0000000f,type=2,size=2312 (deleted)
7d3549526000-7d354952f000 rw-s 00000000 00:01 150989                     /memfd:pipewire-memfd:flags=0x0000000f,type=2,size=32832 (deleted)
7d354952f000-7d3549533000 ---p 00000000 00:00 0 
7d3549533000-7d354962f000 rw-p 00000000 00:00 0 
7d354962f000-7d3549633000 ---p 00000000 00:00 0 
7d3549633000-7d354972f000 rw-p 00000000 00:00 0 
7d354972f000-7d3549733000 ---p 00000000 00:00 0 
7d3549733000-7d354982f000 rw-p 00000000 00:00 0 
7d354982f000-7d3549833000 ---p 00000000 00:00 0 
7d3549833000-7d354992f000 rw-p 00000000 00:00 0 
7d354992f000-7d3549933000 ---p 00000000 00:00 0 
7d3549933000-7d3549a2f000 rw-p 00000000 00:00 0 
7d3549a2f000-7d3549a33000 ---p 00000000 00:00 0 
7d3549a33000-7d3549b2f000 rw-p 00000000 00:00 0 
7d3549b2f000-7d3549b30000 rw-s 00000000 00:01 145379                     /memfd:pipewire-memfd:flags=0x0000000f,type=2,size=2312 (deleted)
7d3549b30000-7d3549b31000 rw-s 00000000 00:01 150987                     /memfd:pipewire-memfd:flags=0x0000000f,type=2,size=4096 (deleted)
7d3549b31000-7d3549b3a000 rw-s 00000000 00:01 150988                     /memfd:pipewire-memfd:flags=0x0000000f,type=2,size=32832 (deleted)
7d3549b3a000-7d3549b3b000 rw-s 00000000 00:01 20680                      /memfd:pipewire-memfd:flags=0x0000000f,type=2,size=2312 (deleted)
7d3549b3b000-7d3549b3c000 rw-s 00000000 00:01 150986                     /memfd:pipewire-memfd:flags=0x0000000f,type=2,size=2312 (deleted)
7d3549b3c000-7d3549b3d000 rw-s 00000000 00:01 156171                     /memfd:pipewire-memfd:flags=0x0000000f,type=2,size=2312 (deleted)
7d3549b3d000-7d3549b3e000 rw-s 00000000 00:01 154521                     /memfd:pipewire-memfd:flags=0x0000000f,type=2,size=4096 (deleted)
7d3549b3e000-7d3549b47000 rw-s 00000000 00:01 154523                     /memfd:pipewire-memfd:flags=0x0000000f,type=2,size=32832 (deleted)
7d3549b47000-7d3549b50000 rw-s 00000000 00:01 154522                     /memfd:pipewire-memfd:flags=0x0000000f,type=2,size=32832 (deleted)
7d3549b50000-7d3549b51000 rw-s 00000000 00:01 20680                      /memfd:pipewire-memfd:flags=0x0000000f,type=2,size=2312 (deleted)
7d3549b51000-7d3549b52000 rw-s 00000000 00:01 154520                     /memfd:pipewire-memfd:flags=0x0000000f,type=2,size=2312 (deleted)
7d3549b52000-7d3549b53000 rw-s 00000000 00:01 153103                     /memfd:pipewire-memfd:flags=0x0000000f,type=2,size=2312 (deleted)
7d3549b53000-7d3549b54000 rw-s 00000000 00:01 158082                     /memfd:pipewire-memfd:flags=0x0000000f,type=2,size=4096 (deleted)
7d3549b54000-7d3549b5d000 rw-s 00000000 00:01 154519                     /memfd:pipewire-memfd:flags=0x0000000f,type=2,size=32832 (deleted)
7d3549b5d000-7d3549b66000 rw-s 00000000 00:01 154518                     /memfd:pipewire-memfd:flags=0x0000000f,type=2,size=32832 (deleted)
7d3549b66000-7d3549b67000 rw-s 00000000 00:01 20680                      /memfd:pipewire-memfd:flags=0x0000000f,type=2,size=2312 (deleted)
7d3549b67000-7d3549b68000 rw-s 00000000 00:01 158081                     /memfd:pipewire-memfd:flags=0x0000000f,type=2,size=2312 (deleted)
7d3549b68000-7d3549b69000 rw-s 00000000 00:01 148004                     /memfd:pipewire-memfd:flags=0x0000000f,type=2,size=2312 (deleted)
7d3549b69000-7d3549b6a000 rw-s 00000000 00:01 156170                     /memfd:pipewire-memfd:flags=0x0000000f,type=2,size=4096 (deleted)
7d3549b6a000-7d3549b73000 rw-s 00000000 00:01 145378                     /memfd:pipewire-memfd:flags=0x0000000f,type=2,size=32832 (deleted)
7d3549b73000-7d3549b7c000 rw-s 00000000 00:01 145377                     /memfd:pipewire-memfd:flags=0x0000000f,type=2,size=32832 (deleted)
7d3549b7c000-7d3549b7d000 rw-s 00000000 00:01 20680                      /memfd:pipewire-memfd:flags=0x0000000f,type=2,size=2312 (deleted)
7d3549b7d000-7d3549b7e000 rw-s 00000000 00:01 158976                     /memfd:pipewire-memfd:flags=0x0000000f,type=2,size=2312 (deleted)
7d3549b7e000-7d3549b7f000 rw-s 00000000 00:01 155440                     /memfd:pipewire-memfd:flags=0x0000000f,type=2,size=2312 (deleted)
7d3549b7f000-7d3549b80000 rw-s 00000000 00:01 156169                     /memfd:pipewire-memfd:flags=0x0000000f,type=2,size=4096 (deleted)
7d3549b80000-7d3549b89000 rw-s 00000000 00:01 158975                     /memfd:pipewire-memfd:flags=0x0000000f,type=2,size=32832 (deleted)
7d3549b89000-7d3549b92000 rw-s 00000000 00:01 158974                     /memfd:pipewire-memfd:flags=0x0000000f,type=2,size=32832 (deleted)
7d3549b92000-7d3549b93000 rw-s 00000000 00:01 20680                      /memfd:pipewire-memfd:flags=0x0000000f,type=2,size=2312 (deleted)
7d3549b93000-7d3549b94000 rw-s 00000000 00:01 156168                     /memfd:pipewire-memfd:flags=0x0000000f,type=2,size=2312 (deleted)
7d3549b94000-7d3549b95000 rw-s 00000000 00:01 145376                     /memfd:pipewire-memfd:flags=0x0000000f,type=2,size=2312 (deleted)
7d3549b95000-7d3549b96000 rw-s 00000000 00:01 155439                     /memfd:pipewire-memfd:flags=0x0000000f,type=2,size=4096 (deleted)
7d3549b96000-7d3549b9f000 rw-s 00000000 00:01 154517                     /memfd:pipewire-memfd:flags=0x0000000f,type=2,size=32832 (deleted)
7d3549b9f000-7d3549ba8000 rw-s 00000000 00:01 154516                     /memfd:pipewire-memfd:flags=0x0000000f,type=2,size=32832 (deleted)
7d3549ba8000-7d3549ba9000 rw-s 00000000 00:01 20680                      /memfd:pipewire-memfd:flags=0x0000000f,type=2,size=2312 (deleted)
7d3549ba9000-7d3549baa000 rw-s 00000000 00:01 157127                     /memfd:pipewire-memfd:flags=0x0000000f,type=2,size=2312 (deleted)
7d3549baa000-7d3549bab000 rw-s 00000000 00:01 148003                     /memfd:pipewire-memfd:flags=0x0000000f,type=2,size=2312 (deleted)
7d3549bab000-7d3549bac000 rw-s 00000000 00:01 156167                     /memfd:pipewire-memfd:flags=0x0000000f,type=2,size=4096 (deleted)
7d3549bac000-7d3549bb5000 rw-s 00000000 00:01 158080                     /memfd:pipewire-memfd:flags=0x0000000f,type=2,size=32832 (deleted)
7d3549bb5000-7d3549bbe000 rw-s 00000000 00:01 158079                     /memfd:pipewire-memfd:flags=0x0000000f,type=2,size=32832 (deleted)
7d3549bbe000-7d3549bbf000 rw-s 00000000 00:01 20680                      /memfd:pipewire-memfd:flags=0x0000000f,type=2,size=2312 (deleted)
7d3549bbf000-7d3549bc0000 rw-s 00000000 00:01 156166                     /memfd:pipewire-memfd:flags=0x0000000f,type=2,size=2312 (deleted)
7d3549bc0000-7d3549bc1000 rw-s 00000000 00:01 145375                     /memfd:pipewire-memfd:flags=0x0000000f,type=2,size=2312 (deleted)
7d3549bc1000-7d3549bc2000 rw-s 00000000 00:01 156165                     /memfd:pipewire-memfd:flags=0x0000000f,type=2,size=4096 (deleted)
7d3549bc2000-7d3549bcb000 rw-s 00000000 00:01 161842                     /memfd:pipewire-memfd:flags=0x0000000f,type=2,size=32832 (deleted)
7d3549bcb000-7d3549bd4000 rw-s 00000000 00:01 161841                     /memfd:pipewire-memfd:flags=0x0000000f,type=2,size=32832 (deleted)
7d3549bd4000-7d3549bd5000 rw-s 00000000 00:01 20680                      /memfd:pipewire-memfd:flags=0x0000000f,type=2,size=2312 (deleted)
7d3549bd5000-7d3549bd6000 rw-s 00000000 00:01 156164                     /memfd:pipewire-memfd:flags=0x0000000f,type=2,size=2312 (deleted)
7d3549bd6000-7d3549bd7000 rw-s 00000000 00:01 153102                     /memfd:pipewire-memfd:flags=0x0000000f,type=2,size=2312 (deleted)
7d3549bd7000-7d3549bd8000 rw-s 00000000 00:01 158973                     /memfd:pipewire-memfd:flags=0x0000000f,type=2,size=4096 (deleted)
7d3549bd8000-7d3549be1000 rw-s 00000000 00:01 148002                     /memfd:pipewire-memfd:flags=0x0000000f,type=2,size=32832 (deleted)
7d3549be1000-7d3549bea000 rw-s 00000000 00:01 148001                     /memfd:pipewire-memfd:flags=0x0000000f,type=2,size=32832 (deleted)
7d3549bea000-7d3549beb000 rw-s 00000000 00:01 20680                      /memfd:pipewire-memfd:flags=0x0000000f,type=2,size=2312 (deleted)
7d3549beb000-7d3549bec000 rw-s 00000000 00:01 158972                     /memfd:pipewire-memfd:flags=0x0000000f,type=2,size=2312 (deleted)
7d3549bec000-7d3549bed000 rw-s 00000000 00:01 149999                     /memfd:pipewire-memfd:flags=0x0000000f,type=2,size=2312 (deleted)
7d3549bed000-7d3549bee000 rw-s 00000000 00:01 150983                     /memfd:pipewire-memfd:flags=0x0000000f,type=2,size=4096 (deleted)
7d3549bee000-7d3549bf7000 rw-s 00000000 00:01 150985                     /memfd:pipewire-memfd:flags=0x0000000f,type=2,size=32832 (deleted)
7d3549bf7000-7d3549c00000 rw-s 00000000 00:01 150984                     /memfd:pipewire-memfd:flags=0x0000000f,type=2,size=32832 (deleted)
7d3549c00000-7d3549c01000 rw-s 00000000 00:01 20680                      /memfd:pipewire-memfd:flags=0x0000000f,type=2,size=2312 (deleted)
7d3549c01000-7d3549c02000 rw-s 00000000 00:01 150982                     /memfd:pipewire-memfd:flags=0x0000000f,type=2,size=2312 (deleted)
7d3549c02000-7d3549c03000 rw-s 00000000 00:01 145374                     /memfd:pipewire-memfd:flags=0x0000000f,type=2,size=2312 (deleted)
7d3549c03000-7d3549c04000 rw-s 00000000 00:01 150979                     /memfd:pipewire-memfd:flags=0x0000000f,type=2,size=4096 (deleted)
7d3549c04000-7d3549c0d000 rw-s 00000000 00:01 150981                     /memfd:pipewire-memfd:flags=0x0000000f,type=2,size=32832 (deleted)
7d3549c0d000-7d3549c16000 rw-s 00000000 00:01 150980                     /memfd:pipewire-memfd:flags=0x0000000f,type=2,size=32832 (deleted)
7d3549c16000-7d3549c17000 rw-s 00000000 00:01 20680                      /memfd:pipewire-memfd:flags=0x0000000f,type=2,size=2312 (deleted)
7d3549c17000-7d3549c18000 rw-s 00000000 00:01 150978                     /memfd:pipewire-memfd:flags=0x0000000f,type=2,size=2312 (deleted)
7d3549c18000-7d3549c19000 rw-s 00000000 00:01 154515                     /memfd:pipewire-memfd:flags=0x0000000f,type=2,size=2312 (deleted)
7d3549c19000-7d3549c1a000 rw-s 00000000 00:01 156163                     /memfd:pipewire-memfd:flags=0x0000000f,type=2,size=4096 (deleted)
7d3549c1a000-7d3549c23000 rw-s 00000000 00:01 157126                     /memfd:pipewire-memfd:flags=0x0000000f,type=2,size=32832 (deleted)
7d3549c23000-7d3549c2c000 rw-s 00000000 00:01 157125                     /memfd:pipewire-memfd:flags=0x0000000f,type=2,size=32832 (deleted)
7d3549c2c000-7d3549c2d000 rw-s 00000000 00:01 20680                      /memfd:pipewire-memfd:flags=0x0000000f,type=2,size=2312 (deleted)
7d3549c2d000-7d3549c2e000 rw-s 00000000 00:01 156162                     /memfd:pipewire-memfd:flags=0x0000000f,type=2,size=2312 (deleted)
7d3549c2e000-7d3549c2f000 rw-s 00000000 00:01 159961                     /memfd:pipewire-memfd:flags=0x0000000f,type=2,size=2312 (deleted)
7d3549c2f000-7d3549c33000 ---p 00000000 00:00 0 
7d3549c33000-7d3549d2f000 rw-p 00000000 00:00 0 
7d3549d2f000-7d3549d34000 r--p 00000000 08:02 18234291                   /usr/lib/jvm/java-21-openjdk-amd64/lib/libjsvml.so
7d3549d34000-7d3549d75000 r-xp 00005000 08:02 18234291                   /usr/lib/jvm/java-21-openjdk-amd64/lib/libjsvml.so
7d3549d75000-7d3549dfe000 r--p 00046000 08:02 18234291                   /usr/lib/jvm/java-21-openjdk-amd64/lib/libjsvml.so
7d3549dfe000-7d3549dff000 r--p 000ce000 08:02 18234291                   /usr/lib/jvm/java-21-openjdk-amd64/lib/libjsvml.so
7d3549dff000-7d3549e00000 rw-p 000cf000 08:02 18234291                   /usr/lib/jvm/java-21-openjdk-amd64/lib/libjsvml.so
7d3549e00000-7d3549e04000 ---p 00000000 00:00 0 
7d3549e04000-7d3549f00000 rw-p 00000000 00:00 0 
7d3549f00000-7d3549f04000 ---p 00000000 00:00 0 
7d3549f04000-7d354a000000 rw-p 00000000 00:00 0 
7d354a000000-7d354c06d000 rw-p 00000000 00:00 0 
7d354c06d000-7d3550000000 ---p 00000000 00:00 0 
7d3550000000-7d35500d9000 rw-p 00000000 00:00 0 
7d35500d9000-7d3554000000 ---p 00000000 00:00 0 
7d3554000000-7d3554021000 rw-p 00000000 00:00 0 
7d3554021000-7d3558004000 ---p 00000000 00:00 0 
7d3558004000-7d3558100000 rw-p 00000000 00:00 0 
7d3558100000-7d3558104000 ---p 00000000 00:00 0 
7d3558104000-7d3558200000 rw-p 00000000 00:00 0 
7d3558200000-7d3558204000 ---p 00000000 00:00 0 
7d3558204000-7d3558300000 rw-p 00000000 00:00 0 
7d3558300000-7d3558304000 ---p 00000000 00:00 0 
7d3558304000-7d3558400000 rw-p 00000000 00:00 0 
7d3558400000-7d3558976000 r--p 00000000 08:02 17565860                   /usr/lib/locale/locale-archive
7d3558976000-7d3558978000 r--p 00000000 08:02 17566922                   /usr/lib/x86_64-linux-gnu/libxcb-dri3.so.0.1.0
7d3558978000-7d355897a000 r-xp 00002000 08:02 17566922                   /usr/lib/x86_64-linux-gnu/libxcb-dri3.so.0.1.0
7d355897a000-7d355897b000 r--p 00004000 08:02 17566922                   /usr/lib/x86_64-linux-gnu/libxcb-dri3.so.0.1.0
7d355897b000-7d355897c000 r--p 00004000 08:02 17566922                   /usr/lib/x86_64-linux-gnu/libxcb-dri3.so.0.1.0
7d355897c000-7d355897d000 rw-p 00005000 08:02 17566922                   /usr/lib/x86_64-linux-gnu/libxcb-dri3.so.0.1.0
7d355897d000-7d3558980000 r--p 00000000 08:02 17587115                   /usr/lib/x86_64-linux-gnu/libGLX.so.0.0.0
7d3558980000-7d355899b000 r-xp 00003000 08:02 17587115                   /usr/lib/x86_64-linux-gnu/libGLX.so.0.0.0
7d355899b000-7d355899e000 r--p 0001e000 08:02 17587115                   /usr/lib/x86_64-linux-gnu/libGLX.so.0.0.0
7d355899e000-7d355899f000 r--p 00020000 08:02 17587115                   /usr/lib/x86_64-linux-gnu/libGLX.so.0.0.0
7d355899f000-7d35589a0000 rw-p 00021000 08:02 17587115                   /usr/lib/x86_64-linux-gnu/libGLX.so.0.0.0
7d35589a0000-7d35589b0000 rw-p 00000000 00:00 0 
7d35589b0000-7d35589b4000 ---p 00000000 00:00 0 
7d35589b4000-7d3558ab0000 rw-p 00000000 00:00 0 
7d3558ab0000-7d3558ab1000 ---p 00000000 00:00 0 
7d3558ab1000-7d3558bb1000 rw-p 00000000 00:00 0 
7d3558bb1000-7d3558bb2000 ---p 00000000 00:00 0 
7d3558bb2000-7d3558cb2000 rw-p 00000000 00:00 0 
7d3558cb2000-7d3558d8e000 rw-p 00000000 00:00 0 
7d3558d8e000-7d3558d8f000 ---p 00000000 00:00 0 
7d3558d8f000-7d3558e8f000 rw-p 00000000 00:00 0 
7d3558e8f000-7d3558e90000 ---p 00000000 00:00 0 
7d3558e90000-7d3558f90000 rw-p 00000000 00:00 0 
7d3558f90000-7d3559c9d000 rw-p 00000000 00:00 0 
7d3559c9d000-7d3559c9e000 ---p 00000000 00:00 0 
7d3559c9e000-7d3559d9e000 rw-p 00000000 00:00 0 
7d3559d9e000-7d3559d9f000 ---p 00000000 00:00 0 
7d3559d9f000-7d3559e9f000 rw-p 00000000 00:00 0 
7d3559e9f000-7d3559ea0000 ---p 00000000 00:00 0 
7d3559ea0000-7d3559fa0000 rw-p 00000000 00:00 0 
7d3559fa0000-7d355aa00000 rw-p 00000000 00:00 0 
7d355aa00000-7d3561c50000 ---p 00000000 00:00 0 
7d3561c50000-7d3561dfc000 rw-p 00000000 00:00 0 
7d3561dfc000-7d3562c46000 ---p 00000000 00:00 0 
7d3562c46000-7d3562d9e000 rw-p 00000000 00:00 0 
7d3562d9e000-7d3563be8000 ---p 00000000 00:00 0 
7d3563be8000-7d3564800000 rw-p 00000000 00:00 0 
7d3564800000-7d3565430000 rwxp 00000000 00:00 0 
7d3565430000-7d356bc5f000 ---p 00000000 00:00 0 
7d356bc5f000-7d356c06f000 rwxp 00000000 00:00 0 
7d356c06f000-7d356c3a0000 ---p 00000000 00:00 0 
7d356c3a0000-7d356c750000 rwxp 00000000 00:00 0 
7d356c750000-7d3573800000 ---p 00000000 00:00 0 
7d3573800000-7d357be34000 r--s 00000000 08:02 18236537                   /usr/lib/jvm/java-21-openjdk-amd64/lib/modules
7d357be34000-7d357be35000 rw-s 123a29000 00:05 1142                      /dev/dri/renderD128
7d357be35000-7d357be36000 rw-s 123a28000 00:05 1142                      /dev/dri/renderD128
7d357be36000-7d357be37000 r--s 00000000 00:2e 353                        /run/user/1000/dconf/user
7d357be37000-7d357be39000 r--p 00000000 08:02 17567385                   /usr/lib/x86_64-linux-gnu/libXdmcp.so.6.0.0
7d357be39000-7d357be3b000 r-xp 00002000 08:02 17567385                   /usr/lib/x86_64-linux-gnu/libXdmcp.so.6.0.0
7d357be3b000-7d357be3d000 r--p 00004000 08:02 17567385                   /usr/lib/x86_64-linux-gnu/libXdmcp.so.6.0.0
7d357be3d000-7d357be3e000 r--p 00005000 08:02 17567385                   /usr/lib/x86_64-linux-gnu/libXdmcp.so.6.0.0
7d357be3e000-7d357be3f000 rw-p 00006000 08:02 17567385                   /usr/lib/x86_64-linux-gnu/libXdmcp.so.6.0.0
7d357be3f000-7d357c96b000 rw-p 00000000 00:00 0 
7d357c96b000-7d3580000000 ---p 00000000 00:00 0 
7d3580000000-7d3580001000 r--p 00000000 08:02 17566928                   /usr/lib/x86_64-linux-gnu/libxshmfence.so.1.0.0
7d3580001000-7d3580002000 r-xp 00001000 08:02 17566928                   /usr/lib/x86_64-linux-gnu/libxshmfence.so.1.0.0
7d3580002000-7d3580003000 r--p 00002000 08:02 17566928                   /usr/lib/x86_64-linux-gnu/libxshmfence.so.1.0.0
7d3580003000-7d3580004000 r--p 00002000 08:02 17566928                   /usr/lib/x86_64-linux-gnu/libxshmfence.so.1.0.0
7d3580004000-7d3580005000 rw-p 00003000 08:02 17566928                   /usr/lib/x86_64-linux-gnu/libxshmfence.so.1.0.0
7d3580005000-7d3580010000 r--p 00000000 08:02 17567391                   /usr/lib/x86_64-linux-gnu/libxcb.so.1.1.0
7d3580010000-7d3580023000 r-xp 0000b000 08:02 17567391                   /usr/lib/x86_64-linux-gnu/libxcb.so.1.1.0
7d3580023000-7d358002c000 r--p 0001e000 08:02 17567391                   /usr/lib/x86_64-linux-gnu/libxcb.so.1.1.0
7d358002c000-7d358002d000 r--p 00026000 08:02 17567391                   /usr/lib/x86_64-linux-gnu/libxcb.so.1.1.0
7d358002d000-7d358002e000 rw-p 00027000 08:02 17567391                   /usr/lib/x86_64-linux-gnu/libxcb.so.1.1.0
7d358002e000-7d3580036000 rw-p 00000000 00:00 0 
7d3580036000-7d3580117000 ---p 00000000 00:00 0 
7d3580117000-7d3580130000 rw-p 00000000 00:00 0 
7d3580130000-7d3580200000 ---p 00000000 00:00 0 
7d3580200000-7d358029d000 r--p 00000000 08:02 17567481                   /usr/lib/x86_64-linux-gnu/libstdc++.so.6.0.33
7d358029d000-7d35803e5000 r-xp 0009d000 08:02 17567481                   /usr/lib/x86_64-linux-gnu/libstdc++.so.6.0.33
7d35803e5000-7d358046c000 r--p 001e5000 08:02 17567481                   /usr/lib/x86_64-linux-gnu/libstdc++.so.6.0.33
7d358046c000-7d3580477000 r--p 0026b000 08:02 17567481                   /usr/lib/x86_64-linux-gnu/libstdc++.so.6.0.33
7d3580477000-7d358047a000 rw-p 00276000 08:02 17567481                   /usr/lib/x86_64-linux-gnu/libstdc++.so.6.0.33
7d358047a000-7d358047e000 rw-p 00000000 00:00 0 
7d358047e000-7d358047f000 r--p 00000000 08:02 18090745                   /usr/share/locale-langpack/en/LC_MESSAGES/gtk30.mo
7d358047f000-7d3580480000 r--p 00000000 08:02 17567413                   /usr/lib/x86_64-linux-gnu/libXau.so.6.0.0
7d3580480000-7d3580482000 r-xp 00001000 08:02 17567413                   /usr/lib/x86_64-linux-gnu/libXau.so.6.0.0
7d3580482000-7d3580483000 r--p 00003000 08:02 17567413                   /usr/lib/x86_64-linux-gnu/libXau.so.6.0.0
7d3580483000-7d3580484000 r--p 00003000 08:02 17567413                   /usr/lib/x86_64-linux-gnu/libXau.so.6.0.0
7d3580484000-7d3580485000 rw-p 00004000 08:02 17567413                   /usr/lib/x86_64-linux-gnu/libXau.so.6.0.0
7d3580485000-7d3580489000 r--p 00000000 08:02 17567396                   /usr/lib/x86_64-linux-gnu/libXext.so.6.4.0
7d3580489000-7d3580494000 r-xp 00004000 08:02 17567396                   /usr/lib/x86_64-linux-gnu/libXext.so.6.4.0
7d3580494000-7d3580497000 r--p 0000f000 08:02 17567396                   /usr/lib/x86_64-linux-gnu/libXext.so.6.4.0
7d3580497000-7d3580498000 r--p 00011000 08:02 17567396                   /usr/lib/x86_64-linux-gnu/libXext.so.6.4.0
7d3580498000-7d3580499000 rw-p 00012000 08:02 17567396                   /usr/lib/x86_64-linux-gnu/libXext.so.6.4.0
7d3580499000-7d358049a000 r--p 00000000 08:02 17579665                   /usr/lib/x86_64-linux-gnu/libwayland-egl.so.1.22.0
7d358049a000-7d358049b000 r-xp 00001000 08:02 17579665                   /usr/lib/x86_64-linux-gnu/libwayland-egl.so.1.22.0
7d358049b000-7d358049c000 r--p 00002000 08:02 17579665                   /usr/lib/x86_64-linux-gnu/libwayland-egl.so.1.22.0
7d358049c000-7d358049d000 r--p 00002000 08:02 17579665                   /usr/lib/x86_64-linux-gnu/libwayland-egl.so.1.22.0
7d358049d000-7d358049e000 rw-p 00003000 08:02 17579665                   /usr/lib/x86_64-linux-gnu/libwayland-egl.so.1.22.0
7d358049e000-7d358049f000 r--p 00000000 08:02 17578461                   /usr/lib/x86_64-linux-gnu/libdl.so.2
7d358049f000-7d35804a0000 r-xp 00001000 08:02 17578461                   /usr/lib/x86_64-linux-gnu/libdl.so.2
7d35804a0000-7d35804a1000 r--p 00002000 08:02 17578461                   /usr/lib/x86_64-linux-gnu/libdl.so.2
7d35804a1000-7d35804a2000 r--p 00002000 08:02 17578461                   /usr/lib/x86_64-linux-gnu/libdl.so.2
7d35804a2000-7d35804a3000 rw-p 00003000 08:02 17578461                   /usr/lib/x86_64-linux-gnu/libdl.so.2
7d35804a3000-7d35804a4000 r-xp 00000000 08:02 26743341                   /home/linux/.openjfx/cache/21.0.6+3/amd64/libglass.so
7d35804a4000-7d35804a5000 ---p 00001000 08:02 26743341                   /home/linux/.openjfx/cache/21.0.6+3/amd64/libglass.so
7d35804a5000-7d35804a6000 r--p 00001000 08:02 26743341                   /home/linux/.openjfx/cache/21.0.6+3/amd64/libglass.so
7d35804a6000-7d35804a7000 rw-p 00002000 08:02 26743341                   /home/linux/.openjfx/cache/21.0.6+3/amd64/libglass.so
7d35804a7000-7d35804a8000 rw-s 112df7000 00:05 1142                      /dev/dri/renderD128
7d35804a8000-7d35804a9000 rw-s 112df6000 00:05 1142                      /dev/dri/renderD128
7d35804a9000-7d35804aa000 rw-s 105126000 00:05 1142                      /dev/dri/renderD128
7d35804aa000-7d35804b1000 r--s 00000000 08:02 17578448                   /usr/lib/x86_64-linux-gnu/gconv/gconv-modules.cache
7d35804b1000-7d35804bd000 r-xp 00000000 08:02 26743335                   /home/linux/.openjfx/cache/21.0.6+3/amd64/libprism_es2.so
7d35804bd000-7d35804be000 r--p 0000b000 08:02 26743335                   /home/linux/.openjfx/cache/21.0.6+3/amd64/libprism_es2.so
7d35804be000-7d35804bf000 rw-p 0000c000 08:02 26743335                   /home/linux/.openjfx/cache/21.0.6+3/amd64/libprism_es2.so
7d35804bf000-7d3580500000 rw-p 00000000 00:00 0 
7d3580500000-7d3580504000 ---p 00000000 00:00 0 
7d3580504000-7d3580600000 rw-p 00000000 00:00 0 
7d3580600000-7d35808a2000 r--p 00000000 08:02 18236541                   /usr/lib/jvm/java-21-openjdk-amd64/lib/server/libjvm.so
7d35808a2000-7d3581718000 r-xp 002a2000 08:02 18236541                   /usr/lib/jvm/java-21-openjdk-amd64/lib/server/libjvm.so
7d3581718000-7d35819f2000 r--p 01118000 08:02 18236541                   /usr/lib/jvm/java-21-openjdk-amd64/lib/server/libjvm.so
7d35819f2000-7d3581ac6000 r--p 013f2000 08:02 18236541                   /usr/lib/jvm/java-21-openjdk-amd64/lib/server/libjvm.so
7d3581ac6000-7d3581af6000 rw-p 014c6000 08:02 18236541                   /usr/lib/jvm/java-21-openjdk-amd64/lib/server/libjvm.so
7d3581af6000-7d3581b5c000 rw-p 00000000 00:00 0 
7d3581b5c000-7d3581b5d000 r--p 00000000 08:02 17563665                   /usr/lib/x86_64-linux-gnu/libxcb-present.so.0.0.0
7d3581b5d000-7d3581b5e000 r-xp 00001000 08:02 17563665                   /usr/lib/x86_64-linux-gnu/libxcb-present.so.0.0.0
7d3581b5e000-7d3581b5f000 r--p 00002000 08:02 17563665                   /usr/lib/x86_64-linux-gnu/libxcb-present.so.0.0.0
7d3581b5f000-7d3581b60000 r--p 00002000 08:02 17563665                   /usr/lib/x86_64-linux-gnu/libxcb-present.so.0.0.0
7d3581b60000-7d3581b61000 rw-p 00003000 08:02 17563665                   /usr/lib/x86_64-linux-gnu/libxcb-present.so.0.0.0
7d3581b61000-7d3581b62000 r--p 00000000 08:02 17566939                   /usr/lib/x86_64-linux-gnu/libXxf86vm.so.1.0.0
7d3581b62000-7d3581b65000 r-xp 00001000 08:02 17566939                   /usr/lib/x86_64-linux-gnu/libXxf86vm.so.1.0.0
7d3581b65000-7d3581b66000 r--p 00004000 08:02 17566939                   /usr/lib/x86_64-linux-gnu/libXxf86vm.so.1.0.0
7d3581b66000-7d3581b67000 r--p 00004000 08:02 17566939                   /usr/lib/x86_64-linux-gnu/libXxf86vm.so.1.0.0
7d3581b67000-7d3581b68000 rw-p 00005000 08:02 17566939                   /usr/lib/x86_64-linux-gnu/libXxf86vm.so.1.0.0
7d3581b68000-7d3581b6a000 r--p 00000000 08:02 18236536                   /usr/lib/jvm/java-21-openjdk-amd64/lib/libzip.so
7d3581b6a000-7d3581b6f000 r-xp 00002000 08:02 18236536                   /usr/lib/jvm/java-21-openjdk-amd64/lib/libzip.so
7d3581b6f000-7d3581b71000 r--p 00007000 08:02 18236536                   /usr/lib/jvm/java-21-openjdk-amd64/lib/libzip.so
7d3581b71000-7d3581b72000 r--p 00008000 08:02 18236536                   /usr/lib/jvm/java-21-openjdk-amd64/lib/libzip.so
7d3581b72000-7d3581b73000 rw-p 00009000 08:02 18236536                   /usr/lib/jvm/java-21-openjdk-amd64/lib/libzip.so
7d3581b73000-7d3581b76000 r--p 00000000 08:02 18234312                   /usr/lib/jvm/java-21-openjdk-amd64/lib/libnet.so
7d3581b76000-7d3581b7e000 r-xp 00003000 08:02 18234312                   /usr/lib/jvm/java-21-openjdk-amd64/lib/libnet.so
7d3581b7e000-7d3581b80000 r--p 0000b000 08:02 18234312                   /usr/lib/jvm/java-21-openjdk-amd64/lib/libnet.so
7d3581b80000-7d3581b81000 r--p 0000c000 08:02 18234312                   /usr/lib/jvm/java-21-openjdk-amd64/lib/libnet.so
7d3581b81000-7d3581b82000 rw-p 0000d000 08:02 18234312                   /usr/lib/jvm/java-21-openjdk-amd64/lib/libnet.so
7d3581b82000-7d3581c00000 rw-p 00000000 00:00 0 
7d3581c00000-7d3581c28000 r--p 00000000 08:02 17578459                   /usr/lib/x86_64-linux-gnu/libc.so.6
7d3581c28000-7d3581db0000 r-xp 00028000 08:02 17578459                   /usr/lib/x86_64-linux-gnu/libc.so.6
7d3581db0000-7d3581dff000 r--p 001b0000 08:02 17578459                   /usr/lib/x86_64-linux-gnu/libc.so.6
7d3581dff000-7d3581e03000 r--p 001fe000 08:02 17578459                   /usr/lib/x86_64-linux-gnu/libc.so.6
7d3581e03000-7d3581e05000 rw-p 00202000 08:02 17578459                   /usr/lib/x86_64-linux-gnu/libc.so.6
7d3581e05000-7d3581e12000 rw-p 00000000 00:00 0 
7d3581e12000-7d3581e13000 r--p 00000000 08:02 17576312                   /usr/lib/x86_64-linux-gnu/libxcb-shm.so.0.0.0
7d3581e13000-7d3581e14000 r-xp 00001000 08:02 17576312                   /usr/lib/x86_64-linux-gnu/libxcb-shm.so.0.0.0
7d3581e14000-7d3581e15000 r--p 00002000 08:02 17576312                   /usr/lib/x86_64-linux-gnu/libxcb-shm.so.0.0.0
7d3581e15000-7d3581e16000 r--p 00002000 08:02 17576312                   /usr/lib/x86_64-linux-gnu/libxcb-shm.so.0.0.0
7d3581e16000-7d3581e17000 rw-p 00003000 08:02 17576312                   /usr/lib/x86_64-linux-gnu/libxcb-shm.so.0.0.0
7d3581e17000-7d3581e1e000 r--p 00000000 08:02 18234316                   /usr/lib/jvm/java-21-openjdk-amd64/lib/libnio.so
7d3581e1e000-7d3581e27000 r-xp 00007000 08:02 18234316                   /usr/lib/jvm/java-21-openjdk-amd64/lib/libnio.so
7d3581e27000-7d3581e2b000 r--p 00010000 08:02 18234316                   /usr/lib/jvm/java-21-openjdk-amd64/lib/libnio.so
7d3581e2b000-7d3581e2c000 r--p 00014000 08:02 18234316                   /usr/lib/jvm/java-21-openjdk-amd64/lib/libnio.so
7d3581e2c000-7d3581e2d000 rw-p 00015000 08:02 18234316                   /usr/lib/jvm/java-21-openjdk-amd64/lib/libnio.so
7d3581e2d000-7d3581e36000 rw-p 00000000 00:00 0 
7d3581e36000-7d3581e3c000 ---p 00000000 00:00 0 
7d3581e3c000-7d3581e49000 r--p 00000000 08:02 18234276                   /usr/lib/jvm/java-21-openjdk-amd64/lib/libjava.so
7d3581e49000-7d3581e58000 r-xp 0000d000 08:02 18234276                   /usr/lib/jvm/java-21-openjdk-amd64/lib/libjava.so
7d3581e58000-7d3581e5d000 r--p 0001c000 08:02 18234276                   /usr/lib/jvm/java-21-openjdk-amd64/lib/libjava.so
7d3581e5d000-7d3581e5e000 r--p 00021000 08:02 18234276                   /usr/lib/jvm/java-21-openjdk-amd64/lib/libjava.so
7d3581e5e000-7d3581e5f000 rw-p 00022000 08:02 18234276                   /usr/lib/jvm/java-21-openjdk-amd64/lib/libjava.so
7d3581e5f000-7d3581e60000 rw-p 00000000 00:00 0 
7d3581e60000-7d3581e64000 r--p 00000000 08:02 17567407                   /usr/lib/x86_64-linux-gnu/libgcc_s.so.1
7d3581e64000-7d3581e88000 r-xp 00004000 08:02 17567407                   /usr/lib/x86_64-linux-gnu/libgcc_s.so.1
7d3581e88000-7d3581e8c000 r--p 00028000 08:02 17567407                   /usr/lib/x86_64-linux-gnu/libgcc_s.so.1
7d3581e8c000-7d3581e8d000 r--p 0002b000 08:02 17567407                   /usr/lib/x86_64-linux-gnu/libgcc_s.so.1
7d3581e8d000-7d3581e8e000 rw-p 0002c000 08:02 17567407                   /usr/lib/x86_64-linux-gnu/libgcc_s.so.1
7d3581e8e000-7d3581e9e000 r--p 00000000 08:02 17578462                   /usr/lib/x86_64-linux-gnu/libm.so.6
7d3581e9e000-7d3581f1d000 r-xp 00010000 08:02 17578462                   /usr/lib/x86_64-linux-gnu/libm.so.6
7d3581f1d000-7d3581f75000 r--p 0008f000 08:02 17578462                   /usr/lib/x86_64-linux-gnu/libm.so.6
7d3581f75000-7d3581f76000 r--p 000e7000 08:02 17578462                   /usr/lib/x86_64-linux-gnu/libm.so.6
7d3581f76000-7d3581f77000 rw-p 000e8000 08:02 17578462                   /usr/lib/x86_64-linux-gnu/libm.so.6
7d3581f77000-7d3581f79000 rw-p 00000000 00:00 0 
7d3581f79000-7d3581f7b000 r--p 00000000 08:02 18234285                   /usr/lib/jvm/java-21-openjdk-amd64/lib/libjli.so
7d3581f7b000-7d3581f85000 r-xp 00002000 08:02 18234285                   /usr/lib/jvm/java-21-openjdk-amd64/lib/libjli.so
7d3581f85000-7d3581f88000 r--p 0000c000 08:02 18234285                   /usr/lib/jvm/java-21-openjdk-amd64/lib/libjli.so
7d3581f88000-7d3581f89000 r--p 0000f000 08:02 18234285                   /usr/lib/jvm/java-21-openjdk-amd64/lib/libjli.so
7d3581f89000-7d3581f8a000 rw-p 00010000 08:02 18234285                   /usr/lib/jvm/java-21-openjdk-amd64/lib/libjli.so
7d3581f8a000-7d3581f8c000 r--p 00000000 08:02 17567404                   /usr/lib/x86_64-linux-gnu/libz.so.1.3
7d3581f8c000-7d3581f9e000 r-xp 00002000 08:02 17567404                   /usr/lib/x86_64-linux-gnu/libz.so.1.3
7d3581f9e000-7d3581fa4000 r--p 00014000 08:02 17567404                   /usr/lib/x86_64-linux-gnu/libz.so.1.3
7d3581fa4000-7d3581fa5000 r--p 0001a000 08:02 17567404                   /usr/lib/x86_64-linux-gnu/libz.so.1.3
7d3581fa5000-7d3581fa6000 rw-p 0001b000 08:02 17567404                   /usr/lib/x86_64-linux-gnu/libz.so.1.3
7d3581fa6000-7d3581fa7000 r--p 00000000 08:02 17569119                   /usr/lib/x86_64-linux-gnu/libX11-xcb.so.1.0.0
7d3581fa7000-7d3581fa8000 r-xp 00001000 08:02 17569119                   /usr/lib/x86_64-linux-gnu/libX11-xcb.so.1.0.0
7d3581fa8000-7d3581fa9000 r--p 00002000 08:02 17569119                   /usr/lib/x86_64-linux-gnu/libX11-xcb.so.1.0.0
7d3581fa9000-7d3581faa000 r--p 00002000 08:02 17569119                   /usr/lib/x86_64-linux-gnu/libX11-xcb.so.1.0.0
7d3581faa000-7d3581fab000 rw-p 00003000 08:02 17569119                   /usr/lib/x86_64-linux-gnu/libX11-xcb.so.1.0.0
7d3581fab000-7d3581fb3000 rw-s 00000000 08:02 21758969                   /tmp/hsperfdata_linux/171310
7d3581fb3000-7d3581fb4000 ---p 00000000 00:00 0 
7d3581fb4000-7d3581fb5000 r--p 00000000 00:00 0 
7d3581fb5000-7d3581fb6000 ---p 00000000 00:00 0 
7d3581fb6000-7d3581fb8000 r--p 00000000 08:02 18234283                   /usr/lib/jvm/java-21-openjdk-amd64/lib/libjimage.so
7d3581fb8000-7d3581fbb000 r-xp 00002000 08:02 18234283                   /usr/lib/jvm/java-21-openjdk-amd64/lib/libjimage.so
7d3581fbb000-7d3581fbc000 r--p 00005000 08:02 18234283                   /usr/lib/jvm/java-21-openjdk-amd64/lib/libjimage.so
7d3581fbc000-7d3581fbd000 r--p 00006000 08:02 18234283                   /usr/lib/jvm/java-21-openjdk-amd64/lib/libjimage.so
7d3581fbd000-7d3581fbe000 rw-p 00007000 08:02 18234283                   /usr/lib/jvm/java-21-openjdk-amd64/lib/libjimage.so
7d3581fbe000-7d3581fc0000 rw-p 00000000 00:00 0 
7d3581fc0000-7d3581fc1000 r--p 00000000 08:02 17578456                   /usr/lib/x86_64-linux-gnu/ld-linux-x86-64.so.2
7d3581fc1000-7d3581fec000 r-xp 00001000 08:02 17578456                   /usr/lib/x86_64-linux-gnu/ld-linux-x86-64.so.2
7d3581fec000-7d3581ff6000 r--p 0002c000 08:02 17578456                   /usr/lib/x86_64-linux-gnu/ld-linux-x86-64.so.2
7d3581ff6000-7d3581ff8000 r--p 00036000 08:02 17578456                   /usr/lib/x86_64-linux-gnu/ld-linux-x86-64.so.2
7d3581ff8000-7d3581ffa000 rw-p 00038000 08:02 17578456                   /usr/lib/x86_64-linux-gnu/ld-linux-x86-64.so.2
7fff78f19000-7fff78f3d000 rw-p 00000000 00:00 0                          [stack]
7fff78f5d000-7fff78f61000 r--p 00000000 00:00 0                          [vvar]
7fff78f61000-7fff78f63000 r-xp 00000000 00:00 0                          [vdso]
ffffffffff600000-ffffffffff601000 --xp 00000000 00:00 0                  [vsyscall]
Total number of mappings: 2983

JVMTI agents: none


VM Arguments:
jvm_args: --module-path=/home/linux/Documents/Projets/VoiceChat-Desktop/client/build/libs/client.jar:/home/linux/.gradle/caches/modules-2/files-2.1/shared-lib/voicechat-common/1.0.69/de37d2b850701251ca9f53ea06132262e926c9fd/voicechat-common-1.0.69.jar:/home/linux/.gradle/caches/modules-2/files-2.1/de.maxhenkel.opus4j/opus4j/2.1.0/71b4a98d2f53f03bc06272a4101d643bcdaaec70/opus4j-2.1.0.jar:/home/linux/.gradle/caches/modules-2/files-2.1/org.neo4j/neo4j-ogm-core/4.0.19/1e2d21e8ba46104c40bfc16f1a3cbf420c54b37d/neo4j-ogm-core-4.0.19.jar:/home/linux/.gradle/caches/modules-2/files-2.1/org.neo4j/neo4j-ogm-bolt-driver/4.0.19/d05dbe5db979e498f15a863af3429618d7346b04/neo4j-ogm-bolt-driver-4.0.19.jar:/home/linux/.gradle/caches/modules-2/files-2.1/org.neo4j/neo4j-ogm-api/4.0.19/f588d6bbe583e57d21e6860940c09b631063cc24/neo4j-ogm-api-4.0.19.jar:/home/linux/.gradle/caches/modules-2/files-2.1/com.fasterxml.jackson.datatype/jackson-datatype-jdk8/2.19.1/eabbc99d0e146b1a7085fddd02568faf1d3b4ab1/jackson-datatype-jdk8-2.19.1.jar:/home/linux/.gradle/caches/modules-2/files-2.1/com.fasterxml.jackson.core/jackson-databind/2.19.1/e8cb8e76faea3e0791165f5d3614fc45933b2ee0/jackson-databind-2.19.1.jar:/home/linux/.gradle/caches/modules-2/files-2.1/com.fasterxml.jackson.core/jackson-annotations/2.19.1/37e4f0c5dba684e00137defdb04ad9df95920c44/jackson-annotations-2.19.1.jar:/home/linux/.gradle/caches/modules-2/files-2.1/com.fasterxml.jackson.core/jackson-core/2.19.1/6e5a8cb8a6cada322497cefb7726657d98aaee15/jackson-core-2.19.1.jar:/home/linux/.gradle/caches/modules-2/files-2.1/com.fasterxml.jackson.datatype/jackson-datatype-jsr310/2.19.1/e9df57105f3b0730040ad7f3a1b603684a3329f4/jackson-datatype-jsr310-2.19.1.jar:/home/linux/.gradle/caches/modules-2/files-2.1/io.github.resilience4j/resilience4j-all/1.7.0/9300a162db7a081e9db23e151015f1dbb0828514/resilience4j-all-1.7.0.jar:/home/linux/.gradle/caches/modules-2/files-2.1/org.apache.commons/commons-collections4/4.4/62ebe7544cb7164d87e0637a2a6a2bdc981395e8/commons-col--patch-module=com.voicechat.client=/home/linux/Documents/Projets/VoiceChat-Desktop/client/build/resources/main -Dfile.encoding=UTF-8 -Duser.country=US -Duser.language=en -Duser.variant -Djdk.module.main=com.voicechat.client 
java_command: com.voicechat.client/com.voicechat.client.VoiceChatApplication
java_class_path (initial): <not set>
Launcher Type: SUN_STANDARD

[Global flags]
     intx CICompilerCount                          = 12                                        {product} {ergonomic}
     uint ConcGCThreads                            = 3                                         {product} {ergonomic}
     uint G1ConcRefinementThreads                  = 13                                        {product} {ergonomic}
   size_t G1HeapRegionSize                         = 4194304                                   {product} {ergonomic}
    uintx GCDrainStackTargetSize                   = 64                                        {product} {ergonomic}
   size_t InitialHeapSize                          = 528482304                                 {product} {ergonomic}
   size_t MarkStackSize                            = 4194304                                   {product} {ergonomic}
   size_t MaxHeapSize                              = 8392802304                                {product} {ergonomic}
   size_t MaxNewSize                               = 5033164800                                {product} {ergonomic}
   size_t MinHeapDeltaBytes                        = 4194304                                   {product} {ergonomic}
   size_t MinHeapSize                              = 8388608                                   {product} {ergonomic}
    uintx NonNMethodCodeHeapSize                   = 7602480                                {pd product} {ergonomic}
    uintx NonProfiledCodeHeapSize                  = 122027880                              {pd product} {ergonomic}
    uintx ProfiledCodeHeapSize                     = 122027880                              {pd product} {ergonomic}
    uintx ReservedCodeCacheSize                    = 251658240                              {pd product} {ergonomic}
     bool SegmentedCodeCache                       = true                                      {product} {ergonomic}
   size_t SoftMaxHeapSize                          = 8392802304                             {manageable} {ergonomic}
     bool UseCompressedOops                        = true                           {product lp64_product} {ergonomic}
     bool UseG1GC                                  = true                                      {product} {ergonomic}

Logging:
Log output configuration:
 #0: stdout all=warning uptime,level,tags foldmultilines=false
 #1: stderr all=off uptime,level,tags foldmultilines=false

Release file:
IMPLEMENTOR="Ubuntu"
JAVA_RUNTIME_VERSION="21.0.9+10-Ubuntu-124.04"
JAVA_VERSION="21.0.9"
JAVA_VERSION_DATE="2025-10-21"
LIBC="gnu"
MODULES="java.base java.compiler java.datatransfer java.xml java.prefs java.desktop java.instrument java.logging java.management java.security.sasl java.naming java.rmi java.management.rmi java.net.http java.scripting java.security.jgss java.transaction.xa java.sql java.sql.rowset java.xml.crypto java.se java.smartcardio jdk.accessibility jdk.internal.jvmstat jdk.attach jdk.charsets jdk.internal.opt jdk.zipfs jdk.compiler jdk.crypto.ec jdk.crypto.cryptoki jdk.dynalink jdk.internal.ed jdk.editpad jdk.hotspot.agent jdk.httpserver jdk.incubator.vector jdk.internal.le jdk.internal.vm.ci jdk.internal.vm.compiler jdk.internal.vm.compiler.management jdk.jartool jdk.javadoc jdk.jcmd jdk.management jdk.management.agent jdk.jconsole jdk.jdeps jdk.jdwp.agent jdk.jdi jdk.jfr jdk.jlink jdk.jpackage jdk.jshell jdk.jsobject jdk.jstatd jdk.localedata jdk.management.jfr jdk.naming.dns jdk.naming.rmi jdk.net jdk.nio.mapmode jdk.random jdk.sctp jdk.security.auth jdk.security.jgss jdk.unsupported jdk.unsupported.desktop jdk.xml.dom"
OS_ARCH="x86_64"
OS_NAME="Linux"
SOURCE=""

Environment Variables:
JAVA_HOME=/usr/lib/jvm/java-1.21.0-openjdk-amd64
PATH=/home/linux/.sdkman/candidates/gradle/current/bin:/home/linux/.nvm/versions/node/v22.12.0/bin:/usr/local/sbin:/usr/local/bin:/usr/sbin:/usr/bin:/sbin:/bin:/usr/games:/usr/local/games:/snap/bin:/snap/bin:/usr/lib/jvm/java-1.21.0-openjdk-amd64/bin
USERNAME=linux
SHELL=/bin/bash
DISPLAY=:0
LANG=en_US.UTF-8
LC_NUMERIC=fr_FR.UTF-8
LC_TIME=fr_FR.UTF-8
TERM=xterm-256color

Active Locale:
LC_ALL=LC_CTYPE=en_US.UTF-8;LC_NUMERIC=fr_FR.UTF-8;LC_TIME=fr_FR.UTF-8;LC_COLLATE=en_US.UTF-8;LC_MONETARY=fr_FR.UTF-8;LC_MESSAGES=en_US.UTF-8;LC_PAPER=fr_FR.UTF-8;LC_NAME=fr_FR.UTF-8;LC_ADDRESS=fr_FR.UTF-8;LC_TELEPHONE=fr_FR.UTF-8;LC_MEASUREMENT=fr_FR.UTF-8;LC_IDENTIFICATION=fr_FR.UTF-8
LC_COLLATE=en_US.UTF-8
LC_CTYPE=en_US.UTF-8
LC_MESSAGES=en_US.UTF-8
LC_MONETARY=fr_FR.UTF-8
LC_NUMERIC=fr_FR.UTF-8
LC_TIME=fr_FR.UTF-8

Signal Handlers:
   SIGSEGV: crash_handler in libjvm.so, mask=11100100010111111101111111111110, flags=SA_RESTART|SA_SIGINFO, unblocked
    SIGBUS: crash_handler in libjvm.so, mask=11100100010111111101111111111110, flags=SA_RESTART|SA_SIGINFO, unblocked
    SIGFPE: crash_handler in libjvm.so, mask=11100100010111111101111111111110, flags=SA_RESTART|SA_SIGINFO, unblocked
   SIGPIPE: SIG_IGN, mask=00000000000010000000000000000000, flags=SA_RESTART, blocked
  *** Handler was modified!
  *** Expected: javaSignalHandler in libjvm.so, mask=11100100110111111111111111111110, flags=SA_RESTART|SA_SIGINFO
   SIGXFSZ: javaSignalHandler in libjvm.so, mask=11100100010111111101111111111110, flags=SA_RESTART|SA_SIGINFO, blocked
    SIGILL: crash_handler in libjvm.so, mask=11100100010111111101111111111110, flags=SA_RESTART|SA_SIGINFO, unblocked
   SIGUSR2: SR_handler in libjvm.so, mask=00000000000000000000000000000000, flags=SA_RESTART|SA_SIGINFO, blocked
    SIGHUP: UserHandler in libjvm.so, mask=11100100010111111101111111111110, flags=SA_RESTART|SA_SIGINFO, blocked
    SIGINT: UserHandler in libjvm.so, mask=11100100010111111101111111111110, flags=SA_RESTART|SA_SIGINFO, blocked
   SIGTERM: UserHandler in libjvm.so, mask=11100100010111111101111111111110, flags=SA_RESTART|SA_SIGINFO, blocked
   SIGQUIT: UserHandler in libjvm.so, mask=11100100010111111101111111111110, flags=SA_RESTART|SA_SIGINFO, blocked
   SIGTRAP: crash_handler in libjvm.so, mask=11100100010111111101111111111110, flags=SA_RESTART|SA_SIGINFO, unblocked


Periodic native trim disabled

---------------  S Y S T E M  ---------------

OS:
DISTRIB_ID=Ubuntu
DISTRIB_RELEASE=24.04
DISTRIB_CODENAME=noble
DISTRIB_DESCRIPTION="Ubuntu 24.04.3 LTS"
uname: Linux 6.8.0-90-generic #91-Ubuntu SMP PREEMPT_DYNAMIC Tue Nov 18 14:14:30 UTC 2025 x86_64
OS uptime: 0 days 8:18 hours
libc: glibc 2.39 NPTL 2.39 
rlimit (soft/hard): STACK 8192k/infinity , CORE 0k/infinity , NPROC 127730/127730 , NOFILE 1048576/1048576 , AS infinity/infinity , CPU infinity/infinity , DATA infinity/infinity , FSIZE infinity/infinity , MEMLOCK 4097416k/4097416k
load average: 3,06 2,26 1,59

/proc/meminfo:
MemTotal:       32779344 kB
MemFree:         6471304 kB
MemAvailable:   20605344 kB
Buffers:          348512 kB
Cached:         13242096 kB
SwapCached:            0 kB
Active:         14446628 kB
Inactive:       10235548 kB
Active(anon):   10486660 kB
Inactive(anon):        0 kB
Active(file):    3959968 kB
Inactive(file): 10235548 kB
Unevictable:        9300 kB
Mlocked:            9300 kB
SwapTotal:       2097148 kB
SwapFree:        2097148 kB
Zswap:                 0 kB
Zswapped:              0 kB
Dirty:              6384 kB
Writeback:             0 kB
AnonPages:      11100696 kB
Mapped:          2359216 kB
Shmem:            109332 kB
KReclaimable:     403832 kB
Slab:             809760 kB
SReclaimable:     403832 kB
SUnreclaim:       405928 kB
KernelStack:       44944 kB
PageTables:        86540 kB
SecPageTables:         0 kB
NFS_Unstable:          0 kB
Bounce:                0 kB
WritebackTmp:          0 kB
CommitLimit:    18486820 kB
Committed_AS:   28193816 kB
VmallocTotal:   34359738367 kB
VmallocUsed:      102152 kB
VmallocChunk:          0 kB
Percpu:            43904 kB
HardwareCorrupted:     0 kB
AnonHugePages:         0 kB
ShmemHugePages:        0 kB
ShmemPmdMapped:        0 kB
FileHugePages:         0 kB
FilePmdMapped:         0 kB
Unaccepted:            0 kB
HugePages_Total:       0
HugePages_Free:        0
HugePages_Rsvd:        0
HugePages_Surp:        0
Hugepagesize:       2048 kB
Hugetlb:               0 kB
DirectMap4k:      788288 kB
DirectMap2M:    20105216 kB
DirectMap1G:    12582912 kB

/sys/kernel/mm/transparent_hugepage/enabled: always [madvise] never
/sys/kernel/mm/transparent_hugepage/hpage_pmd_size: 2097152
/sys/kernel/mm/transparent_hugepage/defrag (defrag/compaction efforts parameter): always defer defer+madvise [madvise] never

Process Memory:
Virtual Size: 22409296K (peak: 22409304K)
Resident Set Size: 1219912K (peak: 1219912K) (anon: 1062636K, file: 129628K, shmem: 27648K)
Swapped out: 0K
C-Heap outstanding allocations: 210200K, retained: 127659K
glibc malloc tunables: (default)

/proc/sys/kernel/threads-max (system-wide limit on the number of threads): 255461
/proc/sys/vm/max_map_count (maximum number of memory map areas a process may have): 1048576
/proc/sys/vm/swappiness (control to define how aggressively the kernel swaps out anonymous memory): 60
/proc/sys/kernel/pid_max (system-wide limit on number of process identifiers): 4194304

container information not found.
Steal ticks since vm start: 0
Steal ticks percentage since vm start:  0,000

CPU: total 32 (initial active 16) (16 cores per cpu, 2 threads per core) family 25 model 33 stepping 2 microcode 0xa201210, cx8, cmov, fxsr, ht, mmx, 3dnowpref, sse, sse2, sse3, ssse3, sse4a, sse4.1, sse4.2, popcnt, lzcnt, tsc, tscinvbit, avx, avx2, aes, erms, clmul, bmi1, bmi2, adx, sha, fma, vzeroupper, clflush, clflushopt, rdtscp, rdpid, fsrm, f16c, pku, ospke, cet_ss
CPU Model and flags from /proc/cpuinfo:
model name	: AMD Ryzen 7 5700X 8-Core Processor
flags		: fpu vme de pse tsc msr pae mce cx8 apic sep mtrr pge mca cmov pat pse36 clflush mmx fxsr sse sse2 ht syscall nx mmxext fxsr_opt pdpe1gb rdtscp lm constant_tsc rep_good nopl nonstop_tsc cpuid extd_apicid aperfmperf rapl pni pclmulqdq monitor ssse3 fma cx16 sse4_1 sse4_2 x2apic movbe popcnt aes xsave avx f16c rdrand lahf_lm cmp_legacy extapic cr8_legacy abm sse4a misalignsse 3dnowprefetch osvw ibs skinit wdt tce topoext perfctr_core perfctr_nb bpext perfctr_llc mwaitx cpb cat_l3 cdp_l3 hw_pstate ssbd mba ibrs ibpb stibp vmmcall fsgsbase bmi1 avx2 smep bmi2 erms invpcid cqm rdt_a rdseed adx smap clflushopt clwb sha_ni xsaveopt xsavec xgetbv1 xsaves cqm_llc cqm_occup_llc cqm_mbm_total cqm_mbm_local user_shstk clzero irperf xsaveerptr rdpru wbnoinvd arat npt lbrv svm_lock nrip_save tsc_scale vmcb_clean flushbyasid decodeassists pausefilter pfthreshold avic v_vmsave_vmload vgif v_spec_ctrl umip pku ospke vaes vpclmulqdq rdpid overflow_recov succor smca fsrm debug_swap ibpb_exit_to_user

Online cpus: 0-15
Offline cpus: 16-31
BIOS frequency limitation: 3400000
Frequency switch latency (ns): 0
Available cpu frequencies: 3400000 2800000 2200000 
Current governor: schedutil
Core performance/turbo boost: 1

Memory: 4k page, physical 32779344k(20605344k free), swap 2097148k(2097148k free)
Page Sizes: 4k

vm_info: OpenJDK 64-Bit Server VM (21.0.9+10-Ubuntu-124.04) for linux-amd64 JRE (21.0.9+10-Ubuntu-124.04), built on 2025-10-23T12:36:23Z by "buildd" with gcc 13.3.0

END.
