#
# A fatal error has been detected by the Java Runtime Environment:
#
#  SIGSEGV (0xb) at pc=0x0000758bdde590db, pid=175576, tid=179486
#
# JRE version: OpenJDK Runtime Environment (21.0.9+10) (build 21.0.9+10-Ubuntu-124.04)
# Java VM: OpenJDK 64-Bit Server VM (21.0.9+10-Ubuntu-124.04, mixed mode, tiered, compressed oops, compressed class ptrs, g1 gc, linux-amd64)
# Problematic frame:
# C  [libpipewire-0.3.so.0+0x470db]
#
# Core dump will be written. Default location: Core dumps may be processed with "/usr/share/apport/apport -p%p -s%s -c%c -d%d -P%P -u%u -g%g -F%F -- %E" (or dumping to /home/linux/Documents/Projets/VoiceChat-Desktop/client/core.175576)
#
# If you would like to submit a bug report, please visit:
#   https://bugs.launchpad.net/ubuntu/+source/openjdk-21
#

---------------  S U M M A R Y ------------

Command Line: --module-path=/home/linux/Documents/Projets/VoiceChat-Desktop/client/build/libs/client.jar:/home/linux/.gradle/caches/modules-2/files-2.1/shared-lib/voicechat-common/1.0.69/de37d2b850701251ca9f53ea06132262e926c9fd/voicechat-common-1.0.69.jar:/home/linux/.gradle/caches/modules-2/files-2.1/de.maxhenkel.opus4j/opus4j/2.1.0/71b4a98d2f53f03bc06272a4101d643bcdaaec70/opus4j-2.1.0.jar:/home/linux/.gradle/caches/modules-2/files-2.1/org.neo4j/neo4j-ogm-core/4.0.19/1e2d21e8ba46104c40bfc16f1a3cbf420c54b37d/neo4j-ogm-core-4.0.19.jar:/home/linux/.gradle/caches/modules-2/files-2.1/org.neo4j/neo4j-ogm-bolt-driver/4.0.19/d05dbe5db979e498f15a863af3429618d7346b04/neo4j-ogm-bolt-driver-4.0.19.jar:/home/linux/.gradle/caches/modules-2/files-2.1/org.neo4j/neo4j-ogm-api/4.0.19/f588d6bbe583e57d21e6860940c09b631063cc24/neo4j-ogm-api-4.0.19.jar:/home/linux/.gradle/caches/modules-2/files-2.1/com.fasterxml.jackson.datatype/jackson-datatype-jdk8/2.19.1/eabbc99d0e146b1a7085fddd02568faf1d3b4ab1/jackson-datatype-jdk8-2.19.1.jar:/home/linux/.gradle/caches/modules-2/files-2.1/com.fasterxml.jackson.core/jackson-databind/2.19.1/e8cb8e76faea3e0791165f5d3614fc45933b2ee0/jackson-databind-2.19.1.jar:/home/linux/.gradle/caches/modules-2/files-2.1/com.fasterxml.jackson.core/jackson-annotations/2.19.1/37e4f0c5dba684e00137defdb04ad9df95920c44/jackson-annotations-2.19.1.jar:/home/linux/.gradle/caches/modules-2/files-2.1/com.fasterxml.jackson.core/jackson-core/2.19.1/6e5a8cb8a6cada322497cefb7726657d98aaee15/jackson-core-2.19.1.jar:/home/linux/.gradle/caches/modules-2/files-2.1/com.fasterxml.jackson.datatype/jackson-datatype-jsr310/2.19.1/e9df57105f3b0730040ad7f3a1b603684a3329f4/jackson-datatype-jsr310-2.19.1.jar:/home/linux/.gradle/caches/modules-2/files-2.1/io.github.resilience4j/resilience4j-all/1.7.0/9300a162db7a081e9db23e151015f1dbb0828514/resilience4j-all-1.7.0.jar:/home/linux/.gradle/caches/modules-2/files-2.1/org.apache.commons/commons-collections4/4.4/62ebe7544cb7164d87e0637a2a6a2bdc981395e8/commons-col--patch-module=com.voicechat.client=/home/linux/Documents/Projets/VoiceChat-Desktop/client/build/resources/main -Dfile.encoding=UTF-8 -Duser.country=US -Duser.language=en -Duser.variant -Djdk.module.main=com.voicechat.client com.voicechat.client/com.voicechat.client.VoiceChatApplication

Host: AMD Ryzen 7 5700X 8-Core Processor, 32 cores, 31G, Ubuntu 24.04.3 LTS
Time: Fri Jan  2 17:14:15 2026 CET elapsed time: 258.387377 seconds (0d 0h 4m 18s)

---------------  T H R E A D  ---------------

Current thread is native thread

Stack: [0x00007589e0ebb000,0x00007589e16bb000],  sp=0x00007589e16b9a40,  free space=8186k
Native frames: (J=compiled Java code, j=interpreted, Vv=VM code, C=native code)
C  [libpipewire-0.3.so.0+0x470db]
C  [libpipewire-module-protocol-native.so+0x1fd32]
C  [libpipewire-module-protocol-native.so+0x15ee1]
C  [libpipewire-module-protocol-native.so+0x166c8]
C  [libspa-support.so+0x8d16]
C  [libpipewire-0.3.so.0+0x91c67]
C  [libc.so.6+0x9caa4]

siginfo: si_signo: 11 (SIGSEGV), si_code: 1 (SEGV_MAPERR), si_addr: 0x0000000000000008

Registers:
RAX=0x0000000000000000, RBX=0x0000000000000003, RCX=0x00000000ffffffff, RDX=0x0000000000000000
RSP=0x00007589e16b9a40, RBP=0x00007589e16b9a70, RSI=0x0000000000000000, RDI=0x0000758b343c5560
R8 =0x0000000000000003, R9 =0x0000758bdde59080, R10=0x0000000000000048, R11=0x0000000000000007
R12=0x0000758b343b72c0, R13=0x0000000000000000, R14=0x00000000ffffffff, R15=0x0000000000000002
RIP=0x0000758bdde590db, EFLAGS=0x0000000000010246, CSGSFS=0x002b000000000033, ERR=0x0000000000000004
  TRAPNO=0x000000000000000e

XMM[0]=0x0000000000000000 0x0000000000000000
XMM[1]=0x0000000000000000 0x0000000000000000
XMM[2]=0x0000758b343cb708 0x0000000600000000
XMM[3]=0x0000758b343c56b8 0x0000000000000048
XMM[4]=0x0000758b343b3590 0x0000758b343b34e1
XMM[5]=0xffffffffffffff00 0xffffffffffffffff
XMM[6]=0x0000000000000000 0x0000000000000000
XMM[7]=0x6e3c203d20656d61 0x6e2e617461646174
XMM[8]=0x616e652e6c617472 0x6f70747220282029
XMM[9]=0x0000758b343b3d00 0x0000758b343b3d00
XMM[10]=0x0000758b343b3cf0 0x0000758b343b3cf0
XMM[11]=0x0000758b343b3ce0 0x0000758b343b3ce0
XMM[12]=0x0000758b343b3cd0 0x0000758b343b3cd0
XMM[13]=0x0000758b343b3cc0 0x0000758b343b3cc0
XMM[14]=0x0000758b343b3cb0 0x0000758b343b3cb0
XMM[15]=0x0000000000000000 0x0000000000000000
  MXCSR=0x00001fa6


Top of Stack: (sp=0x00007589e16b9a40)
0x00007589e16b9a40:   0000758b343c55c0 00000000ffffffff
0x00007589e16b9a50:   0000758b343b7318 0000000000000001
0x00007589e16b9a60:   0000758b343c55c0 0000000000000001
0x00007589e16b9a70:   00007589e16b9b20 0000758c041f3d32
0x00007589e16b9a80:   00007589e16b9b20 00000003041f2dce
0x00007589e16b9a90:   0000000000000002 ffffffffffffffff
0x00007589e16b9aa0:   0000758b343cb708 0000000000000048
0x00007589e16b9ab0:   0000000000000048 0000000000000000
0x00007589e16b9ac0:   0000758b343cb4e8 0000758b343b7360
0x00007589e16b9ad0:   0000000000000000 0000000000000000
0x00007589e16b9ae0:   0000000000000000 0000000000000000
0x00007589e16b9af0:   0000000000000000 2a02eaed5f2c6a00
0x00007589e16b9b00:   0000758b343c5680 0000758b343b72c0
0x00007589e16b9b10:   0000758b343c5680 0000758b343b72c0
0x00007589e16b9b20:   00007589e16b9b80 0000758c041e9ee1
0x00007589e16b9b30:   0000000000000000 00007589e16b9b40
0x00007589e16b9b40:   0000758b343c2838 2a02eaed5f2c6a00
0x00007589e16b9b50:   0000758b343c2900 0000758b343b72c0
0x00007589e16b9b60:   0000758b34390100 0000758b343c55c0
0x00007589e16b9b70:   0000000000000d6f 0000000000000001
0x00007589e16b9b80:   00007589e16b9c20 0000758c041ea6c8
0x00007589e16b9b90:   0000000000000000 0000758b343c5680
0x00007589e16b9ba0:   0000000000000000 0000000000000008
0x00007589e16b9bb0:   0000758900000004 0000000000000008
0x00007589e16b9bc0:   00007589e16b9bd0 0000758ba447f3b0
0x00007589e16b9bd0:   00007589e16b9c20 0000758d080a0157
0x00007589e16b9be0:   0000000000000000 2a02eaed5f2c6a00
0x00007589e16b9bf0:   0000000000000001 00007589e16b9c58
0x00007589e16b9c00:   00007589e16b9c58 00007589e16b9c68
0x00007589e16b9c10:   0000000000000001 0000758b3439a770
0x00007589e16b9c20:   00007589e16b9e90 0000758c04234d16
0x00007589e16b9c30:   0000000000000000 0000000000000000 

Instructions: (pc=0x0000758bdde590db)
0x0000758bdde58fdb:   49 8b 84 24 08 01 00 00 89 de 48 c1 e8 03 48 39
0x0000758bdde58feb:   c6 73 32 49 8b 84 24 00 01 00 00 48 8b 3c f0 40
0x0000758bdde58ffb:   f6 c7 01 75 20 48 85 ff 74 1b 48 8d 65 e8 44 89
0x0000758bdde5900b:   ee 5b 41 5c 41 5d 5d e9 99 55 03 00 66 0f 1f 84
0x0000758bdde5901b:   00 00 00 00 00 48 8d 65 e8 5b 41 5c 41 5d 5d c3
0x0000758bdde5902b:   0f 1f 44 00 00 48 8b 05 81 6f 09 00 83 38 03 76
0x0000758bdde5903b:   9f 48 83 ec 08 4c 8d 0d 7f 39 05 00 31 c0 b9 47
0x0000758bdde5904b:   00 00 00 41 55 4c 8d 05 b9 fa 05 00 48 8d 15 26
0x0000758bdde5905b:   39 05 00 bf 04 00 00 00 53 48 8d 35 e5 6f 09 00
0x0000758bdde5906b:   41 54 e8 fe bf 01 00 48 83 c4 20 e9 60 ff ff ff
0x0000758bdde5907b:   0f 1f 44 00 00 f3 0f 1e fa 55 48 89 e5 41 57 41
0x0000758bdde5908b:   89 d7 41 56 41 89 ce 41 55 41 89 f5 41 54 49 89
0x0000758bdde5909b:   fc 53 44 89 c3 48 83 ec 08 80 3d b9 6f 09 00 00
0x0000758bdde590ab:   0f 84 9f 00 00 00 31 c0 83 3d a6 6f 09 00 03 0f
0x0000758bdde590bb:   97 c0 48 85 c0 0f 85 b1 00 00 00 49 8b bc 24 98
0x0000758bdde590cb:   00 00 00 89 de 44 89 f1 44 89 fa e8 95 d9 01 00
0x0000758bdde590db:   44 8b 40 08 48 89 c3 45 39 e8 74 59 80 3d 76 6f
0x0000758bdde590eb:   09 00 00 75 78 48 8b 05 c1 6e 09 00 8b 00 85 c0
0x0000758bdde590fb:   0f 95 c0 0f b6 c0 48 85 c0 0f 85 b0 00 00 00 31
0x0000758bdde5910b:   c0 44 89 e9 48 8d 15 5a 9f 05 00 4c 89 e7 be ea
0x0000758bdde5911b:   ff ff ff e8 6d 2b 03 00 83 6b 0c 01 75 17 48 8d
0x0000758bdde5912b:   65 d8 48 89 df 5b 41 5c 41 5d 41 5e 41 5f 5d e9
0x0000758bdde5913b:   21 de 01 00 90 48 8d 65 d8 5b 41 5c 41 5d 41 5e
0x0000758bdde5914b:   41 5f 5d c3 90 48 8b 05 61 6e 09 00 83 38 03 0f
0x0000758bdde5915b:   97 c0 0f b6 c0 e9 58 ff ff ff 0f 1f 00 8b 15 f2
0x0000758bdde5916b:   6e 09 00 31 c0 85 d2 0f 95 c0 eb 8a 48 83 ec 08
0x0000758bdde5917b:   4c 8d 0d 96 9e 05 00 31 c0 b9 51 00 00 00 53 4c
0x0000758bdde5918b:   8d 05 5f f9 05 00 48 8d 15 ec 37 05 00 bf 04 00
0x0000758bdde5919b:   00 00 41 56 48 8d 35 aa 6e 09 00 41 57 41 55 41
0x0000758bdde591ab:   54 e8 bf be 01 00 48 83 c4 30 e9 0c ff ff ff 41
0x0000758bdde591bb:   50 4c 8d 0d 7d 9e 05 00 b9 55 00 00 00 31 c0 41
0x0000758bdde591cb:   56 4c 8d 05 1d f9 05 00 48 8d 15 aa 37 05 00 bf 



---------------  P R O C E S S  ---------------

VM state: not at safepoint (normal execution)

VM Mutex/Monitor currently owned by a thread: None

Heap address: 0x00000005cbc00000, size: 8004 MB, Compressed Oops mode: Zero based, Oop shift amount: 3

CDS archive(s) not mapped
Compressed class space mapped at: 0x00000007c0000000-0x0000000800000000, reserved size: 1073741824
Narrow klass base: 0x0000000000000000, Narrow klass shift: 3, Narrow klass range: 0x800000000

GC Precious Log:
<Skipped>

Heap:
 garbage-first heap   total 548864K, used 371034K [0x00000005cbc00000, 0x00000007c0000000)
  region size 4096K, 65 young (266240K), 1 survivors (4096K)
 Metaspace       used 40419K, committed 40896K, reserved 1114112K
  class space    used 4959K, committed 5184K, reserved 1048576K

Heap Regions: E=young(eden), S=young(survivor), O=old, HS=humongous(starts), HC=humongous(continues), CS=collection set, F=free, TAMS=top-at-mark-start, PB=parsable bottom
|   0|0x00000005cbc00000, 0x00000005cc000000, 0x00000005cc000000|100%| O|  |TAMS 0x00000005cbc00000| PB 0x00000005cbc00000| Untracked 
|   1|0x00000005cc000000, 0x00000005cc400000, 0x00000005cc400000|100%| O|  |TAMS 0x00000005cc000000| PB 0x00000005cc000000| Untracked 
|   2|0x00000005cc400000, 0x00000005cc5ab638, 0x00000005cc800000| 41%| O|  |TAMS 0x00000005cc400000| PB 0x00000005cc400000| Untracked 
|   3|0x00000005cc800000, 0x00000005cc800000, 0x00000005ccc00000|  0%| F|  |TAMS 0x00000005cc800000| PB 0x00000005cc800000| Untracked 
|   4|0x00000005ccc00000, 0x00000005cd000000, 0x00000005cd000000|100%| O|  |TAMS 0x00000005ccc00000| PB 0x00000005ccc00000| Untracked 
|   5|0x00000005cd000000, 0x00000005cd000000, 0x00000005cd400000|  0%| F|  |TAMS 0x00000005cd000000| PB 0x00000005cd000000| Untracked 
|   6|0x00000005cd400000, 0x00000005cd400000, 0x00000005cd800000|  0%| F|  |TAMS 0x00000005cd400000| PB 0x00000005cd400000| Untracked 
|   7|0x00000005cd800000, 0x00000005cdc00000, 0x00000005cdc00000|100%| O|  |TAMS 0x00000005cd800000| PB 0x00000005cd800000| Untracked 
|   8|0x00000005cdc00000, 0x00000005ce000000, 0x00000005ce000000|100%| O|  |TAMS 0x00000005cdc00000| PB 0x00000005cdc00000| Untracked 
|   9|0x00000005ce000000, 0x00000005ce400000, 0x00000005ce400000|100%| O|  |TAMS 0x00000005ce000000| PB 0x00000005ce000000| Untracked 
|  10|0x00000005ce400000, 0x00000005ce800000, 0x00000005ce800000|100%| O|  |TAMS 0x00000005ce400000| PB 0x00000005ce400000| Untracked 
|  11|0x00000005ce800000, 0x00000005cec00000, 0x00000005cec00000|100%| O|  |TAMS 0x00000005ce800000| PB 0x00000005ce800000| Untracked 
|  12|0x00000005cec00000, 0x00000005cec00000, 0x00000005cf000000|  0%| F|  |TAMS 0x00000005cec00000| PB 0x00000005cec00000| Untracked 
|  13|0x00000005cf000000, 0x00000005cf000000, 0x00000005cf400000|  0%| F|  |TAMS 0x00000005cf000000| PB 0x00000005cf000000| Untracked 
|  14|0x00000005cf400000, 0x00000005cf400000, 0x00000005cf800000|  0%| F|  |TAMS 0x00000005cf400000| PB 0x00000005cf400000| Untracked 
|  15|0x00000005cf800000, 0x00000005cf800000, 0x00000005cfc00000|  0%| F|  |TAMS 0x00000005cf800000| PB 0x00000005cf800000| Untracked 
|  16|0x00000005cfc00000, 0x00000005cfc00000, 0x00000005d0000000|  0%| F|  |TAMS 0x00000005cfc00000| PB 0x00000005cfc00000| Untracked 
|  17|0x00000005d0000000, 0x00000005d0000000, 0x00000005d0400000|  0%| F|  |TAMS 0x00000005d0000000| PB 0x00000005d0000000| Untracked 
|  18|0x00000005d0400000, 0x00000005d0800000, 0x00000005d0800000|100%|HS|  |TAMS 0x00000005d0400000| PB 0x00000005d0400000| Complete 
|  19|0x00000005d0800000, 0x00000005d0c00000, 0x00000005d0c00000|100%|HC|  |TAMS 0x00000005d0800000| PB 0x00000005d0800000| Complete 
|  20|0x00000005d0c00000, 0x00000005d0c00000, 0x00000005d1000000|  0%| F|  |TAMS 0x00000005d0c00000| PB 0x00000005d0c00000| Untracked 
|  21|0x00000005d1000000, 0x00000005d1400000, 0x00000005d1400000|100%| O|  |TAMS 0x00000005d1000000| PB 0x00000005d1000000| Untracked 
|  22|0x00000005d1400000, 0x00000005d1697160, 0x00000005d1800000| 64%| O|  |TAMS 0x00000005d1400000| PB 0x00000005d1400000| Untracked 
|  23|0x00000005d1800000, 0x00000005d1c00000, 0x00000005d1c00000|100%|HS|  |TAMS 0x00000005d1800000| PB 0x00000005d1800000| Complete 
|  24|0x00000005d1c00000, 0x00000005d2000000, 0x00000005d2000000|100%|HC|  |TAMS 0x00000005d1c00000| PB 0x00000005d1c00000| Complete 
|  25|0x00000005d2000000, 0x00000005d2400000, 0x00000005d2400000|100%|HC|  |TAMS 0x00000005d2000000| PB 0x00000005d2000000| Complete 
|  26|0x00000005d2400000, 0x00000005d2800000, 0x00000005d2800000|100%|HC|  |TAMS 0x00000005d2400000| PB 0x00000005d2400000| Complete 
|  27|0x00000005d2800000, 0x00000005d2c00000, 0x00000005d2c00000|100%|HC|  |TAMS 0x00000005d2800000| PB 0x00000005d2800000| Complete 
|  28|0x00000005d2c00000, 0x00000005d3000000, 0x00000005d3000000|100%|HC|  |TAMS 0x00000005d2c00000| PB 0x00000005d2c00000| Complete 
|  29|0x00000005d3000000, 0x00000005d3400000, 0x00000005d3400000|100%|HC|  |TAMS 0x00000005d3000000| PB 0x00000005d3000000| Complete 
|  30|0x00000005d3400000, 0x00000005d3800000, 0x00000005d3800000|100%|HC|  |TAMS 0x00000005d3400000| PB 0x00000005d3400000| Complete 
|  31|0x00000005d3800000, 0x00000005d3c00000, 0x00000005d3c00000|100%|HC|  |TAMS 0x00000005d3800000| PB 0x00000005d3800000| Complete 
|  32|0x00000005d3c00000, 0x00000005d4000000, 0x00000005d4000000|100%|HC|  |TAMS 0x00000005d3c00000| PB 0x00000005d3c00000| Complete 
|  33|0x00000005d4000000, 0x00000005d4400000, 0x00000005d4400000|100%|HC|  |TAMS 0x00000005d4000000| PB 0x00000005d4000000| Complete 
|  34|0x00000005d4400000, 0x00000005d4800000, 0x00000005d4800000|100%|HC|  |TAMS 0x00000005d4400000| PB 0x00000005d4400000| Complete 
|  35|0x00000005d4800000, 0x00000005d4c00000, 0x00000005d4c00000|100%|HC|  |TAMS 0x00000005d4800000| PB 0x00000005d4800000| Complete 
|  36|0x00000005d4c00000, 0x00000005d4c00000, 0x00000005d5000000|  0%| F|  |TAMS 0x00000005d4c00000| PB 0x00000005d4c00000| Untracked 
|  37|0x00000005d5000000, 0x00000005d5000000, 0x00000005d5400000|  0%| F|  |TAMS 0x00000005d5000000| PB 0x00000005d5000000| Untracked 
|  38|0x00000005d5400000, 0x00000005d5400000, 0x00000005d5800000|  0%| F|  |TAMS 0x00000005d5400000| PB 0x00000005d5400000| Untracked 
|  39|0x00000005d5800000, 0x00000005d5800000, 0x00000005d5c00000|  0%| F|  |TAMS 0x00000005d5800000| PB 0x00000005d5800000| Untracked 
|  40|0x00000005d5c00000, 0x00000005d5c00000, 0x00000005d6000000|  0%| F|  |TAMS 0x00000005d5c00000| PB 0x00000005d5c00000| Untracked 
|  41|0x00000005d6000000, 0x00000005d6000000, 0x00000005d6400000|  0%| F|  |TAMS 0x00000005d6000000| PB 0x00000005d6000000| Untracked 
|  42|0x00000005d6400000, 0x00000005d6400000, 0x00000005d6800000|  0%| F|  |TAMS 0x00000005d6400000| PB 0x00000005d6400000| Untracked 
|  43|0x00000005d6800000, 0x00000005d6800000, 0x00000005d6c00000|  0%| F|  |TAMS 0x00000005d6800000| PB 0x00000005d6800000| Untracked 
|  44|0x00000005d6c00000, 0x00000005d6c00000, 0x00000005d7000000|  0%| F|  |TAMS 0x00000005d6c00000| PB 0x00000005d6c00000| Untracked 
|  45|0x00000005d7000000, 0x00000005d7000000, 0x00000005d7400000|  0%| F|  |TAMS 0x00000005d7000000| PB 0x00000005d7000000| Untracked 
|  46|0x00000005d7400000, 0x00000005d7400000, 0x00000005d7800000|  0%| F|  |TAMS 0x00000005d7400000| PB 0x00000005d7400000| Untracked 
|  47|0x00000005d7800000, 0x00000005d7c00000, 0x00000005d7c00000|100%| O|  |TAMS 0x00000005d7800000| PB 0x00000005d7800000| Untracked 
|  48|0x00000005d7c00000, 0x00000005d7c00000, 0x00000005d8000000|  0%| F|  |TAMS 0x00000005d7c00000| PB 0x00000005d7c00000| Untracked 
|  49|0x00000005d8000000, 0x00000005d8000000, 0x00000005d8400000|  0%| F|  |TAMS 0x00000005d8000000| PB 0x00000005d8000000| Untracked 
|  50|0x00000005d8400000, 0x00000005d8400000, 0x00000005d8800000|  0%| F|  |TAMS 0x00000005d8400000| PB 0x00000005d8400000| Untracked 
|  51|0x00000005d8800000, 0x00000005d8800000, 0x00000005d8c00000|  0%| F|  |TAMS 0x00000005d8800000| PB 0x00000005d8800000| Untracked 
|  52|0x00000005d8c00000, 0x00000005d8c142a0, 0x00000005d9000000|  1%| S|CS|TAMS 0x00000005d8c00000| PB 0x00000005d8c00000| Complete 
|  53|0x00000005d9000000, 0x00000005d9000000, 0x00000005d9400000|  0%| F|  |TAMS 0x00000005d9000000| PB 0x00000005d9000000| Untracked 
|  54|0x00000005d9400000, 0x00000005d9400000, 0x00000005d9800000|  0%| F|  |TAMS 0x00000005d9400000| PB 0x00000005d9400000| Untracked 
|  55|0x00000005d9800000, 0x00000005d9800000, 0x00000005d9c00000|  0%| F|  |TAMS 0x00000005d9800000| PB 0x00000005d9800000| Untracked 
|  56|0x00000005d9c00000, 0x00000005d9c00000, 0x00000005da000000|  0%| F|  |TAMS 0x00000005d9c00000| PB 0x00000005d9c00000| Untracked 
|  57|0x00000005da000000, 0x00000005da000000, 0x00000005da400000|  0%| F|  |TAMS 0x00000005da000000| PB 0x00000005da000000| Untracked 
|  58|0x00000005da400000, 0x00000005da400000, 0x00000005da800000|  0%| F|  |TAMS 0x00000005da400000| PB 0x00000005da400000| Untracked 
|  59|0x00000005da800000, 0x00000005da800000, 0x00000005dac00000|  0%| F|  |TAMS 0x00000005da800000| PB 0x00000005da800000| Untracked 
|  60|0x00000005dac00000, 0x00000005dac00000, 0x00000005db000000|  0%| F|  |TAMS 0x00000005dac00000| PB 0x00000005dac00000| Untracked 
|  61|0x00000005db000000, 0x00000005db000000, 0x00000005db400000|  0%| F|  |TAMS 0x00000005db000000| PB 0x00000005db000000| Untracked 
|  62|0x00000005db400000, 0x00000005db400000, 0x00000005db800000|  0%| F|  |TAMS 0x00000005db400000| PB 0x00000005db400000| Untracked 
|  63|0x00000005db800000, 0x00000005db800000, 0x00000005dbc00000|  0%| F|  |TAMS 0x00000005db800000| PB 0x00000005db800000| Untracked 
|  64|0x00000005dbc00000, 0x00000005dbc00000, 0x00000005dc000000|  0%| F|  |TAMS 0x00000005dbc00000| PB 0x00000005dbc00000| Untracked 
|  65|0x00000005dc000000, 0x00000005dc000000, 0x00000005dc400000|  0%| F|  |TAMS 0x00000005dc000000| PB 0x00000005dc000000| Untracked 
|  66|0x00000005dc400000, 0x00000005dc400000, 0x00000005dc800000|  0%| F|  |TAMS 0x00000005dc400000| PB 0x00000005dc400000| Untracked 
|  67|0x00000005dc800000, 0x00000005dc800000, 0x00000005dcc00000|  0%| F|  |TAMS 0x00000005dc800000| PB 0x00000005dc800000| Untracked 
|  68|0x00000005dcc00000, 0x00000005dce00000, 0x00000005dd000000| 50%| E|  |TAMS 0x00000005dcc00000| PB 0x00000005dcc00000| Complete 
|  69|0x00000005dd000000, 0x00000005dd400000, 0x00000005dd400000|100%| E|CS|TAMS 0x00000005dd000000| PB 0x00000005dd000000| Complete 
|  70|0x00000005dd400000, 0x00000005dd800000, 0x00000005dd800000|100%| E|CS|TAMS 0x00000005dd400000| PB 0x00000005dd400000| Complete 
|  71|0x00000005dd800000, 0x00000005ddc00000, 0x00000005ddc00000|100%| E|CS|TAMS 0x00000005dd800000| PB 0x00000005dd800000| Complete 
|  72|0x00000005ddc00000, 0x00000005de000000, 0x00000005de000000|100%| E|CS|TAMS 0x00000005ddc00000| PB 0x00000005ddc00000| Complete 
|  73|0x00000005de000000, 0x00000005de400000, 0x00000005de400000|100%| E|CS|TAMS 0x00000005de000000| PB 0x00000005de000000| Complete 
|  74|0x00000005de400000, 0x00000005de800000, 0x00000005de800000|100%| E|CS|TAMS 0x00000005de400000| PB 0x00000005de400000| Complete 
|  75|0x00000005de800000, 0x00000005dec00000, 0x00000005dec00000|100%| E|CS|TAMS 0x00000005de800000| PB 0x00000005de800000| Complete 
|  76|0x00000005dec00000, 0x00000005df000000, 0x00000005df000000|100%| E|CS|TAMS 0x00000005dec00000| PB 0x00000005dec00000| Complete 
|  77|0x00000005df000000, 0x00000005df400000, 0x00000005df400000|100%| E|CS|TAMS 0x00000005df000000| PB 0x00000005df000000| Complete 
|  78|0x00000005df400000, 0x00000005df800000, 0x00000005df800000|100%| E|CS|TAMS 0x00000005df400000| PB 0x00000005df400000| Complete 
|  79|0x00000005df800000, 0x00000005dfc00000, 0x00000005dfc00000|100%| E|CS|TAMS 0x00000005df800000| PB 0x00000005df800000| Complete 
|  80|0x00000005dfc00000, 0x00000005e0000000, 0x00000005e0000000|100%| E|CS|TAMS 0x00000005dfc00000| PB 0x00000005dfc00000| Complete 
|  81|0x00000005e0000000, 0x00000005e0400000, 0x00000005e0400000|100%| E|CS|TAMS 0x00000005e0000000| PB 0x00000005e0000000| Complete 
|  82|0x00000005e0400000, 0x00000005e0800000, 0x00000005e0800000|100%| E|CS|TAMS 0x00000005e0400000| PB 0x00000005e0400000| Complete 
|  83|0x00000005e0800000, 0x00000005e0c00000, 0x00000005e0c00000|100%| E|CS|TAMS 0x00000005e0800000| PB 0x00000005e0800000| Complete 
|  84|0x00000005e0c00000, 0x00000005e1000000, 0x00000005e1000000|100%| E|CS|TAMS 0x00000005e0c00000| PB 0x00000005e0c00000| Complete 
|  85|0x00000005e1000000, 0x00000005e1400000, 0x00000005e1400000|100%| E|CS|TAMS 0x00000005e1000000| PB 0x00000005e1000000| Complete 
|  86|0x00000005e1400000, 0x00000005e1800000, 0x00000005e1800000|100%| E|CS|TAMS 0x00000005e1400000| PB 0x00000005e1400000| Complete 
|  87|0x00000005e1800000, 0x00000005e1c00000, 0x00000005e1c00000|100%| E|CS|TAMS 0x00000005e1800000| PB 0x00000005e1800000| Complete 
|  88|0x00000005e1c00000, 0x00000005e2000000, 0x00000005e2000000|100%| E|CS|TAMS 0x00000005e1c00000| PB 0x00000005e1c00000| Complete 
|  89|0x00000005e2000000, 0x00000005e2400000, 0x00000005e2400000|100%| E|CS|TAMS 0x00000005e2000000| PB 0x00000005e2000000| Complete 
|  90|0x00000005e2400000, 0x00000005e2800000, 0x00000005e2800000|100%| E|CS|TAMS 0x00000005e2400000| PB 0x00000005e2400000| Complete 
|  91|0x00000005e2800000, 0x00000005e2c00000, 0x00000005e2c00000|100%| E|CS|TAMS 0x00000005e2800000| PB 0x00000005e2800000| Complete 
|  92|0x00000005e2c00000, 0x00000005e3000000, 0x00000005e3000000|100%| E|CS|TAMS 0x00000005e2c00000| PB 0x00000005e2c00000| Complete 
|  93|0x00000005e3000000, 0x00000005e3400000, 0x00000005e3400000|100%| E|CS|TAMS 0x00000005e3000000| PB 0x00000005e3000000| Complete 
|  94|0x00000005e3400000, 0x00000005e3800000, 0x00000005e3800000|100%| E|CS|TAMS 0x00000005e3400000| PB 0x00000005e3400000| Complete 
|  95|0x00000005e3800000, 0x00000005e3c00000, 0x00000005e3c00000|100%| E|CS|TAMS 0x00000005e3800000| PB 0x00000005e3800000| Complete 
|  96|0x00000005e3c00000, 0x00000005e4000000, 0x00000005e4000000|100%| E|CS|TAMS 0x00000005e3c00000| PB 0x00000005e3c00000| Complete 
|  97|0x00000005e4000000, 0x00000005e4400000, 0x00000005e4400000|100%| E|CS|TAMS 0x00000005e4000000| PB 0x00000005e4000000| Complete 
|  98|0x00000005e4400000, 0x00000005e4800000, 0x00000005e4800000|100%| E|CS|TAMS 0x00000005e4400000| PB 0x00000005e4400000| Complete 
|  99|0x00000005e4800000, 0x00000005e4c00000, 0x00000005e4c00000|100%| E|CS|TAMS 0x00000005e4800000| PB 0x00000005e4800000| Complete 
| 100|0x00000005e4c00000, 0x00000005e5000000, 0x00000005e5000000|100%| E|CS|TAMS 0x00000005e4c00000| PB 0x00000005e4c00000| Complete 
| 101|0x00000005e5000000, 0x00000005e5400000, 0x00000005e5400000|100%| E|CS|TAMS 0x00000005e5000000| PB 0x00000005e5000000| Complete 
| 102|0x00000005e5400000, 0x00000005e5800000, 0x00000005e5800000|100%| E|CS|TAMS 0x00000005e5400000| PB 0x00000005e5400000| Complete 
| 103|0x00000005e5800000, 0x00000005e5c00000, 0x00000005e5c00000|100%| E|CS|TAMS 0x00000005e5800000| PB 0x00000005e5800000| Complete 
| 104|0x00000005e5c00000, 0x00000005e6000000, 0x00000005e6000000|100%| E|CS|TAMS 0x00000005e5c00000| PB 0x00000005e5c00000| Complete 
| 105|0x00000005e6000000, 0x00000005e6400000, 0x00000005e6400000|100%| E|CS|TAMS 0x00000005e6000000| PB 0x00000005e6000000| Complete 
| 106|0x00000005e6400000, 0x00000005e6800000, 0x00000005e6800000|100%| E|CS|TAMS 0x00000005e6400000| PB 0x00000005e6400000| Complete 
| 107|0x00000005e6800000, 0x00000005e6c00000, 0x00000005e6c00000|100%| E|CS|TAMS 0x00000005e6800000| PB 0x00000005e6800000| Complete 
| 108|0x00000005e6c00000, 0x00000005e7000000, 0x00000005e7000000|100%| E|CS|TAMS 0x00000005e6c00000| PB 0x00000005e6c00000| Complete 
| 109|0x00000005e7000000, 0x00000005e7400000, 0x00000005e7400000|100%| E|CS|TAMS 0x00000005e7000000| PB 0x00000005e7000000| Complete 
| 110|0x00000005e7400000, 0x00000005e7800000, 0x00000005e7800000|100%| E|CS|TAMS 0x00000005e7400000| PB 0x00000005e7400000| Complete 
| 111|0x00000005e7800000, 0x00000005e7c00000, 0x00000005e7c00000|100%| E|CS|TAMS 0x00000005e7800000| PB 0x00000005e7800000| Complete 
| 112|0x00000005e7c00000, 0x00000005e8000000, 0x00000005e8000000|100%| E|CS|TAMS 0x00000005e7c00000| PB 0x00000005e7c00000| Complete 
| 113|0x00000005e8000000, 0x00000005e8400000, 0x00000005e8400000|100%| E|CS|TAMS 0x00000005e8000000| PB 0x00000005e8000000| Complete 
| 114|0x00000005e8400000, 0x00000005e8800000, 0x00000005e8800000|100%| E|CS|TAMS 0x00000005e8400000| PB 0x00000005e8400000| Complete 
| 115|0x00000005e8800000, 0x00000005e8c00000, 0x00000005e8c00000|100%| E|CS|TAMS 0x00000005e8800000| PB 0x00000005e8800000| Complete 
| 116|0x00000005e8c00000, 0x00000005e9000000, 0x00000005e9000000|100%| E|CS|TAMS 0x00000005e8c00000| PB 0x00000005e8c00000| Complete 
| 117|0x00000005e9000000, 0x00000005e9400000, 0x00000005e9400000|100%| E|CS|TAMS 0x00000005e9000000| PB 0x00000005e9000000| Complete 
| 118|0x00000005e9400000, 0x00000005e9800000, 0x00000005e9800000|100%| E|CS|TAMS 0x00000005e9400000| PB 0x00000005e9400000| Complete 
| 119|0x00000005e9800000, 0x00000005e9c00000, 0x00000005e9c00000|100%| E|CS|TAMS 0x00000005e9800000| PB 0x00000005e9800000| Complete 
| 120|0x00000005e9c00000, 0x00000005ea000000, 0x00000005ea000000|100%| E|CS|TAMS 0x00000005e9c00000| PB 0x00000005e9c00000| Complete 
| 121|0x00000005ea000000, 0x00000005ea400000, 0x00000005ea400000|100%| E|CS|TAMS 0x00000005ea000000| PB 0x00000005ea000000| Complete 
| 122|0x00000005ea400000, 0x00000005ea800000, 0x00000005ea800000|100%| E|CS|TAMS 0x00000005ea400000| PB 0x00000005ea400000| Complete 
| 123|0x00000005ea800000, 0x00000005eac00000, 0x00000005eac00000|100%| E|CS|TAMS 0x00000005ea800000| PB 0x00000005ea800000| Complete 
| 124|0x00000005eac00000, 0x00000005eb000000, 0x00000005eb000000|100%| E|CS|TAMS 0x00000005eac00000| PB 0x00000005eac00000| Complete 
| 125|0x00000005eb000000, 0x00000005eb400000, 0x00000005eb400000|100%| E|CS|TAMS 0x00000005eb000000| PB 0x00000005eb000000| Complete 
| 126|0x00000005eb400000, 0x00000005eb800000, 0x00000005eb800000|100%| E|CS|TAMS 0x00000005eb400000| PB 0x00000005eb400000| Complete 
| 127|0x00000005eb800000, 0x00000005ebc00000, 0x00000005ebc00000|100%| E|CS|TAMS 0x00000005eb800000| PB 0x00000005eb800000| Complete 
| 128|0x00000005ebc00000, 0x00000005ec000000, 0x00000005ec000000|100%| E|CS|TAMS 0x00000005ebc00000| PB 0x00000005ebc00000| Complete 
| 129|0x00000005ec000000, 0x00000005ec400000, 0x00000005ec400000|100%| E|CS|TAMS 0x00000005ec000000| PB 0x00000005ec000000| Complete 
| 130|0x00000005ec400000, 0x00000005ec800000, 0x00000005ec800000|100%| E|CS|TAMS 0x00000005ec400000| PB 0x00000005ec400000| Complete 
| 167|0x00000005f5800000, 0x00000005f5c00000, 0x00000005f5c00000|100%| E|CS|TAMS 0x00000005f5800000| PB 0x00000005f5800000| Complete 
| 168|0x00000005f5c00000, 0x00000005f6000000, 0x00000005f6000000|100%| E|CS|TAMS 0x00000005f5c00000| PB 0x00000005f5c00000| Complete 
|1992|0x00000007bdc00000, 0x00000007be000000, 0x00000007be000000|100%| O|  |TAMS 0x00000007bdc00000| PB 0x00000007bdc00000| Untracked 

Card table byte_map: [0x0000758ce785e000,0x0000758ce8800000] _byte_map_base: 0x0000758ce4a00000

Marking Bits: (CMBitMap*) 0x0000758d0004b160
 Bits: [0x0000758cdfb4e000, 0x0000758ce785e000)

Polling page: 0x0000758d0828d000

Metaspace:

Usage:
  Non-class:     34,63 MB used.
      Class:      4,84 MB used.
       Both:     39,47 MB used.

Virtual space:
  Non-class space:       64,00 MB reserved,      34,88 MB ( 54%) committed,  1 nodes.
      Class space:        1,00 GB reserved,       5,06 MB ( <1%) committed,  1 nodes.
             Both:        1,06 GB reserved,      39,94 MB (  4%) committed. 

Chunk freelists:
   Non-Class:  12,43 MB
       Class:  11,00 MB
        Both:  23,43 MB

MaxMetaspaceSize: unlimited
CompressedClassSpaceSize: 1,00 GB
Initial GC threshold: 21,00 MB
Current GC threshold: 59,62 MB
CDS: off
 - commit_granule_bytes: 65536.
 - commit_granule_words: 8192.
 - virtual_space_node_default_size: 8388608.
 - enlarge_chunks_in_place: 1.
 - use_allocation_guard: 0.


Internal statistics:

num_allocs_failed_limit: 9.
num_arena_births: 480.
num_arena_deaths: 0.
num_vsnodes_births: 2.
num_vsnodes_deaths: 0.
num_space_committed: 639.
num_space_uncommitted: 0.
num_chunks_returned_to_freelist: 9.
num_chunks_taken_from_freelist: 1467.
num_chunk_merges: 6.
num_chunk_splits: 1056.
num_chunks_enlarged: 828.
num_inconsistent_stats: 0.

CodeHeap 'non-profiled nmethods': size=119168Kb used=3564Kb max_used=3564Kb free=115603Kb
 bounds [0x0000758cf03a0000, 0x0000758cf0720000, 0x0000758cf7800000]
CodeHeap 'profiled nmethods': size=119164Kb used=12675Kb max_used=12675Kb free=106488Kb
 bounds [0x0000758ce8800000, 0x0000758ce9470000, 0x0000758cefc5f000]
CodeHeap 'non-nmethods': size=7428Kb used=1969Kb max_used=3712Kb free=5458Kb
 bounds [0x0000758cefc5f000, 0x0000758cf006f000, 0x0000758cf03a0000]
CodeCache: size=245760Kb, used=18208Kb, max_used=19951Kb, free=227549Kb
 total_blobs=7236, nmethods=6244, adapters=894, full_count=0
Compilation: enabled, stopped_count=0, restarted_count=0

Compilation events (20 events):
Event: 257,957 Thread 0x0000758d001efeb0 6519  s    3       com.sun.media.sound.JDK13Services::getDefaultProvider (117 bytes)
Event: 257,957 Thread 0x0000758d001efeb0 nmethod 6519 0x0000758ce9457b90 code [0x0000758ce9457f40, 0x0000758ce9459a80]
Event: 257,957 Thread 0x0000758d001efeb0 6520       3       com.sun.media.sound.JDK13Services$$Lambda/0x00000007c03f3998::<init> (10 bytes)
Event: 257,957 Thread 0x0000758d001efeb0 nmethod 6520 0x0000758ce945a190 code [0x0000758ce945a320, 0x0000758ce945a4d8]
Event: 257,957 Thread 0x0000758d001efeb0 6521       3       com.sun.media.sound.JDK13Services$$Lambda/0x00000007c03f3998::run (8 bytes)
Event: 257,957 Thread 0x0000758d001efeb0 nmethod 6521 0x0000758ce945a590 code [0x0000758ce945a760, 0x0000758ce945ab18]
Event: 257,957 Thread 0x0000758d001efeb0 6522       3       com.sun.media.sound.JDK13Services::lambda$getDefaultProvider$0 (5 bytes)
Event: 257,957 Thread 0x0000758d001efeb0 nmethod 6522 0x0000758ce945ac90 code [0x0000758ce945ae60, 0x0000758ce945b1a0]
Event: 257,957 Thread 0x0000758d001efeb0 6523  s    3       com.sun.media.sound.JDK13Services::getProperties (26 bytes)
Event: 257,958 Thread 0x0000758d001efeb0 nmethod 6523 0x0000758ce945b310 code [0x0000758ce945b4e0, 0x0000758ce945b890]
Event: 258,160 Thread 0x0000758d001efeb0 6524       1       com.sun.media.sound.AbstractLine::getLineInfo (5 bytes)
Event: 258,160 Thread 0x0000758d001efeb0 nmethod 6524 0x0000758cf071a310 code [0x0000758cf071a4a0, 0x0000758cf071a568]
Event: 258,180 Thread 0x0000758d001efeb0 6525       3       com.sun.media.sound.Toolkit::isFullySpecifiedAudioFormat (262 bytes)
Event: 258,182 Thread 0x0000758d001efeb0 nmethod 6525 0x0000758ce945b990 code [0x0000758ce945be60, 0x0000758ce945e148]
Event: 258,199 Thread 0x0000758d001efeb0 6528       1       javax.sound.sampled.BooleanControl::getValue (5 bytes)
Event: 258,199 Thread 0x0000758d001efeb0 nmethod 6528 0x0000758cf071ad90 code [0x0000758cf071af20, 0x0000758cf071afe8]
Event: 258,199 Thread 0x0000758d001efeb0 6529       1       com.sun.media.sound.DirectAudioDevice$DirectDL$Gain::getLinearGain (5 bytes)
Event: 258,199 Thread 0x0000758d001efeb0 nmethod 6529 0x0000758cf071b090 code [0x0000758cf071b220, 0x0000758cf071b2e0]
Event: 258,299 Thread 0x0000758d001efeb0 6530   !   3       com.voicechat.client.call.component.AudioDeviceComponent::lambda$receiveAndPlay$0 (220 bytes)
Event: 258,300 Thread 0x0000758d001efeb0 nmethod 6530 0x0000758ce945ea90 code [0x0000758ce945ee00, 0x0000758ce9460430]

GC Heap History (20 events):
Event: 257,452 GC heap before
{Heap before GC invocations=741 (full 0):
 garbage-first heap   total 548864K, used 434430K [0x00000005cbc00000, 0x00000007c0000000)
  region size 4096K, 80 young (327680K), 1 survivors (4096K)
 Metaspace       used 40369K, committed 40832K, reserved 1114112K
  class space    used 4959K, committed 5184K, reserved 1048576K
}
Event: 257,453 GC heap after
{Heap after GC invocations=742 (full 0):
 garbage-first heap   total 548864K, used 110857K [0x00000005cbc00000, 0x00000007c0000000)
  region size 4096K, 1 young (4096K), 1 survivors (4096K)
 Metaspace       used 40369K, committed 40832K, reserved 1114112K
  class space    used 4959K, committed 5184K, reserved 1048576K
}
Event: 257,550 GC heap before
{Heap before GC invocations=742 (full 0):
 garbage-first heap   total 548864K, used 434441K [0x00000005cbc00000, 0x00000007c0000000)
  region size 4096K, 80 young (327680K), 1 survivors (4096K)
 Metaspace       used 40372K, committed 40896K, reserved 1114112K
  class space    used 4959K, committed 5184K, reserved 1048576K
}
Event: 257,550 GC heap after
{Heap after GC invocations=743 (full 0):
 garbage-first heap   total 548864K, used 110880K [0x00000005cbc00000, 0x00000007c0000000)
  region size 4096K, 1 young (4096K), 1 survivors (4096K)
 Metaspace       used 40372K, committed 40896K, reserved 1114112K
  class space    used 4959K, committed 5184K, reserved 1048576K
}
Event: 257,648 GC heap before
{Heap before GC invocations=743 (full 0):
 garbage-first heap   total 548864K, used 434464K [0x00000005cbc00000, 0x00000007c0000000)
  region size 4096K, 80 young (327680K), 1 survivors (4096K)
 Metaspace       used 40387K, committed 40896K, reserved 1114112K
  class space    used 4959K, committed 5184K, reserved 1048576K
}
Event: 257,648 GC heap after
{Heap after GC invocations=744 (full 0):
 garbage-first heap   total 548864K, used 110889K [0x00000005cbc00000, 0x00000007c0000000)
  region size 4096K, 1 young (4096K), 1 survivors (4096K)
 Metaspace       used 40387K, committed 40896K, reserved 1114112K
  class space    used 4959K, committed 5184K, reserved 1048576K
}
Event: 257,744 GC heap before
{Heap before GC invocations=744 (full 0):
 garbage-first heap   total 548864K, used 434473K [0x00000005cbc00000, 0x00000007c0000000)
  region size 4096K, 80 young (327680K), 1 survivors (4096K)
 Metaspace       used 40396K, committed 40896K, reserved 1114112K
  class space    used 4959K, committed 5184K, reserved 1048576K
}
Event: 257,744 GC heap after
{Heap after GC invocations=745 (full 0):
 garbage-first heap   total 548864K, used 110893K [0x00000005cbc00000, 0x00000007c0000000)
  region size 4096K, 1 young (4096K), 1 survivors (4096K)
 Metaspace       used 40396K, committed 40896K, reserved 1114112K
  class space    used 4959K, committed 5184K, reserved 1048576K
}
Event: 257,839 GC heap before
{Heap before GC invocations=745 (full 0):
 garbage-first heap   total 548864K, used 434477K [0x00000005cbc00000, 0x00000007c0000000)
  region size 4096K, 80 young (327680K), 1 survivors (4096K)
 Metaspace       used 40397K, committed 40896K, reserved 1114112K
  class space    used 4959K, committed 5184K, reserved 1048576K
}
Event: 257,839 GC heap after
{Heap after GC invocations=746 (full 0):
 garbage-first heap   total 548864K, used 110895K [0x00000005cbc00000, 0x00000007c0000000)
  region size 4096K, 1 young (4096K), 1 survivors (4096K)
 Metaspace       used 40397K, committed 40896K, reserved 1114112K
  class space    used 4959K, committed 5184K, reserved 1048576K
}
Event: 257,933 GC heap before
{Heap before GC invocations=746 (full 0):
 garbage-first heap   total 548864K, used 434479K [0x00000005cbc00000, 0x00000007c0000000)
  region size 4096K, 80 young (327680K), 1 survivors (4096K)
 Metaspace       used 40399K, committed 40896K, reserved 1114112K
  class space    used 4959K, committed 5184K, reserved 1048576K
}
Event: 257,934 GC heap after
{Heap after GC invocations=747 (full 0):
 garbage-first heap   total 548864K, used 110902K [0x00000005cbc00000, 0x00000007c0000000)
  region size 4096K, 1 young (4096K), 1 survivors (4096K)
 Metaspace       used 40399K, committed 40896K, reserved 1114112K
  class space    used 4959K, committed 5184K, reserved 1048576K
}
Event: 258,025 GC heap before
{Heap before GC invocations=747 (full 0):
 garbage-first heap   total 548864K, used 434486K [0x00000005cbc00000, 0x00000007c0000000)
  region size 4096K, 80 young (327680K), 1 survivors (4096K)
 Metaspace       used 40414K, committed 40896K, reserved 1114112K
  class space    used 4959K, committed 5184K, reserved 1048576K
}
Event: 258,026 GC heap after
{Heap after GC invocations=748 (full 0):
 garbage-first heap   total 548864K, used 110898K [0x00000005cbc00000, 0x00000007c0000000)
  region size 4096K, 1 young (4096K), 1 survivors (4096K)
 Metaspace       used 40414K, committed 40896K, reserved 1114112K
  class space    used 4959K, committed 5184K, reserved 1048576K
}
Event: 258,118 GC heap before
{Heap before GC invocations=748 (full 0):
 garbage-first heap   total 548864K, used 434482K [0x00000005cbc00000, 0x00000007c0000000)
  region size 4096K, 80 young (327680K), 1 survivors (4096K)
 Metaspace       used 40414K, committed 40896K, reserved 1114112K
  class space    used 4959K, committed 5184K, reserved 1048576K
}
Event: 258,118 GC heap after
{Heap after GC invocations=749 (full 0):
 garbage-first heap   total 548864K, used 110911K [0x00000005cbc00000, 0x00000007c0000000)
  region size 4096K, 1 young (4096K), 1 survivors (4096K)
 Metaspace       used 40414K, committed 40896K, reserved 1114112K
  class space    used 4959K, committed 5184K, reserved 1048576K
}
Event: 258,219 GC heap before
{Heap before GC invocations=749 (full 0):
 garbage-first heap   total 548864K, used 434495K [0x00000005cbc00000, 0x00000007c0000000)
  region size 4096K, 80 young (327680K), 1 survivors (4096K)
 Metaspace       used 40419K, committed 40896K, reserved 1114112K
  class space    used 4959K, committed 5184K, reserved 1048576K
}
Event: 258,219 GC heap after
{Heap after GC invocations=750 (full 0):
 garbage-first heap   total 548864K, used 110923K [0x00000005cbc00000, 0x00000007c0000000)
  region size 4096K, 1 young (4096K), 1 survivors (4096K)
 Metaspace       used 40419K, committed 40896K, reserved 1114112K
  class space    used 4959K, committed 5184K, reserved 1048576K
}
Event: 258,315 GC heap before
{Heap before GC invocations=750 (full 0):
 garbage-first heap   total 548864K, used 434507K [0x00000005cbc00000, 0x00000007c0000000)
  region size 4096K, 80 young (327680K), 1 survivors (4096K)
 Metaspace       used 40419K, committed 40896K, reserved 1114112K
  class space    used 4959K, committed 5184K, reserved 1048576K
}
Event: 258,315 GC heap after
{Heap after GC invocations=751 (full 0):
 garbage-first heap   total 548864K, used 110938K [0x00000005cbc00000, 0x00000007c0000000)
  region size 4096K, 1 young (4096K), 1 survivors (4096K)
 Metaspace       used 40419K, committed 40896K, reserved 1114112K
  class space    used 4959K, committed 5184K, reserved 1048576K
}

Dll operation events (15 events):
Event: 0,002 Loaded shared library /usr/lib/jvm/java-21-openjdk-amd64/lib/libjava.so
Event: 0,021 Loaded shared library /usr/lib/jvm/java-21-openjdk-amd64/lib/libjsvml.so
Event: 0,036 Loaded shared library /usr/lib/jvm/java-21-openjdk-amd64/lib/libnio.so
Event: 0,049 Loaded shared library /usr/lib/jvm/java-21-openjdk-amd64/lib/libzip.so
Event: 0,212 Loaded shared library /home/linux/.openjfx/cache/21.0.6+3/amd64/libprism_es2.so
Event: 0,281 Loaded shared library /home/linux/.openjfx/cache/21.0.6+3/amd64/libglass.so
Event: 0,296 Loaded shared library /home/linux/.openjfx/cache/21.0.6+3/amd64/libglassgtk3.so
Event: 0,415 Loaded shared library /usr/lib/jvm/java-21-openjdk-amd64/lib/libnet.so
Event: 0,454 Loaded shared library /usr/lib/jvm/java-21-openjdk-amd64/lib/libjimage.so
Event: 0,790 Loaded shared library /home/linux/.openjfx/cache/21.0.6+3/amd64/libjavafx_font.so
Event: 0,857 Loaded shared library /home/linux/.openjfx/cache/21.0.6+3/amd64/libjavafx_font_freetype.so
Event: 1,021 Loaded shared library /home/linux/.openjfx/cache/21.0.6+3/amd64/libjavafx_iio.so
Event: 1,181 Loaded shared library /home/linux/.openjfx/cache/21.0.6+3/amd64/libjavafx_font_pango.so
Event: 43,319 Loaded shared library /tmp/opencv_openpnp6042377036841560802/nu/pattern/opencv/linux/x86_64/libopencv_java451.so
Event: 48,193 Loaded shared library /usr/lib/jvm/java-21-openjdk-amd64/lib/libjsound.so

Deoptimization events (20 events):
Event: 256,109 Thread 0x0000758c789d4e10 Uncommon trap: trap_request=0xffffff45 fr.pc=0x0000758cf0672e78 relative=0x0000000000001438
Event: 256,109 Thread 0x0000758c789d4e10 Uncommon trap: reason=unstable_if action=reinterpret pc=0x0000758cf0672e78 method=com.voicechat.client.call.component.AudioDeviceComponent.lambda$receiveAndPlay$0(Ljavax/sound/sampled/Mixer$Info;Lcom/voicechat/client/call/controller/CallController;)V @ 11
Event: 256,109 Thread 0x0000758c789d4e10 DEOPT PACKING pc=0x0000758cf0672e78 sp=0x0000758bdd5fb570
Event: 256,109 Thread 0x0000758c789d3840 DEOPT UNPACKING pc=0x0000758cefcb2f99 sp=0x0000758bddd13558 mode 2
Event: 256,109 Thread 0x0000758c789d88f0 Uncommon trap: trap_request=0xffffff45 fr.pc=0x0000758cf0672e78 relative=0x0000000000001438
Event: 256,109 Thread 0x0000758c789d88f0 Uncommon trap: reason=unstable_if action=reinterpret pc=0x0000758cf0672e78 method=com.voicechat.client.call.component.AudioDeviceComponent.lambda$receiveAndPlay$0(Ljavax/sound/sampled/Mixer$Info;Lcom/voicechat/client/call/controller/CallController;)V @ 11
Event: 256,109 Thread 0x0000758c789d88f0 DEOPT PACKING pc=0x0000758cf0672e78 sp=0x0000758bdc3fa570
Event: 256,109 Thread 0x0000758c789d77c0 Uncommon trap: trap_request=0xffffff45 fr.pc=0x0000758cf0672e78 relative=0x0000000000001438
Event: 256,109 Thread 0x0000758c789d77c0 Uncommon trap: reason=unstable_if action=reinterpret pc=0x0000758cf0672e78 method=com.voicechat.client.call.component.AudioDeviceComponent.lambda$receiveAndPlay$0(Ljavax/sound/sampled/Mixer$Info;Lcom/voicechat/client/call/controller/CallController;)V @ 11
Event: 256,109 Thread 0x0000758c787274d0 DEOPT UNPACKING pc=0x0000758cefcb2f99 sp=0x0000758bdeffc558 mode 2
Event: 256,109 Thread 0x0000758c789d77c0 DEOPT PACKING pc=0x0000758cf0672e78 sp=0x0000758bdc4fa570
Event: 256,109 Thread 0x0000758c78734840 DEOPT UNPACKING pc=0x0000758cefcb2f99 sp=0x0000758bac1da558 mode 2
Event: 256,109 Thread 0x0000758ba00011c0 DEOPT UNPACKING pc=0x0000758cefcb2f99 sp=0x0000758ca3a2d558 mode 2
Event: 256,109 Thread 0x0000758c789d4e10 DEOPT UNPACKING pc=0x0000758cefcb2f99 sp=0x0000758bdd5fb558 mode 2
Event: 256,109 Thread 0x0000758c789d88f0 DEOPT UNPACKING pc=0x0000758cefcb2f99 sp=0x0000758bdc3fa558 mode 2
Event: 256,109 Thread 0x0000758c789d77c0 DEOPT UNPACKING pc=0x0000758cefcb2f99 sp=0x0000758bdc4fa558 mode 2
Event: 256,858 Thread 0x0000758c789d77c0 DEOPT PACKING pc=0x0000758ce932bb03 sp=0x0000758bdc4fa2e0
Event: 256,858 Thread 0x0000758c789d77c0 DEOPT UNPACKING pc=0x0000758cefcb372f sp=0x0000758bdc4f9780 mode 0
Event: 256,939 Thread 0x0000758c78734840 DEOPT PACKING pc=0x0000758ce930443a sp=0x0000758bac1da290
Event: 256,939 Thread 0x0000758c78734840 DEOPT UNPACKING pc=0x0000758cefcb372f sp=0x0000758bac1d9750 mode 0

Classes loaded (20 events):
Event: 52,806 Loading class com/sun/media/sound/AutoClosingClip done
Event: 52,806 Loading class com/sun/media/sound/DirectAudioDevice$DirectClip done
Event: 52,806 Loading class com/sun/media/sound/DirectAudioDevice$DirectTDL
Event: 52,806 Loading class com/sun/media/sound/DirectAudioDevice$DirectTDL done
Event: 55,177 Loading class java/nio/BufferOverflowException
Event: 55,177 Loading class java/nio/BufferOverflowException done
Event: 60,961 Loading class java/util/IdentityHashMap$KeyIterator
Event: 60,961 Loading class java/util/IdentityHashMap$IdentityHashMapIterator
Event: 60,961 Loading class java/util/IdentityHashMap$IdentityHashMapIterator done
Event: 60,961 Loading class java/util/IdentityHashMap$KeyIterator done
Event: 68,718 Loading class java/lang/foreign/MemorySegment
Event: 68,718 Loading class java/lang/foreign/MemorySegment done
Event: 206,191 Loading class java/util/zip/Deflater
Event: 206,191 Loading class java/util/zip/Deflater done
Event: 206,191 Loading class java/util/zip/Deflater$DeflaterZStreamRef
Event: 206,191 Loading class java/util/zip/Deflater$DeflaterZStreamRef done
Event: 256,109 Loading class java/util/concurrent/CompletableFuture$Signaller
Event: 256,109 Loading class java/util/concurrent/CompletableFuture$Signaller done
Event: 256,602 Loading class com/sun/media/sound/Printer
Event: 256,602 Loading class com/sun/media/sound/Printer done

Classes unloaded (0 events):
No events

Classes redefined (0 events):
No events

Internal exceptions (20 events):
Event: 16,190 Thread 0x0000758d005da470 Exception <a 'java/lang/NoSuchMethodError'{0x00000005f4b44328}: 'java.lang.Object java.lang.invoke.DirectMethodHandle$Holder.newInvokeSpecial(java.lang.Object, java.lang.Object, int, int, int, int, int, java.lang.Object)'> (0x00000005f4b44328) 
thrown [./src/hotspot/share/interpreter/linkResolver.cpp, line 772]
Event: 16,191 Thread 0x0000758d005da470 Exception <a 'java/lang/NoSuchMethodError'{0x00000005f4b56058}: 'java.lang.Object java.lang.invoke.DirectMethodHandle$Holder.newInvokeSpecial(java.lang.Object, java.lang.Object, java.lang.Object, int, int, int, int, int)'> (0x00000005f4b56058) 
thrown [./src/hotspot/share/interpreter/linkResolver.cpp, line 772]
Event: 16,191 Thread 0x0000758d005da470 Exception <a 'java/lang/NoSuchMethodError'{0x00000005f4b5d3a8}: 'java.lang.Object java.lang.invoke.Invokers$Holder.linkToTargetMethod(java.lang.Object, java.lang.Object, int, int, int, int, int, java.lang.Object)'> (0x00000005f4b5d3a8) 
thrown [./src/hotspot/share/interpreter/linkResolver.cpp, line 772]
Event: 30,279 Thread 0x0000758d005da470 Exception <a 'java/lang/NoSuchMethodError'{0x00000005f479aae0}: 'java.lang.Object java.lang.invoke.DirectMethodHandle$Holder.invokeStatic(java.lang.Object, int, java.lang.Object)'> (0x00000005f479aae0) 
thrown [./src/hotspot/share/interpreter/linkResolver.cpp, line 772]
Event: 43,064 Thread 0x0000758d005da470 Exception <a 'java/lang/ClassNotFoundException'{0x00000005f5c0e930}: sun/util/logging/resources/spi/loggingProvider> (0x00000005f5c0e930) 
thrown [./src/hotspot/share/classfile/systemDictionary.cpp, line 312]
Event: 43,071 Thread 0x0000758d005da470 Exception <a 'sun/nio/fs/UnixException'{0x00000005f5c3da60}> (0x00000005f5c3da60) 
thrown [./src/hotspot/share/prims/jni.cpp, line 520]
Event: 43,327 Thread 0x0000758d005da470 Exception <a 'java/io/FileNotFoundException'{0x00000005f5cce028}> (0x00000005f5cce028) 
thrown [./src/hotspot/share/prims/jni.cpp, line 520]
Event: 43,329 Thread 0x0000758d005da470 Exception <a 'java/io/FileNotFoundException'{0x00000005f5ce9740}> (0x00000005f5ce9740) 
thrown [./src/hotspot/share/prims/jni.cpp, line 520]
Event: 43,722 Thread 0x0000758c787ce0b0 Exception <a 'java/lang/NoSuchMethodError'{0x00000005e58bb648}: 'java.lang.Object java.lang.invoke.DirectMethodHandle$Holder.newInvokeSpecial(java.lang.Object, java.lang.Object, java.lang.Object, java.lang.Object, java.lang.Object, java.lang.Object, java.lang.Object)'> (0x00000005e58bb648) 
thrown [./src/hotspot/share/interpreter/linkResolver.cpp, line 772]
Event: 43,750 Thread 0x0000758d005da470 Exception <a 'java/lang/NoSuchMethodError'{0x00000005e5b1b8b8}: 'int java.lang.invoke.DirectMethodHandle$Holder.invokeStatic(java.lang.Object, java.lang.Object, java.lang.Object, java.lang.Object)'> (0x00000005e5b1b8b8) 
thrown [./src/hotspot/share/interpreter/linkResolver.cpp, line 772]
Event: 43,758 Thread 0x0000758d005da470 Exception <a 'java/lang/ClassNotFoundException'{0x00000005e5bd0a80}: com/sun/javafx/scene/control/skin/resources/controls-nt> (0x00000005e5bd0a80) 
thrown [./src/hotspot/share/prims/jni.cpp, line 539]
Event: 43,759 Thread 0x0000758d005da470 Exception <a 'java/lang/ClassNotFoundException'{0x00000005e5bd8e28}: com/sun/javafx/scene/control/skin/resources/controls-nt_en> (0x00000005e5bd8e28) 
thrown [./src/hotspot/share/prims/jni.cpp, line 539]
Event: 43,759 Thread 0x0000758d005da470 Exception <a 'java/lang/ClassNotFoundException'{0x00000005e5bd9df0}: com/sun/javafx/scene/control/skin/resources/controls-nt_en_US> (0x00000005e5bd9df0) 
thrown [./src/hotspot/share/prims/jni.cpp, line 539]
Event: 43,966 Thread 0x0000758d00422e50 Exception <a 'java/lang/NoSuchMethodError'{0x00000005e4874d60}: 'java.lang.Object java.lang.invoke.DirectMethodHandle$Holder.invokeStaticInit(java.lang.Object, int)'> (0x00000005e4874d60) 
thrown [./src/hotspot/share/interpreter/linkResolver.cpp, line 772]
Event: 48,553 Thread 0x0000758d005da470 Exception <a 'java/io/FileNotFoundException'{0x00000005e470c698}> (0x00000005e470c698) 
thrown [./src/hotspot/share/prims/jni.cpp, line 520]
Event: 48,613 Thread 0x0000758d005da470 Implicit null exception at 0x0000758cf05e5626 to 0x0000758cf05e591c
Event: 48,614 Thread 0x0000758d005da470 Implicit null exception at 0x0000758cf04f7bbd to 0x0000758cf04f7c20
Event: 53,041 Thread 0x0000758d005da470 Exception <a 'java/io/FileNotFoundException'{0x00000005e399bf00}> (0x00000005e399bf00) 
thrown [./src/hotspot/share/prims/jni.cpp, line 520]
Event: 55,206 Thread 0x0000758d005da470 Implicit null exception at 0x0000758cf0685985 to 0x0000758cf0685a44
Event: 55,281 Thread 0x0000758d005da470 Implicit null exception at 0x0000758cf0687e91 to 0x0000758cf06887a0

ZGC Phase Switch (0 events):
No events

VM Operations (20 events):
Event: 257,452 Executing VM operation: G1CollectForAllocation (G1 Evacuation Pause)
Event: 257,453 Executing VM operation: G1CollectForAllocation (G1 Evacuation Pause) done
Event: 257,550 Executing VM operation: G1CollectForAllocation (G1 Evacuation Pause)
Event: 257,550 Executing VM operation: G1CollectForAllocation (G1 Evacuation Pause) done
Event: 257,648 Executing VM operation: G1CollectForAllocation (G1 Evacuation Pause)
Event: 257,648 Executing VM operation: G1CollectForAllocation (G1 Evacuation Pause) done
Event: 257,744 Executing VM operation: G1CollectForAllocation (G1 Evacuation Pause)
Event: 257,744 Executing VM operation: G1CollectForAllocation (G1 Evacuation Pause) done
Event: 257,839 Executing VM operation: G1CollectForAllocation (G1 Evacuation Pause)
Event: 257,839 Executing VM operation: G1CollectForAllocation (G1 Evacuation Pause) done
Event: 257,933 Executing VM operation: G1CollectForAllocation (G1 Evacuation Pause)
Event: 257,934 Executing VM operation: G1CollectForAllocation (G1 Evacuation Pause) done
Event: 258,025 Executing VM operation: G1CollectForAllocation (G1 Evacuation Pause)
Event: 258,026 Executing VM operation: G1CollectForAllocation (G1 Evacuation Pause) done
Event: 258,118 Executing VM operation: G1CollectForAllocation (G1 Evacuation Pause)
Event: 258,118 Executing VM operation: G1CollectForAllocation (G1 Evacuation Pause) done
Event: 258,219 Executing VM operation: G1CollectForAllocation (G1 Evacuation Pause)
Event: 258,219 Executing VM operation: G1CollectForAllocation (G1 Evacuation Pause) done
Event: 258,315 Executing VM operation: G1CollectForAllocation (G1 Evacuation Pause)
Event: 258,315 Executing VM operation: G1CollectForAllocation (G1 Evacuation Pause) done

Memory protections (20 events):
Event: 53,614 Protecting memory [0x0000758bddc15000,0x0000758bddc19000] with protection modes 0
Event: 53,814 Protecting memory [0x0000758bdd7fd000,0x0000758bdd801000] with protection modes 0
Event: 54,010 Protecting memory [0x0000758bdd6fd000,0x0000758bdd701000] with protection modes 0
Event: 54,212 Protecting memory [0x0000758bdd4fd000,0x0000758bdd501000] with protection modes 0
Event: 54,413 Protecting memory [0x0000758bdcdfd000,0x0000758bdce01000] with protection modes 0
Event: 54,610 Protecting memory [0x0000758bdccfd000,0x0000758bdcd01000] with protection modes 0
Event: 54,806 Protecting memory [0x0000758bdc3fc000,0x0000758bdc400000] with protection modes 0
Event: 55,017 Protecting memory [0x0000758bdc2fc000,0x0000758bdc300000] with protection modes 0
Event: 55,143 Protecting memory [0x0000758c0c27c000,0x0000758c0c280000] with protection modes 0
Event: 55,143 Protecting memory [0x0000758bb3f00000,0x0000758bb3f04000] with protection modes 0
Event: 55,145 Protecting memory [0x0000758bac6f8000,0x0000758bac6fc000] with protection modes 0
Event: 55,145 Protecting memory [0x0000758bac5f8000,0x0000758bac5fc000] with protection modes 0
Event: 55,145 Protecting memory [0x0000758bac4f8000,0x0000758bac4fc000] with protection modes 0
Event: 55,315 Protecting memory [0x0000758bdeefe000,0x0000758bdef02000] with protection modes 0
Event: 55,412 Protecting memory [0x0000758bac1dc000,0x0000758bac1e0000] with protection modes 0
Event: 55,606 Protecting memory [0x0000758bac0dc000,0x0000758bac0e0000] with protection modes 0
Event: 55,816 Protecting memory [0x0000758bac6f8000,0x0000758bac6fc000] with protection modes 0
Event: 88,601 Protecting memory [0x0000758ca342f000,0x0000758ca3433000] with protection modes 0
Event: 88,601 Protecting memory [0x0000758ca382f000,0x0000758ca3833000] with protection modes 0
Event: 88,601 Protecting memory [0x0000758bdd5fd000,0x0000758bdd601000] with protection modes 0

Nmethod flushes (20 events):
Event: 43,068 Thread 0x0000758d00176750 flushing osr nmethod 0x0000758ce8a03290
Event: 43,068 Thread 0x0000758d00176750 flushing osr nmethod 0x0000758ce8a04310
Event: 43,068 Thread 0x0000758d00176750 flushing  nmethod 0x0000758ce8a04e90
Event: 43,068 Thread 0x0000758d00176750 flushing osr nmethod 0x0000758ce8a05890
Event: 43,068 Thread 0x0000758d00176750 flushing  nmethod 0x0000758ce8816610
Event: 43,068 Thread 0x0000758d00176750 flushing  nmethod 0x0000758ce8817990
Event: 43,068 Thread 0x0000758d00176750 flushing  nmethod 0x0000758ce8818910
Event: 43,068 Thread 0x0000758d00176750 flushing  nmethod 0x0000758ce8819710
Event: 43,068 Thread 0x0000758d00176750 flushing  nmethod 0x0000758ce8819a90
Event: 43,068 Thread 0x0000758d00176750 flushing  nmethod 0x0000758ce881a010
Event: 43,068 Thread 0x0000758d00176750 flushing  nmethod 0x0000758ce881a410
Event: 43,068 Thread 0x0000758d00176750 flushing  nmethod 0x0000758ce881a910
Event: 43,068 Thread 0x0000758d00176750 flushing  nmethod 0x0000758ce881bb90
Event: 43,068 Thread 0x0000758d00176750 flushing  nmethod 0x0000758ce881cb10
Event: 43,068 Thread 0x0000758d00176750 flushing  nmethod 0x0000758ce890de90
Event: 43,068 Thread 0x0000758d00176750 flushing  nmethod 0x0000758ce890e810
Event: 43,068 Thread 0x0000758d00176750 flushing  nmethod 0x0000758ce8844e90
Event: 43,068 Thread 0x0000758d00176750 flushing  nmethod 0x0000758ce8848710
Event: 43,068 Thread 0x0000758d00176750 flushing  nmethod 0x0000758ce88d1f90
Event: 43,068 Thread 0x0000758d00176750 flushing  nmethod 0x0000758ce8a67710

Events (20 events):
Event: 55,145 Thread 0x0000758d001ee7f0 Thread added: 0x0000758ca891c7c0
Event: 55,315 Thread 0x0000758d005da470 Thread added: 0x0000758c787274d0
Event: 55,412 Thread 0x0000758d005da470 Thread added: 0x0000758c78733f30
Event: 55,606 Thread 0x0000758d005da470 Thread added: 0x0000758c78734840
Event: 55,608 Thread 0x0000758ca891c7c0 Thread exited: 0x0000758ca891c7c0
Event: 55,608 Thread 0x0000758ca8909f80 Thread exited: 0x0000758ca8909f80
Event: 55,610 Thread 0x0000758ca89090f0 Thread exited: 0x0000758ca89090f0
Event: 55,815 Thread 0x0000758d005da470 Thread added: 0x0000758c78735890
Event: 57,204 Thread 0x0000758c9c163bd0 Thread exited: 0x0000758c9c163bd0
Event: 57,414 Thread 0x0000758c9c162aa0 Thread exited: 0x0000758c9c162aa0
Event: 57,414 Thread 0x0000758c9c15e270 Thread exited: 0x0000758c9c15e270
Event: 60,961 Thread 0x0000758c7878e1d0 Thread exited: 0x0000758c7878e1d0
Event: 60,962 Thread 0x0000758bc8006570 Thread exited: 0x0000758bc8006570
Event: 73,063 Thread 0x0000758ba0007a30 Thread exited: 0x0000758ba0007a30
Event: 88,601 Thread 0x0000758d001efeb0 Thread added: 0x0000758c9c173770
Event: 88,601 Thread 0x0000758d001efeb0 Thread added: 0x0000758c9c174020
Event: 88,601 Thread 0x0000758d001efeb0 Thread added: 0x0000758c9c174e90
Event: 90,202 Thread 0x0000758c9c174e90 Thread exited: 0x0000758c9c174e90
Event: 90,202 Thread 0x0000758c9c174020 Thread exited: 0x0000758c9c174020
Event: 94,763 Thread 0x0000758c9c173770 Thread exited: 0x0000758c9c173770


Dynamic libraries:
5cbc00000-5ec800000 rw-p 00000000 00:00 0 
5ec800000-5f5800000 ---p 00000000 00:00 0 
5f5800000-5f6000000 rw-p 00000000 00:00 0 
5f6000000-7bdc00000 ---p 00000000 00:00 0 
7bdc00000-7be000000 rw-p 00000000 00:00 0 
7be000000-7c0000000 ---p 00000000 00:00 0 
7c0000000-7c0010000 rw-p 00000000 00:00 0 
7c0010000-7c0030000 rw-p 00000000 00:00 0 
7c0030000-7c00b0000 rw-p 00000000 00:00 0 
7c00b0000-7c0130000 rw-p 00000000 00:00 0 
7c0130000-7c0170000 rw-p 00000000 00:00 0 
7c0170000-7c0270000 rw-p 00000000 00:00 0 
7c0270000-7c03f0000 rw-p 00000000 00:00 0 
7c03f0000-7c0510000 rw-p 00000000 00:00 0 
7c0510000-800000000 ---p 00000000 00:00 0 
639e518aa000-639e518ab000 r--p 00000000 08:02 18232512                   /usr/lib/jvm/java-21-openjdk-amd64/bin/java
639e518ab000-639e518ac000 r-xp 00001000 08:02 18232512                   /usr/lib/jvm/java-21-openjdk-amd64/bin/java
639e518ac000-639e518ad000 r--p 00002000 08:02 18232512                   /usr/lib/jvm/java-21-openjdk-amd64/bin/java
639e518ad000-639e518ae000 r--p 00002000 08:02 18232512                   /usr/lib/jvm/java-21-openjdk-amd64/bin/java
639e518ae000-639e518af000 rw-p 00003000 08:02 18232512                   /usr/lib/jvm/java-21-openjdk-amd64/bin/java
639e5ff98000-639e6002f000 rw-p 00000000 00:00 0                          [heap]
7589e0eba000-7589e0ebb000 ---p 00000000 00:00 0 
7589e0ebb000-7589e16bb000 rw-p 00000000 00:00 0 
7589e16bb000-7589e16bc000 ---p 00000000 00:00 0 
7589e16bc000-7589e1ebc000 rw-p 00000000 00:00 0 
7589e1ebc000-7589e1ebd000 ---p 00000000 00:00 0 
7589e1ebd000-7589e26bd000 rw-p 00000000 00:00 0 
7589e26bd000-7589e26be000 ---p 00000000 00:00 0 
7589e26be000-7589e2ebe000 rw-p 00000000 00:00 0 
7589e2ebe000-7589e2ebf000 ---p 00000000 00:00 0 
7589e2ebf000-7589e36bf000 rw-p 00000000 00:00 0 
7589e36bf000-7589e36c0000 ---p 00000000 00:00 0 
7589e36c0000-7589e3ec0000 rw-p 00000000 00:00 0 
7589e3ec0000-7589e3ec1000 ---p 00000000 00:00 0 
7589e3ec1000-7589e46c1000 rw-p 00000000 00:00 0 
7589e46c1000-7589e46c2000 ---p 00000000 00:00 0 
7589e46c2000-7589e4ec2000 rw-p 00000000 00:00 0 
7589e4ec2000-7589e4ec3000 ---p 00000000 00:00 0 
7589e4ec3000-7589e56c3000 rw-p 00000000 00:00 0 
7589e56c3000-7589e56c4000 ---p 00000000 00:00 0 
7589e56c4000-7589e5ec4000 rw-p 00000000 00:00 0 
7589e5ec4000-7589e5ec5000 ---p 00000000 00:00 0 
7589e5ec5000-7589e66c5000 rw-p 00000000 00:00 0 
7589e66c5000-7589e66c6000 ---p 00000000 00:00 0 
7589e66c6000-7589e6ec6000 rw-p 00000000 00:00 0 
7589e6ec6000-7589e6ec7000 ---p 00000000 00:00 0 
7589e6ec7000-7589e76c7000 rw-p 00000000 00:00 0 
7589e76c7000-7589e76c8000 ---p 00000000 00:00 0 
7589e76c8000-7589e7ec8000 rw-p 00000000 00:00 0 
7589e7ec8000-7589e7ec9000 ---p 00000000 00:00 0 
7589e7ec9000-7589e86c9000 rw-p 00000000 00:00 0 
7589e86c9000-7589e86ca000 ---p 00000000 00:00 0 
7589e86ca000-7589e8eca000 rw-p 00000000 00:00 0 
7589e8eca000-7589e8ecb000 ---p 00000000 00:00 0 
7589e8ecb000-7589e96cb000 rw-p 00000000 00:00 0 
7589e96cb000-7589e96cc000 ---p 00000000 00:00 0 
7589e96cc000-7589e9ecc000 rw-p 00000000 00:00 0 
7589e9ecc000-7589e9ecd000 ---p 00000000 00:00 0 
7589e9ecd000-7589ea6cd000 rw-p 00000000 00:00 0 
7589ea6cd000-7589ea6ce000 ---p 00000000 00:00 0 
7589ea6ce000-7589eaece000 rw-p 00000000 00:00 0 
7589eaece000-7589eaecf000 ---p 00000000 00:00 0 
7589eaecf000-7589eb6cf000 rw-p 00000000 00:00 0 
7589eb6cf000-7589eb6d0000 ---p 00000000 00:00 0 
7589eb6d0000-7589ebed0000 rw-p 00000000 00:00 0 
7589ebed0000-7589ebed1000 ---p 00000000 00:00 0 
7589ebed1000-7589ec6d1000 rw-p 00000000 00:00 0 
7589ec6d1000-7589ec6d2000 ---p 00000000 00:00 0 
7589ec6d2000-7589eced2000 rw-p 00000000 00:00 0 
7589eced2000-7589eced3000 ---p 00000000 00:00 0 
7589eced3000-7589ed6d3000 rw-p 00000000 00:00 0 
7589ed6d3000-7589ed6d4000 ---p 00000000 00:00 0 
7589ed6d4000-7589eded4000 rw-p 00000000 00:00 0 
7589eded4000-7589eded5000 ---p 00000000 00:00 0 
7589eded5000-7589ee6d5000 rw-p 00000000 00:00 0 
7589ee6d5000-7589ee6d6000 ---p 00000000 00:00 0 
7589ee6d6000-7589eeed6000 rw-p 00000000 00:00 0 
7589eeed6000-7589eeed7000 ---p 00000000 00:00 0 
7589eeed7000-7589ef6d7000 rw-p 00000000 00:00 0 
7589ef6d7000-7589ef6d8000 ---p 00000000 00:00 0 
7589ef6d8000-7589efed8000 rw-p 00000000 00:00 0 
7589efed8000-7589efed9000 ---p 00000000 00:00 0 
7589efed9000-7589f06d9000 rw-p 00000000 00:00 0 
7589f06d9000-7589f06da000 ---p 00000000 00:00 0 
7589f06da000-7589f0eda000 rw-p 00000000 00:00 0 
7589f0eda000-7589f0edb000 ---p 00000000 00:00 0 
7589f0edb000-7589f16db000 rw-p 00000000 00:00 0 
7589f16db000-7589f16dc000 ---p 00000000 00:00 0 
7589f16dc000-7589f1edc000 rw-p 00000000 00:00 0 
7589f1edc000-7589f1edd000 ---p 00000000 00:00 0 
7589f1edd000-7589f26dd000 rw-p 00000000 00:00 0 
7589f26dd000-7589f26de000 ---p 00000000 00:00 0 
7589f26de000-7589f2ede000 rw-p 00000000 00:00 0 
7589f2ede000-7589f2edf000 ---p 00000000 00:00 0 
7589f2edf000-7589f36df000 rw-p 00000000 00:00 0 
7589f36df000-7589f36e0000 ---p 00000000 00:00 0 
7589f36e0000-7589f3ee0000 rw-p 00000000 00:00 0 
7589f3ee0000-7589f3ee1000 ---p 00000000 00:00 0 
7589f3ee1000-7589f46e1000 rw-p 00000000 00:00 0 
7589f46e1000-7589f46e2000 ---p 00000000 00:00 0 
7589f46e2000-7589f4ee2000 rw-p 00000000 00:00 0 
7589f4ee2000-7589f4ee3000 ---p 00000000 00:00 0 
7589f4ee3000-7589f56e3000 rw-p 00000000 00:00 0 
7589f56e3000-7589f56e4000 ---p 00000000 00:00 0 
7589f56e4000-7589f5ee4000 rw-p 00000000 00:00 0 
7589f5ee4000-7589f5ee5000 ---p 00000000 00:00 0 
7589f5ee5000-7589f66e5000 rw-p 00000000 00:00 0 
7589f66e5000-7589f66e6000 ---p 00000000 00:00 0 
7589f66e6000-7589f6ee6000 rw-p 00000000 00:00 0 
7589f6ee6000-7589f6ee7000 ---p 00000000 00:00 0 
7589f6ee7000-7589f76e7000 rw-p 00000000 00:00 0 
7589f76e7000-7589f76e8000 ---p 00000000 00:00 0 
7589f76e8000-7589f7ee8000 rw-p 00000000 00:00 0 
7589f7ee8000-7589f7ee9000 ---p 00000000 00:00 0 
7589f7ee9000-7589f86e9000 rw-p 00000000 00:00 0 
7589f86e9000-7589f86ea000 ---p 00000000 00:00 0 
7589f86ea000-7589f8eea000 rw-p 00000000 00:00 0 
7589f8eea000-7589f8eeb000 ---p 00000000 00:00 0 
7589f8eeb000-7589f96eb000 rw-p 00000000 00:00 0 
7589f96eb000-7589f96ec000 ---p 00000000 00:00 0 
7589f96ec000-7589f9eec000 rw-p 00000000 00:00 0 
7589f9eec000-7589f9eed000 ---p 00000000 00:00 0 
7589f9eed000-7589fa6ed000 rw-p 00000000 00:00 0 
7589fa6ed000-7589fa6ee000 ---p 00000000 00:00 0 
7589fa6ee000-7589faeee000 rw-p 00000000 00:00 0 
7589faeee000-7589faeef000 ---p 00000000 00:00 0 
7589faeef000-7589fb6ef000 rw-p 00000000 00:00 0 
7589fb6ef000-7589fb6f0000 ---p 00000000 00:00 0 
7589fb6f0000-7589fbef0000 rw-p 00000000 00:00 0 
7589fbef0000-7589fbef1000 ---p 00000000 00:00 0 
7589fbef1000-7589fc6f1000 rw-p 00000000 00:00 0 
7589fc6f1000-7589fc6f2000 ---p 00000000 00:00 0 
7589fc6f2000-7589fcef2000 rw-p 00000000 00:00 0 
7589fcef2000-7589fcef3000 ---p 00000000 00:00 0 
7589fcef3000-7589fd6f3000 rw-p 00000000 00:00 0 
7589fd6f3000-7589fd6f4000 ---p 00000000 00:00 0 
7589fd6f4000-7589fdef4000 rw-p 00000000 00:00 0 
7589fdef4000-7589fdef5000 ---p 00000000 00:00 0 
7589fdef5000-7589fe6f5000 rw-p 00000000 00:00 0 
7589fe6f5000-7589fe6f6000 ---p 00000000 00:00 0 
7589fe6f6000-7589feef6000 rw-p 00000000 00:00 0 
7589feef6000-7589feef7000 ---p 00000000 00:00 0 
7589feef7000-7589ff6f7000 rw-p 00000000 00:00 0 
7589ff6f7000-7589ff6f8000 ---p 00000000 00:00 0 
7589ff6f8000-7589ffef8000 rw-p 00000000 00:00 0 
7589ffef8000-7589ffef9000 ---p 00000000 00:00 0 
7589ffef9000-758a006f9000 rw-p 00000000 00:00 0 
758a006f9000-758a006fa000 ---p 00000000 00:00 0 
758a006fa000-758a00efa000 rw-p 00000000 00:00 0 
758a00efa000-758a00efb000 ---p 00000000 00:00 0 
758a00efb000-758a016fb000 rw-p 00000000 00:00 0 
758a016fb000-758a016fc000 ---p 00000000 00:00 0 
758a016fc000-758a01efc000 rw-p 00000000 00:00 0 
758a01efc000-758a01efd000 ---p 00000000 00:00 0 
758a01efd000-758a026fd000 rw-p 00000000 00:00 0 
758a026fd000-758a026fe000 ---p 00000000 00:00 0 
758a026fe000-758a02efe000 rw-p 00000000 00:00 0 
758a02efe000-758a02eff000 ---p 00000000 00:00 0 
758a02eff000-758a036ff000 rw-p 00000000 00:00 0 
758a036ff000-758a03700000 ---p 00000000 00:00 0 
758a03700000-758a03f00000 rw-p 00000000 00:00 0 
758a03f00000-758a03f01000 ---p 00000000 00:00 0 
758a03f01000-758a04701000 rw-p 00000000 00:00 0 
758a04701000-758a04702000 ---p 00000000 00:00 0 
758a04702000-758a04f02000 rw-p 00000000 00:00 0 
758a04f02000-758a04f03000 ---p 00000000 00:00 0 
758a04f03000-758a05703000 rw-p 00000000 00:00 0 
758a05703000-758a05704000 ---p 00000000 00:00 0 
758a05704000-758a05f04000 rw-p 00000000 00:00 0 
758a05f04000-758a05f05000 ---p 00000000 00:00 0 
758a05f05000-758a06705000 rw-p 00000000 00:00 0 
758a06705000-758a06706000 ---p 00000000 00:00 0 
758a06706000-758a06f06000 rw-p 00000000 00:00 0 
758a06f06000-758a06f07000 ---p 00000000 00:00 0 
758a06f07000-758a07707000 rw-p 00000000 00:00 0 
758a07707000-758a07708000 ---p 00000000 00:00 0 
758a07708000-758a07f08000 rw-p 00000000 00:00 0 
758a07f08000-758a07f09000 ---p 00000000 00:00 0 
758a07f09000-758a08709000 rw-p 00000000 00:00 0 
758a08709000-758a0870a000 ---p 00000000 00:00 0 
758a0870a000-758a08f0a000 rw-p 00000000 00:00 0 
758a08f0a000-758a08f0b000 ---p 00000000 00:00 0 
758a08f0b000-758a0970b000 rw-p 00000000 00:00 0 
758a0970b000-758a0970c000 ---p 00000000 00:00 0 
758a0970c000-758a09f0c000 rw-p 00000000 00:00 0 
758a09f0c000-758a09f0d000 ---p 00000000 00:00 0 
758a09f0d000-758a0a70d000 rw-p 00000000 00:00 0 
758a0a70d000-758a0a70e000 ---p 00000000 00:00 0 
758a0a70e000-758a0af0e000 rw-p 00000000 00:00 0 
758a0af0e000-758a0af0f000 ---p 00000000 00:00 0 
758a0af0f000-758a0b70f000 rw-p 00000000 00:00 0 
758a0b70f000-758a0b710000 ---p 00000000 00:00 0 
758a0b710000-758a0bf10000 rw-p 00000000 00:00 0 
758a0bf10000-758a0bf11000 ---p 00000000 00:00 0 
758a0bf11000-758a0c711000 rw-p 00000000 00:00 0 
758a0c711000-758a0c712000 ---p 00000000 00:00 0 
758a0c712000-758a0cf12000 rw-p 00000000 00:00 0 
758a0cf12000-758a0cf13000 ---p 00000000 00:00 0 
758a0cf13000-758a0d713000 rw-p 00000000 00:00 0 
758a0d713000-758a0d714000 ---p 00000000 00:00 0 
758a0d714000-758a0df14000 rw-p 00000000 00:00 0 
758a0df14000-758a0df15000 ---p 00000000 00:00 0 
758a0df15000-758a0e715000 rw-p 00000000 00:00 0 
758a0e715000-758a0e716000 ---p 00000000 00:00 0 
758a0e716000-758a0ef16000 rw-p 00000000 00:00 0 
758a0ef16000-758a0ef17000 ---p 00000000 00:00 0 
758a0ef17000-758a0f717000 rw-p 00000000 00:00 0 
758a0f717000-758a0f718000 ---p 00000000 00:00 0 
758a0f718000-758a0ff18000 rw-p 00000000 00:00 0 
758a0ff18000-758a0ff19000 ---p 00000000 00:00 0 
758a0ff19000-758a10719000 rw-p 00000000 00:00 0 
758a10719000-758a1071a000 ---p 00000000 00:00 0 
758a1071a000-758a10f1a000 rw-p 00000000 00:00 0 
758a10f1a000-758a10f1b000 ---p 00000000 00:00 0 
758a10f1b000-758a1171b000 rw-p 00000000 00:00 0 
758a1171b000-758a1171c000 ---p 00000000 00:00 0 
758a1171c000-758a11f1c000 rw-p 00000000 00:00 0 
758a11f1c000-758a11f1d000 ---p 00000000 00:00 0 
758a11f1d000-758a1271d000 rw-p 00000000 00:00 0 
758a1271d000-758a1271e000 ---p 00000000 00:00 0 
758a1271e000-758a12f1e000 rw-p 00000000 00:00 0 
758a12f1e000-758a12f1f000 ---p 00000000 00:00 0 
758a12f1f000-758a1371f000 rw-p 00000000 00:00 0 
758a1371f000-758a13720000 ---p 00000000 00:00 0 
758a13720000-758a13f20000 rw-p 00000000 00:00 0 
758a13f20000-758a13f21000 ---p 00000000 00:00 0 
758a13f21000-758a14721000 rw-p 00000000 00:00 0 
758a14721000-758a14722000 ---p 00000000 00:00 0 
758a14722000-758a14f22000 rw-p 00000000 00:00 0 
758a14f22000-758a14f23000 ---p 00000000 00:00 0 
758a14f23000-758a15723000 rw-p 00000000 00:00 0 
758a15723000-758a15724000 ---p 00000000 00:00 0 
758a15724000-758a15f24000 rw-p 00000000 00:00 0 
758a15f24000-758a15f25000 ---p 00000000 00:00 0 
758a15f25000-758a16725000 rw-p 00000000 00:00 0 
758a16725000-758a16726000 ---p 00000000 00:00 0 
758a16726000-758a16f26000 rw-p 00000000 00:00 0 
758a16f26000-758a16f27000 ---p 00000000 00:00 0 
758a16f27000-758a17727000 rw-p 00000000 00:00 0 
758a17727000-758a17728000 ---p 00000000 00:00 0 
758a17728000-758a17f28000 rw-p 00000000 00:00 0 
758a17f28000-758a17f29000 ---p 00000000 00:00 0 
758a17f29000-758a18729000 rw-p 00000000 00:00 0 
758a18729000-758a1872a000 ---p 00000000 00:00 0 
758a1872a000-758a18f2a000 rw-p 00000000 00:00 0 
758a18f2a000-758a18f2b000 ---p 00000000 00:00 0 
758a18f2b000-758a1972b000 rw-p 00000000 00:00 0 
758a1972b000-758a1972c000 ---p 00000000 00:00 0 
758a1972c000-758a19f2c000 rw-p 00000000 00:00 0 
758a19f2c000-758a19f2d000 ---p 00000000 00:00 0 
758a19f2d000-758a1a72d000 rw-p 00000000 00:00 0 
758a1a72d000-758a1a72e000 ---p 00000000 00:00 0 
758a1a72e000-758a1af2e000 rw-p 00000000 00:00 0 
758a1af2e000-758a1af2f000 ---p 00000000 00:00 0 
758a1af2f000-758a1b72f000 rw-p 00000000 00:00 0 
758a1b72f000-758a1b730000 ---p 00000000 00:00 0 
758a1b730000-758a1bf30000 rw-p 00000000 00:00 0 
758a1bf30000-758a1bf31000 ---p 00000000 00:00 0 
758a1bf31000-758a1c731000 rw-p 00000000 00:00 0 
758a1c731000-758a1c732000 ---p 00000000 00:00 0 
758a1c732000-758a1cf32000 rw-p 00000000 00:00 0 
758a1cf32000-758a1cf33000 ---p 00000000 00:00 0 
758a1cf33000-758a1d733000 rw-p 00000000 00:00 0 
758a1d733000-758a1d734000 ---p 00000000 00:00 0 
758a1d734000-758a1df34000 rw-p 00000000 00:00 0 
758a1df34000-758a1df35000 ---p 00000000 00:00 0 
758a1df35000-758a1e735000 rw-p 00000000 00:00 0 
758a1e735000-758a1e736000 ---p 00000000 00:00 0 
758a1e736000-758a1ef36000 rw-p 00000000 00:00 0 
758a1ef36000-758a1ef37000 ---p 00000000 00:00 0 
758a1ef37000-758a1f737000 rw-p 00000000 00:00 0 
758a1f737000-758a1f738000 ---p 00000000 00:00 0 
758a1f738000-758a1ff38000 rw-p 00000000 00:00 0 
758a1ff38000-758a1ff39000 ---p 00000000 00:00 0 
758a1ff39000-758a20739000 rw-p 00000000 00:00 0 
758a20739000-758a2073a000 ---p 00000000 00:00 0 
758a2073a000-758a20f3a000 rw-p 00000000 00:00 0 
758a20f3a000-758a20f3b000 ---p 00000000 00:00 0 
758a20f3b000-758a2173b000 rw-p 00000000 00:00 0 
758a2173b000-758a2173c000 ---p 00000000 00:00 0 
758a2173c000-758a21f3c000 rw-p 00000000 00:00 0 
758a21f3c000-758a21f3d000 ---p 00000000 00:00 0 
758a21f3d000-758a2273d000 rw-p 00000000 00:00 0 
758a2273d000-758a2273e000 ---p 00000000 00:00 0 
758a2273e000-758a22f3e000 rw-p 00000000 00:00 0 
758a22f3e000-758a22f3f000 ---p 00000000 00:00 0 
758a22f3f000-758a2373f000 rw-p 00000000 00:00 0 
758a2373f000-758a23740000 ---p 00000000 00:00 0 
758a23740000-758a23f40000 rw-p 00000000 00:00 0 
758a23f40000-758a23f41000 ---p 00000000 00:00 0 
758a23f41000-758a24741000 rw-p 00000000 00:00 0 
758a24741000-758a24742000 ---p 00000000 00:00 0 
758a24742000-758a24f42000 rw-p 00000000 00:00 0 
758a24f42000-758a24f43000 ---p 00000000 00:00 0 
758a24f43000-758a25743000 rw-p 00000000 00:00 0 
758a25743000-758a25744000 ---p 00000000 00:00 0 
758a25744000-758a25f44000 rw-p 00000000 00:00 0 
758a25f44000-758a25f45000 ---p 00000000 00:00 0 
758a25f45000-758a26745000 rw-p 00000000 00:00 0 
758a26745000-758a26746000 ---p 00000000 00:00 0 
758a26746000-758a26f46000 rw-p 00000000 00:00 0 
758a26f46000-758a26f47000 ---p 00000000 00:00 0 
758a26f47000-758a27747000 rw-p 00000000 00:00 0 
758a27747000-758a27748000 ---p 00000000 00:00 0 
758a27748000-758a27f48000 rw-p 00000000 00:00 0 
758a27f48000-758a27f49000 ---p 00000000 00:00 0 
758a27f49000-758a28749000 rw-p 00000000 00:00 0 
758a28749000-758a2874a000 ---p 00000000 00:00 0 
758a2874a000-758a28f4a000 rw-p 00000000 00:00 0 
758a28f4a000-758a28f4b000 ---p 00000000 00:00 0 
758a28f4b000-758a2974b000 rw-p 00000000 00:00 0 
758a2974b000-758a2974c000 ---p 00000000 00:00 0 
758a2974c000-758a29f4c000 rw-p 00000000 00:00 0 
758a29f4c000-758a29f4d000 ---p 00000000 00:00 0 
758a29f4d000-758a2a74d000 rw-p 00000000 00:00 0 
758a2a74d000-758a2a74e000 ---p 00000000 00:00 0 
758a2a74e000-758a2af4e000 rw-p 00000000 00:00 0 
758a2af4e000-758a2af4f000 ---p 00000000 00:00 0 
758a2af4f000-758a2b74f000 rw-p 00000000 00:00 0 
758a2b74f000-758a2b750000 ---p 00000000 00:00 0 
758a2b750000-758a2bf50000 rw-p 00000000 00:00 0 
758a2bf50000-758a2bf51000 ---p 00000000 00:00 0 
758a2bf51000-758a2c751000 rw-p 00000000 00:00 0 
758a2c751000-758a2c752000 ---p 00000000 00:00 0 
758a2c752000-758a2cf52000 rw-p 00000000 00:00 0 
758a2cf52000-758a2cf53000 ---p 00000000 00:00 0 
758a2cf53000-758a2d753000 rw-p 00000000 00:00 0 
758a2d753000-758a2d754000 ---p 00000000 00:00 0 
758a2d754000-758a2df54000 rw-p 00000000 00:00 0 
758a2df54000-758a2df55000 ---p 00000000 00:00 0 
758a2df55000-758a2e755000 rw-p 00000000 00:00 0 
758a2e755000-758a2e756000 ---p 00000000 00:00 0 
758a2e756000-758a2ef56000 rw-p 00000000 00:00 0 
758a2ef56000-758a2ef57000 ---p 00000000 00:00 0 
758a2ef57000-758a2f757000 rw-p 00000000 00:00 0 
758a2f757000-758a2f758000 ---p 00000000 00:00 0 
758a2f758000-758a2ff58000 rw-p 00000000 00:00 0 
758a2ff58000-758a2ff59000 ---p 00000000 00:00 0 
758a2ff59000-758a30759000 rw-p 00000000 00:00 0 
758a30759000-758a3075a000 ---p 00000000 00:00 0 
758a3075a000-758a30f5a000 rw-p 00000000 00:00 0 
758a30f5a000-758a30f5b000 ---p 00000000 00:00 0 
758a30f5b000-758a3175b000 rw-p 00000000 00:00 0 
758a3175b000-758a3175c000 ---p 00000000 00:00 0 
758a3175c000-758a31f5c000 rw-p 00000000 00:00 0 
758a31f5c000-758a31f5d000 ---p 00000000 00:00 0 
758a31f5d000-758a3275d000 rw-p 00000000 00:00 0 
758a3275d000-758a3275e000 ---p 00000000 00:00 0 
758a3275e000-758a32f5e000 rw-p 00000000 00:00 0 
758a32f5e000-758a32f5f000 ---p 00000000 00:00 0 
758a32f5f000-758a3375f000 rw-p 00000000 00:00 0 
758a3375f000-758a33760000 ---p 00000000 00:00 0 
758a33760000-758a33f60000 rw-p 00000000 00:00 0 
758a33f60000-758a33f61000 ---p 00000000 00:00 0 
758a33f61000-758a34761000 rw-p 00000000 00:00 0 
758a34761000-758a34762000 ---p 00000000 00:00 0 
758a34762000-758a34f62000 rw-p 00000000 00:00 0 
758a34f62000-758a34f63000 ---p 00000000 00:00 0 
758a34f63000-758a35763000 rw-p 00000000 00:00 0 
758a35763000-758a35764000 ---p 00000000 00:00 0 
758a35764000-758a35f64000 rw-p 00000000 00:00 0 
758a35f64000-758a35f65000 ---p 00000000 00:00 0 
758a35f65000-758a36765000 rw-p 00000000 00:00 0 
758a36765000-758a36766000 ---p 00000000 00:00 0 
758a36766000-758a36f66000 rw-p 00000000 00:00 0 
758a36f66000-758a36f67000 ---p 00000000 00:00 0 
758a36f67000-758a37767000 rw-p 00000000 00:00 0 
758a37767000-758a37768000 ---p 00000000 00:00 0 
758a37768000-758a37f68000 rw-p 00000000 00:00 0 
758a37f68000-758a37f69000 ---p 00000000 00:00 0 
758a37f69000-758a38769000 rw-p 00000000 00:00 0 
758a38769000-758a3876a000 ---p 00000000 00:00 0 
758a3876a000-758a38f6a000 rw-p 00000000 00:00 0 
758a38f6a000-758a38f6b000 ---p 00000000 00:00 0 
758a38f6b000-758a3976b000 rw-p 00000000 00:00 0 
758a3976b000-758a3976c000 ---p 00000000 00:00 0 
758a3976c000-758a39f6c000 rw-p 00000000 00:00 0 
758a39f6c000-758a39f6d000 ---p 00000000 00:00 0 
758a39f6d000-758a3a76d000 rw-p 00000000 00:00 0 
758a3a76d000-758a3a76e000 ---p 00000000 00:00 0 
758a3a76e000-758a3af6e000 rw-p 00000000 00:00 0 
758a3af6e000-758a3af6f000 ---p 00000000 00:00 0 
758a3af6f000-758a3b76f000 rw-p 00000000 00:00 0 
758a3b76f000-758a3b770000 ---p 00000000 00:00 0 
758a3b770000-758a3bf70000 rw-p 00000000 00:00 0 
758a3bf70000-758a3bf71000 ---p 00000000 00:00 0 
758a3bf71000-758a3c771000 rw-p 00000000 00:00 0 
758a3c771000-758a3c772000 ---p 00000000 00:00 0 
758a3c772000-758a3cf72000 rw-p 00000000 00:00 0 
758a3cf72000-758a3cf73000 ---p 00000000 00:00 0 
758a3cf73000-758a3d773000 rw-p 00000000 00:00 0 
758a3d773000-758a3d774000 ---p 00000000 00:00 0 
758a3d774000-758a3df74000 rw-p 00000000 00:00 0 
758a3df74000-758a3df75000 ---p 00000000 00:00 0 
758a3df75000-758a3e775000 rw-p 00000000 00:00 0 
758a3e775000-758a3e776000 ---p 00000000 00:00 0 
758a3e776000-758a3ef76000 rw-p 00000000 00:00 0 
758a3ef76000-758a3ef77000 ---p 00000000 00:00 0 
758a3ef77000-758a3f777000 rw-p 00000000 00:00 0 
758a3f777000-758a3f778000 ---p 00000000 00:00 0 
758a3f778000-758a3ff78000 rw-p 00000000 00:00 0 
758a3ff78000-758a3ff79000 ---p 00000000 00:00 0 
758a3ff79000-758a40779000 rw-p 00000000 00:00 0 
758a40779000-758a4077a000 ---p 00000000 00:00 0 
758a4077a000-758a40f7a000 rw-p 00000000 00:00 0 
758a40f7a000-758a40f7b000 ---p 00000000 00:00 0 
758a40f7b000-758a4177b000 rw-p 00000000 00:00 0 
758a4177b000-758a4177c000 ---p 00000000 00:00 0 
758a4177c000-758a41f7c000 rw-p 00000000 00:00 0 
758a41f7c000-758a41f7d000 ---p 00000000 00:00 0 
758a41f7d000-758a4277d000 rw-p 00000000 00:00 0 
758a4277d000-758a4277e000 ---p 00000000 00:00 0 
758a4277e000-758a42f7e000 rw-p 00000000 00:00 0 
758a42f7e000-758a42f7f000 ---p 00000000 00:00 0 
758a42f7f000-758a4377f000 rw-p 00000000 00:00 0 
758a4377f000-758a43780000 ---p 00000000 00:00 0 
758a43780000-758a43f80000 rw-p 00000000 00:00 0 
758a43f80000-758a43f81000 ---p 00000000 00:00 0 
758a43f81000-758a44781000 rw-p 00000000 00:00 0 
758a44781000-758a44782000 ---p 00000000 00:00 0 
758a44782000-758a44f82000 rw-p 00000000 00:00 0 
758a44f82000-758a44f83000 ---p 00000000 00:00 0 
758a44f83000-758a45783000 rw-p 00000000 00:00 0 
758a45783000-758a45784000 ---p 00000000 00:00 0 
758a45784000-758a45f84000 rw-p 00000000 00:00 0 
758a45f84000-758a45f85000 ---p 00000000 00:00 0 
758a45f85000-758a46785000 rw-p 00000000 00:00 0 
758a46785000-758a46786000 ---p 00000000 00:00 0 
758a46786000-758a46f86000 rw-p 00000000 00:00 0 
758a46f86000-758a46f87000 ---p 00000000 00:00 0 
758a46f87000-758a47787000 rw-p 00000000 00:00 0 
758a47787000-758a47788000 ---p 00000000 00:00 0 
758a47788000-758a47f88000 rw-p 00000000 00:00 0 
758a47f88000-758a47f89000 ---p 00000000 00:00 0 
758a47f89000-758a48789000 rw-p 00000000 00:00 0 
758a48789000-758a4878a000 ---p 00000000 00:00 0 
758a4878a000-758a48f8a000 rw-p 00000000 00:00 0 
758a48f8a000-758a48f8b000 ---p 00000000 00:00 0 
758a48f8b000-758a4978b000 rw-p 00000000 00:00 0 
758a4978b000-758a4978c000 ---p 00000000 00:00 0 
758a4978c000-758a49f8c000 rw-p 00000000 00:00 0 
758a49f8c000-758a49f8d000 ---p 00000000 00:00 0 
758a49f8d000-758a4a78d000 rw-p 00000000 00:00 0 
758a4a78d000-758a4a78e000 ---p 00000000 00:00 0 
758a4a78e000-758a4af8e000 rw-p 00000000 00:00 0 
758a4af8e000-758a4af8f000 ---p 00000000 00:00 0 
758a4af8f000-758a4b78f000 rw-p 00000000 00:00 0 
758a4b78f000-758a4b790000 ---p 00000000 00:00 0 
758a4b790000-758a4bf90000 rw-p 00000000 00:00 0 
758a4bf90000-758a4bf91000 ---p 00000000 00:00 0 
758a4bf91000-758a4c791000 rw-p 00000000 00:00 0 
758a4c791000-758a4c792000 ---p 00000000 00:00 0 
758a4c792000-758a4cf92000 rw-p 00000000 00:00 0 
758a4cf92000-758a4cf93000 ---p 00000000 00:00 0 
758a4cf93000-758a4d793000 rw-p 00000000 00:00 0 
758a4d793000-758a4d794000 ---p 00000000 00:00 0 
758a4d794000-758a4df94000 rw-p 00000000 00:00 0 
758a4df94000-758a4df95000 ---p 00000000 00:00 0 
758a4df95000-758a4e795000 rw-p 00000000 00:00 0 
758a4e795000-758a4e796000 ---p 00000000 00:00 0 
758a4e796000-758a4ef96000 rw-p 00000000 00:00 0 
758a4ef96000-758a4ef97000 ---p 00000000 00:00 0 
758a4ef97000-758a4f797000 rw-p 00000000 00:00 0 
758a4f797000-758a4f798000 ---p 00000000 00:00 0 
758a4f798000-758a4ff98000 rw-p 00000000 00:00 0 
758a4ff98000-758a4ff99000 ---p 00000000 00:00 0 
758a4ff99000-758a50799000 rw-p 00000000 00:00 0 
758a50799000-758a5079a000 ---p 00000000 00:00 0 
758a5079a000-758a50f9a000 rw-p 00000000 00:00 0 
758a50f9a000-758a50f9b000 ---p 00000000 00:00 0 
758a50f9b000-758a5179b000 rw-p 00000000 00:00 0 
758a5179b000-758a5179c000 ---p 00000000 00:00 0 
758a5179c000-758a51f9c000 rw-p 00000000 00:00 0 
758a51f9c000-758a51f9d000 ---p 00000000 00:00 0 
758a51f9d000-758a5279d000 rw-p 00000000 00:00 0 
758a5279d000-758a5279e000 ---p 00000000 00:00 0 
758a5279e000-758a52f9e000 rw-p 00000000 00:00 0 
758a52f9e000-758a52f9f000 ---p 00000000 00:00 0 
758a52f9f000-758a5379f000 rw-p 00000000 00:00 0 
758a5379f000-758a537a0000 ---p 00000000 00:00 0 
758a537a0000-758a53fa0000 rw-p 00000000 00:00 0 
758a53fa0000-758a53fa1000 ---p 00000000 00:00 0 
758a53fa1000-758a547a1000 rw-p 00000000 00:00 0 
758a547a1000-758a547a2000 ---p 00000000 00:00 0 
758a547a2000-758a54fa2000 rw-p 00000000 00:00 0 
758a54fa2000-758a54fa3000 ---p 00000000 00:00 0 
758a54fa3000-758a557a3000 rw-p 00000000 00:00 0 
758a557a3000-758a557a4000 ---p 00000000 00:00 0 
758a557a4000-758a55fa4000 rw-p 00000000 00:00 0 
758a55fa4000-758a55fa5000 ---p 00000000 00:00 0 
758a55fa5000-758a567a5000 rw-p 00000000 00:00 0 
758a567a5000-758a567a6000 ---p 00000000 00:00 0 
758a567a6000-758a56fa6000 rw-p 00000000 00:00 0 
758a56fa6000-758a56fa7000 ---p 00000000 00:00 0 
758a56fa7000-758a577a7000 rw-p 00000000 00:00 0 
758a577a7000-758a577a8000 ---p 00000000 00:00 0 
758a577a8000-758a57fa8000 rw-p 00000000 00:00 0 
758a57fa8000-758a57fa9000 ---p 00000000 00:00 0 
758a57fa9000-758a587a9000 rw-p 00000000 00:00 0 
758a587a9000-758a587aa000 ---p 00000000 00:00 0 
758a587aa000-758a58faa000 rw-p 00000000 00:00 0 
758a58faa000-758a58fab000 ---p 00000000 00:00 0 
758a58fab000-758a597ab000 rw-p 00000000 00:00 0 
758a597ab000-758a597ac000 ---p 00000000 00:00 0 
758a597ac000-758a59fac000 rw-p 00000000 00:00 0 
758a59fac000-758a59fad000 ---p 00000000 00:00 0 
758a59fad000-758a5a7ad000 rw-p 00000000 00:00 0 
758a5a7ad000-758a5a7ae000 ---p 00000000 00:00 0 
758a5a7ae000-758a5afae000 rw-p 00000000 00:00 0 
758a5afae000-758a5afaf000 ---p 00000000 00:00 0 
758a5afaf000-758a5b7af000 rw-p 00000000 00:00 0 
758a5b7af000-758a5b7b0000 ---p 00000000 00:00 0 
758a5b7b0000-758a5bfb0000 rw-p 00000000 00:00 0 
758a5bfb0000-758a5bfb1000 ---p 00000000 00:00 0 
758a5bfb1000-758a5c7b1000 rw-p 00000000 00:00 0 
758a5c7b1000-758a5c7b2000 ---p 00000000 00:00 0 
758a5c7b2000-758a5cfb2000 rw-p 00000000 00:00 0 
758a5cfb2000-758a5cfb3000 ---p 00000000 00:00 0 
758a5cfb3000-758a5d7b3000 rw-p 00000000 00:00 0 
758a5d7b3000-758a5d7b4000 ---p 00000000 00:00 0 
758a5d7b4000-758a5dfb4000 rw-p 00000000 00:00 0 
758a5dfb4000-758a5dfb5000 ---p 00000000 00:00 0 
758a5dfb5000-758a5e7b5000 rw-p 00000000 00:00 0 
758a5e7b5000-758a5e7b6000 ---p 00000000 00:00 0 
758a5e7b6000-758a5efb6000 rw-p 00000000 00:00 0 
758a5efb6000-758a5efb7000 ---p 00000000 00:00 0 
758a5efb7000-758a5f7b7000 rw-p 00000000 00:00 0 
758a5f7b7000-758a5f7b8000 ---p 00000000 00:00 0 
758a5f7b8000-758a5ffb8000 rw-p 00000000 00:00 0 
758a5ffb8000-758a5ffb9000 ---p 00000000 00:00 0 
758a5ffb9000-758a607b9000 rw-p 00000000 00:00 0 
758a607b9000-758a607ba000 ---p 00000000 00:00 0 
758a607ba000-758a60fba000 rw-p 00000000 00:00 0 
758a60fba000-758a60fbb000 ---p 00000000 00:00 0 
758a60fbb000-758a617bb000 rw-p 00000000 00:00 0 
758a617bb000-758a617bc000 ---p 00000000 00:00 0 
758a617bc000-758a61fbc000 rw-p 00000000 00:00 0 
758a61fbc000-758a61fbd000 ---p 00000000 00:00 0 
758a61fbd000-758a627bd000 rw-p 00000000 00:00 0 
758a627bd000-758a627be000 ---p 00000000 00:00 0 
758a627be000-758a62fbe000 rw-p 00000000 00:00 0 
758a62fbe000-758a62fbf000 ---p 00000000 00:00 0 
758a62fbf000-758a637bf000 rw-p 00000000 00:00 0 
758a637bf000-758a637c0000 ---p 00000000 00:00 0 
758a637c0000-758a63fc0000 rw-p 00000000 00:00 0 
758a63fc0000-758a63fc1000 ---p 00000000 00:00 0 
758a63fc1000-758a647c1000 rw-p 00000000 00:00 0 
758a647c1000-758a647c2000 ---p 00000000 00:00 0 
758a647c2000-758a64fc2000 rw-p 00000000 00:00 0 
758a64fc2000-758a64fc3000 ---p 00000000 00:00 0 
758a64fc3000-758a657c3000 rw-p 00000000 00:00 0 
758a657c3000-758a657c4000 ---p 00000000 00:00 0 
758a657c4000-758a65fc4000 rw-p 00000000 00:00 0 
758a65fc4000-758a65fc5000 ---p 00000000 00:00 0 
758a65fc5000-758a667c5000 rw-p 00000000 00:00 0 
758a667c5000-758a667c6000 ---p 00000000 00:00 0 
758a667c6000-758a66fc6000 rw-p 00000000 00:00 0 
758a66fc6000-758a66fc7000 ---p 00000000 00:00 0 
758a66fc7000-758a677c7000 rw-p 00000000 00:00 0 
758a677c7000-758a677c8000 ---p 00000000 00:00 0 
758a677c8000-758a67fc8000 rw-p 00000000 00:00 0 
758a67fc8000-758a67fc9000 ---p 00000000 00:00 0 
758a67fc9000-758a687c9000 rw-p 00000000 00:00 0 
758a687c9000-758a687ca000 ---p 00000000 00:00 0 
758a687ca000-758a68fca000 rw-p 00000000 00:00 0 
758a68fca000-758a68fcb000 ---p 00000000 00:00 0 
758a68fcb000-758a697cb000 rw-p 00000000 00:00 0 
758a697cb000-758a697cc000 ---p 00000000 00:00 0 
758a697cc000-758a69fcc000 rw-p 00000000 00:00 0 
758a69fcc000-758a69fcd000 ---p 00000000 00:00 0 
758a69fcd000-758a6a7cd000 rw-p 00000000 00:00 0 
758a6a7cd000-758a6a7ce000 ---p 00000000 00:00 0 
758a6a7ce000-758a6afce000 rw-p 00000000 00:00 0 
758a6afce000-758a6afcf000 ---p 00000000 00:00 0 
758a6afcf000-758a6b7cf000 rw-p 00000000 00:00 0 
758a6b7cf000-758a6b7d0000 ---p 00000000 00:00 0 
758a6b7d0000-758a6bfd0000 rw-p 00000000 00:00 0 
758a6bfd0000-758a6bfd1000 ---p 00000000 00:00 0 
758a6bfd1000-758a6c7d1000 rw-p 00000000 00:00 0 
758a6c7d1000-758a6c7d2000 ---p 00000000 00:00 0 
758a6c7d2000-758a6cfd2000 rw-p 00000000 00:00 0 
758a6cfd2000-758a6cfd3000 ---p 00000000 00:00 0 
758a6cfd3000-758a6d7d3000 rw-p 00000000 00:00 0 
758a6d7d3000-758a6d7d4000 ---p 00000000 00:00 0 
758a6d7d4000-758a6dfd4000 rw-p 00000000 00:00 0 
758a6dfd4000-758a6dfd5000 ---p 00000000 00:00 0 
758a6dfd5000-758a6e7d5000 rw-p 00000000 00:00 0 
758a6e7d5000-758a6e7d6000 ---p 00000000 00:00 0 
758a6e7d6000-758a6efd6000 rw-p 00000000 00:00 0 
758a6efd6000-758a6efd7000 ---p 00000000 00:00 0 
758a6efd7000-758a6f7d7000 rw-p 00000000 00:00 0 
758a6f7d7000-758a6f7d8000 ---p 00000000 00:00 0 
758a6f7d8000-758a6ffd8000 rw-p 00000000 00:00 0 
758a6ffd8000-758a6ffd9000 ---p 00000000 00:00 0 
758a6ffd9000-758a707d9000 rw-p 00000000 00:00 0 
758a707d9000-758a707da000 ---p 00000000 00:00 0 
758a707da000-758a70fda000 rw-p 00000000 00:00 0 
758a70fda000-758a70fdb000 ---p 00000000 00:00 0 
758a70fdb000-758a717db000 rw-p 00000000 00:00 0 
758a717db000-758a717dc000 ---p 00000000 00:00 0 
758a717dc000-758a71fdc000 rw-p 00000000 00:00 0 
758a71fdc000-758a71fdd000 ---p 00000000 00:00 0 
758a71fdd000-758a727dd000 rw-p 00000000 00:00 0 
758a727dd000-758a727de000 ---p 00000000 00:00 0 
758a727de000-758a72fde000 rw-p 00000000 00:00 0 
758a72fde000-758a72fdf000 ---p 00000000 00:00 0 
758a72fdf000-758a737df000 rw-p 00000000 00:00 0 
758a737df000-758a737e0000 ---p 00000000 00:00 0 
758a737e0000-758a73fe0000 rw-p 00000000 00:00 0 
758a73fe0000-758a73fe1000 ---p 00000000 00:00 0 
758a73fe1000-758a747e1000 rw-p 00000000 00:00 0 
758a747e1000-758a747e2000 ---p 00000000 00:00 0 
758a747e2000-758a74fe2000 rw-p 00000000 00:00 0 
758a74fe2000-758a74fe3000 ---p 00000000 00:00 0 
758a74fe3000-758a757e3000 rw-p 00000000 00:00 0 
758a757e3000-758a757e4000 ---p 00000000 00:00 0 
758a757e4000-758a75fe4000 rw-p 00000000 00:00 0 
758a75fe4000-758a75fe5000 ---p 00000000 00:00 0 
758a75fe5000-758a767e5000 rw-p 00000000 00:00 0 
758a767e5000-758a767e6000 ---p 00000000 00:00 0 
758a767e6000-758a76fe6000 rw-p 00000000 00:00 0 
758a76fe6000-758a76fe7000 ---p 00000000 00:00 0 
758a76fe7000-758a777e7000 rw-p 00000000 00:00 0 
758a777e7000-758a777e8000 ---p 00000000 00:00 0 
758a777e8000-758a77fe8000 rw-p 00000000 00:00 0 
758a77fe8000-758a77fe9000 ---p 00000000 00:00 0 
758a77fe9000-758a787e9000 rw-p 00000000 00:00 0 
758a787e9000-758a787ea000 ---p 00000000 00:00 0 
758a787ea000-758a78fea000 rw-p 00000000 00:00 0 
758a78fea000-758a78feb000 ---p 00000000 00:00 0 
758a78feb000-758a797eb000 rw-p 00000000 00:00 0 
758a797eb000-758a797ec000 ---p 00000000 00:00 0 
758a797ec000-758a79fec000 rw-p 00000000 00:00 0 
758a79fec000-758a79fed000 ---p 00000000 00:00 0 
758a79fed000-758a7a7ed000 rw-p 00000000 00:00 0 
758a7a7ed000-758a7a7ee000 ---p 00000000 00:00 0 
758a7a7ee000-758a7afee000 rw-p 00000000 00:00 0 
758a7afee000-758a7afef000 ---p 00000000 00:00 0 
758a7afef000-758a7b7ef000 rw-p 00000000 00:00 0 
758a7b7ef000-758a7b7f0000 ---p 00000000 00:00 0 
758a7b7f0000-758a7bff0000 rw-p 00000000 00:00 0 
758a7bff0000-758a7bff1000 ---p 00000000 00:00 0 
758a7bff1000-758a7c7f1000 rw-p 00000000 00:00 0 
758a7c7f1000-758a7c7f2000 ---p 00000000 00:00 0 
758a7c7f2000-758a7cff2000 rw-p 00000000 00:00 0 
758a7cff2000-758a7cff3000 ---p 00000000 00:00 0 
758a7cff3000-758a7d7f3000 rw-p 00000000 00:00 0 
758a7d7f3000-758a7d7f4000 ---p 00000000 00:00 0 
758a7d7f4000-758a7dff4000 rw-p 00000000 00:00 0 
758a7dff4000-758a7dff5000 ---p 00000000 00:00 0 
758a7dff5000-758a7e7f5000 rw-p 00000000 00:00 0 
758a7e7f5000-758a7e7f6000 ---p 00000000 00:00 0 
758a7e7f6000-758a7eff6000 rw-p 00000000 00:00 0 
758a7eff6000-758a7eff7000 ---p 00000000 00:00 0 
758a7eff7000-758a7f7f7000 rw-p 00000000 00:00 0 
758a7f7f7000-758a7f7f8000 ---p 00000000 00:00 0 
758a7f7f8000-758a7fff8000 rw-p 00000000 00:00 0 
758a7fff8000-758a7fff9000 ---p 00000000 00:00 0 
758a7fff9000-758a807f9000 rw-p 00000000 00:00 0 
758a807f9000-758a807fa000 ---p 00000000 00:00 0 
758a807fa000-758a80ffa000 rw-p 00000000 00:00 0 
758a80ffa000-758a80ffb000 ---p 00000000 00:00 0 
758a80ffb000-758a817fb000 rw-p 00000000 00:00 0 
758a817fb000-758a817fc000 ---p 00000000 00:00 0 
758a817fc000-758a81ffc000 rw-p 00000000 00:00 0 
758a81ffc000-758a81ffd000 ---p 00000000 00:00 0 
758a81ffd000-758a827fd000 rw-p 00000000 00:00 0 
758a827fd000-758a827fe000 ---p 00000000 00:00 0 
758a827fe000-758a82ffe000 rw-p 00000000 00:00 0 
758a82ffe000-758a82fff000 ---p 00000000 00:00 0 
758a82fff000-758a837ff000 rw-p 00000000 00:00 0 
758a837ff000-758a83800000 ---p 00000000 00:00 0 
758a83800000-758a84000000 rw-p 00000000 00:00 0 
758a84000000-758a8406c000 rw-p 00000000 00:00 0 
758a8406c000-758a88000000 ---p 00000000 00:00 0 
758a887f9000-758a887fa000 ---p 00000000 00:00 0 
758a887fa000-758a88ffa000 rw-p 00000000 00:00 0 
758a88ffa000-758a88ffb000 ---p 00000000 00:00 0 
758a88ffb000-758a897fb000 rw-p 00000000 00:00 0 
758a897fb000-758a897fc000 ---p 00000000 00:00 0 
758a897fc000-758a89ffc000 rw-p 00000000 00:00 0 
758a89ffc000-758a89ffd000 ---p 00000000 00:00 0 
758a89ffd000-758a8a7fd000 rw-p 00000000 00:00 0 
758a8a7fd000-758a8a7fe000 ---p 00000000 00:00 0 
758a8a7fe000-758a8affe000 rw-p 00000000 00:00 0 
758a8affe000-758a8afff000 ---p 00000000 00:00 0 
758a8afff000-758a8b7ff000 rw-p 00000000 00:00 0 
758a8b7ff000-758a8b800000 ---p 00000000 00:00 0 
758a8b800000-758a8c000000 rw-p 00000000 00:00 0 
758a8c000000-758a8c06c000 rw-p 00000000 00:00 0 
758a8c06c000-758a90000000 ---p 00000000 00:00 0 
758a90000000-758a9013f000 rw-p 00000000 00:00 0 
758a9013f000-758a94000000 ---p 00000000 00:00 0 
758a94000000-758a9406c000 rw-p 00000000 00:00 0 
758a9406c000-758a98000000 ---p 00000000 00:00 0 
758a987f9000-758a987fa000 ---p 00000000 00:00 0 
758a987fa000-758a98ffa000 rw-p 00000000 00:00 0 
758a98ffa000-758a98ffb000 ---p 00000000 00:00 0 
758a98ffb000-758a997fb000 rw-p 00000000 00:00 0 
758a997fb000-758a997fc000 ---p 00000000 00:00 0 
758a997fc000-758a99ffc000 rw-p 00000000 00:00 0 
758a99ffc000-758a99ffd000 ---p 00000000 00:00 0 
758a99ffd000-758a9a7fd000 rw-p 00000000 00:00 0 
758a9a7fd000-758a9a7fe000 ---p 00000000 00:00 0 
758a9a7fe000-758a9affe000 rw-p 00000000 00:00 0 
758a9affe000-758a9afff000 ---p 00000000 00:00 0 
758a9afff000-758a9b7ff000 rw-p 00000000 00:00 0 
758a9b7ff000-758a9b800000 ---p 00000000 00:00 0 
758a9b800000-758a9c000000 rw-p 00000000 00:00 0 
758a9c000000-758a9c021000 rw-p 00000000 00:00 0 
758a9c021000-758aa0000000 ---p 00000000 00:00 0 
758aa07f9000-758aa07fa000 ---p 00000000 00:00 0 
758aa07fa000-758aa0ffa000 rw-p 00000000 00:00 0 
758aa0ffa000-758aa0ffb000 ---p 00000000 00:00 0 
758aa0ffb000-758aa17fb000 rw-p 00000000 00:00 0 
758aa17fb000-758aa17fc000 ---p 00000000 00:00 0 
758aa17fc000-758aa1ffc000 rw-p 00000000 00:00 0 
758aa1ffc000-758aa1ffd000 ---p 00000000 00:00 0 
758aa1ffd000-758aa27fd000 rw-p 00000000 00:00 0 
758aa27fd000-758aa27fe000 ---p 00000000 00:00 0 
758aa27fe000-758aa2ffe000 rw-p 00000000 00:00 0 
758aa2ffe000-758aa2fff000 ---p 00000000 00:00 0 
758aa2fff000-758aa37ff000 rw-p 00000000 00:00 0 
758aa37ff000-758aa3800000 ---p 00000000 00:00 0 
758aa3800000-758aa4000000 rw-p 00000000 00:00 0 
758aa4000000-758aa40d8000 rw-p 00000000 00:00 0 
758aa40d8000-758aa8000000 ---p 00000000 00:00 0 
758aa8000000-758aa806c000 rw-p 00000000 00:00 0 
758aa806c000-758aac000000 ---p 00000000 00:00 0 
758aac7f9000-758aac7fa000 ---p 00000000 00:00 0 
758aac7fa000-758aacffa000 rw-p 00000000 00:00 0 
758aacffa000-758aacffb000 ---p 00000000 00:00 0 
758aacffb000-758aad7fb000 rw-p 00000000 00:00 0 
758aad7fb000-758aad7fc000 ---p 00000000 00:00 0 
758aad7fc000-758aadffc000 rw-p 00000000 00:00 0 
758aadffc000-758aadffd000 ---p 00000000 00:00 0 
758aadffd000-758aae7fd000 rw-p 00000000 00:00 0 
758aae7fd000-758aae7fe000 ---p 00000000 00:00 0 
758aae7fe000-758aaeffe000 rw-p 00000000 00:00 0 
758aaeffe000-758aaefff000 ---p 00000000 00:00 0 
758aaefff000-758aaf7ff000 rw-p 00000000 00:00 0 
758aaf7ff000-758aaf800000 ---p 00000000 00:00 0 
758aaf800000-758ab0000000 rw-p 00000000 00:00 0 
758ab0000000-758ab013f000 rw-p 00000000 00:00 0 
758ab013f000-758ab4000000 ---p 00000000 00:00 0 
758ab4000000-758ab43e0000 rw-p 00000000 00:00 0 
758ab43e0000-758ab8000000 ---p 00000000 00:00 0 
758ab8000000-758ab82fd000 rw-p 00000000 00:00 0 
758ab82fd000-758abc000000 ---p 00000000 00:00 0 
758abc000000-758abc06c000 rw-p 00000000 00:00 0 
758abc06c000-758ac0000000 ---p 00000000 00:00 0 
758ac0000000-758ac00d6000 rw-p 00000000 00:00 0 
758ac00d6000-758ac4000000 ---p 00000000 00:00 0 
758ac47f9000-758ac47fa000 ---p 00000000 00:00 0 
758ac47fa000-758ac4ffa000 rw-p 00000000 00:00 0 
758ac4ffa000-758ac4ffb000 ---p 00000000 00:00 0 
758ac4ffb000-758ac57fb000 rw-p 00000000 00:00 0 
758ac57fb000-758ac57fc000 ---p 00000000 00:00 0 
758ac57fc000-758ac5ffc000 rw-p 00000000 00:00 0 
758ac5ffc000-758ac5ffd000 ---p 00000000 00:00 0 
758ac5ffd000-758ac67fd000 rw-p 00000000 00:00 0 
758ac67fd000-758ac67fe000 ---p 00000000 00:00 0 
758ac67fe000-758ac6ffe000 rw-p 00000000 00:00 0 
758ac6ffe000-758ac6fff000 ---p 00000000 00:00 0 
758ac6fff000-758ac77ff000 rw-p 00000000 00:00 0 
758ac77ff000-758ac7800000 ---p 00000000 00:00 0 
758ac7800000-758ac8000000 rw-p 00000000 00:00 0 
758ac8000000-758ac84ba000 rw-p 00000000 00:00 0 
758ac84ba000-758acc000000 ---p 00000000 00:00 0 
758acc000000-758acc06d000 rw-p 00000000 00:00 0 
758acc06d000-758ad0000000 ---p 00000000 00:00 0 
758ad0000000-758ad1b09000 rw-p 00000000 00:00 0 
758ad1b09000-758ad4000000 ---p 00000000 00:00 0 
758ad4000000-758ad421f000 rw-p 00000000 00:00 0 
758ad421f000-758ad8000000 ---p 00000000 00:00 0 
758ad8000000-758ad8076000 rw-p 00000000 00:00 0 
758ad8076000-758adc000000 ---p 00000000 00:00 0 
758adc000000-758adc2f6000 rw-p 00000000 00:00 0 
758adc2f6000-758ae0000000 ---p 00000000 00:00 0 
758ae0000000-758ae8000000 rw-s 00000000 00:01 2162732                    /SYSV00000000 (deleted)
758ae8000000-758ae813f000 rw-p 00000000 00:00 0 
758ae813f000-758aec000000 ---p 00000000 00:00 0 
758aec000000-758aec070000 rw-p 00000000 00:00 0 
758aec070000-758af0000000 ---p 00000000 00:00 0 
758af0000000-758af04b7000 rw-p 00000000 00:00 0 
758af04b7000-758af4000000 ---p 00000000 00:00 0 
758af4000000-758af406d000 rw-p 00000000 00:00 0 
758af406d000-758af8000000 ---p 00000000 00:00 0 
758af8000000-758af806c000 rw-p 00000000 00:00 0 
758af806c000-758afc000000 ---p 00000000 00:00 0 
758afc7f9000-758afc7fa000 ---p 00000000 00:00 0 
758afc7fa000-758afcffa000 rw-p 00000000 00:00 0 
758afcffa000-758afcffb000 ---p 00000000 00:00 0 
758afcffb000-758afd7fb000 rw-p 00000000 00:00 0 
758afd7fb000-758afd7fc000 ---p 00000000 00:00 0 
758afd7fc000-758afdffc000 rw-p 00000000 00:00 0 
758afdffc000-758afdffd000 ---p 00000000 00:00 0 
758afdffd000-758afe7fd000 rw-p 00000000 00:00 0 
758afe7fd000-758afe7fe000 ---p 00000000 00:00 0 
758afe7fe000-758afeffe000 rw-p 00000000 00:00 0 
758afeffe000-758afefff000 ---p 00000000 00:00 0 
758afefff000-758aff7ff000 rw-p 00000000 00:00 0 
758aff7ff000-758aff800000 ---p 00000000 00:00 0 
758aff800000-758b00000000 rw-p 00000000 00:00 0 
758b00000000-758b00475000 rw-p 00000000 00:00 0 
758b00475000-758b04000000 ---p 00000000 00:00 0 
758b04000000-758b040d6000 rw-p 00000000 00:00 0 
758b040d6000-758b08000000 ---p 00000000 00:00 0 
758b08000000-758b0806c000 rw-p 00000000 00:00 0 
758b0806c000-758b0c000000 ---p 00000000 00:00 0 
758b0c000000-758b0c0d5000 rw-p 00000000 00:00 0 
758b0c0d5000-758b10000000 ---p 00000000 00:00 0 
758b10000000-758b100d5000 rw-p 00000000 00:00 0 
758b100d5000-758b14000000 ---p 00000000 00:00 0 
758b14000000-758b144e1000 rw-p 00000000 00:00 0 
758b144e1000-758b18000000 ---p 00000000 00:00 0 
758b18000000-758b1806d000 rw-p 00000000 00:00 0 
758b1806d000-758b1c000000 ---p 00000000 00:00 0 
758b1c000000-758b1c4c4000 rw-p 00000000 00:00 0 
758b1c4c4000-758b20000000 ---p 00000000 00:00 0 
758b207f9000-758b207fa000 ---p 00000000 00:00 0 
758b207fa000-758b20ffa000 rw-p 00000000 00:00 0 
758b20ffa000-758b20ffb000 ---p 00000000 00:00 0 
758b20ffb000-758b217fb000 rw-p 00000000 00:00 0 
758b217fb000-758b217fc000 ---p 00000000 00:00 0 
758b217fc000-758b21ffc000 rw-p 00000000 00:00 0 
758b21ffc000-758b21ffd000 ---p 00000000 00:00 0 
758b21ffd000-758b227fd000 rw-p 00000000 00:00 0 
758b227fd000-758b227fe000 ---p 00000000 00:00 0 
758b227fe000-758b22ffe000 rw-p 00000000 00:00 0 
758b22ffe000-758b22fff000 ---p 00000000 00:00 0 
758b22fff000-758b237ff000 rw-p 00000000 00:00 0 
758b237ff000-758b23800000 ---p 00000000 00:00 0 
758b23800000-758b24000000 rw-p 00000000 00:00 0 
758b24000000-758b24021000 rw-p 00000000 00:00 0 
758b24021000-758b28000000 ---p 00000000 00:00 0 
758b28000000-758b2813f000 rw-p 00000000 00:00 0 
758b2813f000-758b2c000000 ---p 00000000 00:00 0 
758b2c000000-758b2c13f000 rw-p 00000000 00:00 0 
758b2c13f000-758b30000000 ---p 00000000 00:00 0 
758b30000000-758b3047f000 rw-p 00000000 00:00 0 
758b3047f000-758b34000000 ---p 00000000 00:00 0 
758b34000000-758b34402000 rw-p 00000000 00:00 0 
758b34402000-758b38000000 ---p 00000000 00:00 0 
758b38000000-758b38021000 rw-p 00000000 00:00 0 
758b38021000-758b3c000000 ---p 00000000 00:00 0 
758b3c000000-758b3c0d6000 rw-p 00000000 00:00 0 
758b3c0d6000-758b40000000 ---p 00000000 00:00 0 
758b407f9000-758b407fa000 ---p 00000000 00:00 0 
758b407fa000-758b40ffa000 rw-p 00000000 00:00 0 
758b40ffa000-758b40ffb000 ---p 00000000 00:00 0 
758b40ffb000-758b417fb000 rw-p 00000000 00:00 0 
758b417fb000-758b417fc000 ---p 00000000 00:00 0 
758b417fc000-758b41ffc000 rw-p 00000000 00:00 0 
758b41ffc000-758b41ffd000 ---p 00000000 00:00 0 
758b41ffd000-758b427fd000 rw-p 00000000 00:00 0 
758b427fd000-758b427fe000 ---p 00000000 00:00 0 
758b427fe000-758b42ffe000 rw-p 00000000 00:00 0 
758b42ffe000-758b42fff000 ---p 00000000 00:00 0 
758b42fff000-758b437ff000 rw-p 00000000 00:00 0 
758b437ff000-758b43800000 ---p 00000000 00:00 0 
758b43800000-758b44000000 rw-p 00000000 00:00 0 
758b44000000-758b44535000 rw-p 00000000 00:00 0 
758b44535000-758b48000000 ---p 00000000 00:00 0 
758b48000000-758b480d7000 rw-p 00000000 00:00 0 
758b480d7000-758b4c000000 ---p 00000000 00:00 0 
758b4c000000-758b4c1a9000 rw-p 00000000 00:00 0 
758b4c1a9000-758b50000000 ---p 00000000 00:00 0 
758b50000000-758b5006c000 rw-p 00000000 00:00 0 
758b5006c000-758b54000000 ---p 00000000 00:00 0 
758b54000000-758b54533000 rw-p 00000000 00:00 0 
758b54533000-758b58000000 ---p 00000000 00:00 0 
758b58000000-758b5806c000 rw-p 00000000 00:00 0 
758b5806c000-758b5c000000 ---p 00000000 00:00 0 
758b5c7f9000-758b5c7fa000 ---p 00000000 00:00 0 
758b5c7fa000-758b5cffa000 rw-p 00000000 00:00 0 
758b5cffa000-758b5cffb000 ---p 00000000 00:00 0 
758b5cffb000-758b5d7fb000 rw-p 00000000 00:00 0 
758b5d7fb000-758b5d7fc000 ---p 00000000 00:00 0 
758b5d7fc000-758b5dffc000 rw-p 00000000 00:00 0 
758b5dffc000-758b5dffd000 ---p 00000000 00:00 0 
758b5dffd000-758b5e7fd000 rw-p 00000000 00:00 0 
758b5e7fd000-758b5e7fe000 ---p 00000000 00:00 0 
758b5e7fe000-758b5effe000 rw-p 00000000 00:00 0 
758b5effe000-758b5efff000 ---p 00000000 00:00 0 
758b5efff000-758b5f7ff000 rw-p 00000000 00:00 0 
758b5f7ff000-758b5f800000 ---p 00000000 00:00 0 
758b5f800000-758b60000000 rw-p 00000000 00:00 0 
758b60000000-758b601a9000 rw-p 00000000 00:00 0 
758b601a9000-758b64000000 ---p 00000000 00:00 0 
758b64000000-758b640d6000 rw-p 00000000 00:00 0 
758b640d6000-758b68000000 ---p 00000000 00:00 0 
758b68000000-758b68021000 rw-p 00000000 00:00 0 
758b68021000-758b6c000000 ---p 00000000 00:00 0 
758b6c7f9000-758b6c7fa000 ---p 00000000 00:00 0 
758b6c7fa000-758b6cffa000 rw-p 00000000 00:00 0 
758b6cffa000-758b6cffb000 ---p 00000000 00:00 0 
758b6cffb000-758b6d7fb000 rw-p 00000000 00:00 0 
758b6d7fb000-758b6d7fc000 ---p 00000000 00:00 0 
758b6d7fc000-758b6dffc000 rw-p 00000000 00:00 0 
758b6dffc000-758b6dffd000 ---p 00000000 00:00 0 
758b6dffd000-758b6e7fd000 rw-p 00000000 00:00 0 
758b6e7fd000-758b6e7fe000 ---p 00000000 00:00 0 
758b6e7fe000-758b6effe000 rw-p 00000000 00:00 0 
758b6effe000-758b6efff000 ---p 00000000 00:00 0 
758b6efff000-758b6f7ff000 rw-p 00000000 00:00 0 
758b6f7ff000-758b6f800000 ---p 00000000 00:00 0 
758b6f800000-758b70000000 rw-p 00000000 00:00 0 
758b70000000-758b700fc000 rw-p 00000000 00:00 0 
758b700fc000-758b74000000 ---p 00000000 00:00 0 
758b74000000-758b74796000 rw-p 00000000 00:00 0 
758b74796000-758b78000000 ---p 00000000 00:00 0 
758b78000000-758b78a4a000 rw-p 00000000 00:00 0 
758b78a4a000-758b7c000000 ---p 00000000 00:00 0 
758b7c000000-758b7c143000 rw-p 00000000 00:00 0 
758b7c143000-758b80000000 ---p 00000000 00:00 0 
758b80000000-758b802c9000 rw-p 00000000 00:00 0 
758b802c9000-758b84000000 ---p 00000000 00:00 0 
758b84000000-758b8426c000 rw-p 00000000 00:00 0 
758b8426c000-758b88000000 ---p 00000000 00:00 0 
758b88000000-758b885b8000 rw-p 00000000 00:00 0 
758b885b8000-758b8c000000 ---p 00000000 00:00 0 
758b8c000000-758b8c726000 rw-p 00000000 00:00 0 
758b8c726000-758b90000000 ---p 00000000 00:00 0 
758b90000000-758b9006e000 rw-p 00000000 00:00 0 
758b9006e000-758b94000000 ---p 00000000 00:00 0 
758b94000000-758b94684000 rw-p 00000000 00:00 0 
758b94684000-758b98000000 ---p 00000000 00:00 0 
758b98000000-758b98bc3000 rw-p 00000000 00:00 0 
758b98bc3000-758b9c000000 ---p 00000000 00:00 0 
758b9c000000-758b9c0d7000 rw-p 00000000 00:00 0 
758b9c0d7000-758ba0000000 ---p 00000000 00:00 0 
758ba0000000-758ba04c3000 rw-p 00000000 00:00 0 
758ba04c3000-758ba4000000 ---p 00000000 00:00 0 
758ba4000000-758ba44c4000 rw-p 00000000 00:00 0 
758ba44c4000-758ba8000000 ---p 00000000 00:00 0 
758ba8000000-758ba8140000 rw-p 00000000 00:00 0 
758ba8140000-758bac000000 ---p 00000000 00:00 0 
758bac00e000-758bac00f000 rw-s 00000000 00:01 148157                     /memfd:pipewire-memfd:flags=0x0000000f,type=2,size=2312 (deleted)
758bac00f000-758bac010000 rw-s 00000000 00:01 157282                     /memfd:pipewire-memfd:flags=0x0000000f,type=2,size=4096 (deleted)
758bac010000-758bac019000 rw-s 00000000 00:01 158255                     /memfd:pipewire-memfd:flags=0x0000000f,type=2,size=32832 (deleted)
758bac019000-758bac022000 rw-s 00000000 00:01 158254                     /memfd:pipewire-memfd:flags=0x0000000f,type=2,size=32832 (deleted)
758bac022000-758bac023000 rw-s 00000000 00:01 20680                      /memfd:pipewire-memfd:flags=0x0000000f,type=2,size=2312 (deleted)
758bac023000-758bac024000 rw-s 00000000 00:01 157281                     /memfd:pipewire-memfd:flags=0x0000000f,type=2,size=2312 (deleted)
758bac024000-758bac025000 rw-s 00000000 00:01 162101                     /memfd:pipewire-memfd:flags=0x0000000f,type=2,size=2312 (deleted)
758bac025000-758bac026000 rw-s 00000000 00:01 146325                     /memfd:pipewire-memfd:flags=0x0000000f,type=2,size=4096 (deleted)
758bac026000-758bac02f000 rw-s 00000000 00:01 146327                     /memfd:pipewire-memfd:flags=0x0000000f,type=2,size=32832 (deleted)
758bac02f000-758bac038000 rw-s 00000000 00:01 146326                     /memfd:pipewire-memfd:flags=0x0000000f,type=2,size=32832 (deleted)
758bac038000-758bac039000 rw-s 00000000 00:01 20680                      /memfd:pipewire-memfd:flags=0x0000000f,type=2,size=2312 (deleted)
758bac039000-758bac03a000 rw-s 00000000 00:01 146324                     /memfd:pipewire-memfd:flags=0x0000000f,type=2,size=2312 (deleted)
758bac03a000-758bac03b000 rw-s 00000000 00:01 152539                     /memfd:pipewire-memfd:flags=0x0000000f,type=2,size=2312 (deleted)
758bac03b000-758bac03c000 rw-s 00000000 00:01 152538                     /memfd:pipewire-memfd:flags=0x0000000f,type=2,size=4096 (deleted)
758bac03c000-758bac045000 rw-s 00000000 00:01 163935                     /memfd:pipewire-memfd:flags=0x0000000f,type=2,size=32832 (deleted)
758bac045000-758bac04e000 rw-s 00000000 00:01 163934                     /memfd:pipewire-memfd:flags=0x0000000f,type=2,size=32832 (deleted)
758bac04e000-758bac04f000 rw-s 00000000 00:01 20680                      /memfd:pipewire-memfd:flags=0x0000000f,type=2,size=2312 (deleted)
758bac04f000-758bac050000 rw-s 00000000 00:01 152537                     /memfd:pipewire-memfd:flags=0x0000000f,type=2,size=2312 (deleted)
758bac050000-758bac051000 rw-s 00000000 00:01 157280                     /memfd:pipewire-memfd:flags=0x0000000f,type=2,size=2312 (deleted)
758bac051000-758bac052000 rw-s 00000000 00:01 160170                     /memfd:pipewire-memfd:flags=0x0000000f,type=2,size=4096 (deleted)
758bac052000-758bac05b000 rw-s 00000000 00:01 155636                     /memfd:pipewire-memfd:flags=0x0000000f,type=2,size=32832 (deleted)
758bac05b000-758bac064000 rw-s 00000000 00:01 155635                     /memfd:pipewire-memfd:flags=0x0000000f,type=2,size=32832 (deleted)
758bac064000-758bac065000 rw-s 00000000 00:01 20680                      /memfd:pipewire-memfd:flags=0x0000000f,type=2,size=2312 (deleted)
758bac065000-758bac066000 rw-s 00000000 00:01 160169                     /memfd:pipewire-memfd:flags=0x0000000f,type=2,size=2312 (deleted)
758bac066000-758bac067000 rw-s 00000000 00:01 152536                     /memfd:pipewire-memfd:flags=0x0000000f,type=2,size=2312 (deleted)
758bac067000-758bac068000 rw-s 00000000 00:01 162986                     /memfd:pipewire-memfd:flags=0x0000000f,type=2,size=4096 (deleted)
758bac068000-758bac071000 rw-s 00000000 00:01 158253                     /memfd:pipewire-memfd:flags=0x0000000f,type=2,size=32832 (deleted)
758bac071000-758bac07a000 rw-s 00000000 00:01 158252                     /memfd:pipewire-memfd:flags=0x0000000f,type=2,size=32832 (deleted)
758bac07a000-758bac07b000 rw-s 00000000 00:01 20680                      /memfd:pipewire-memfd:flags=0x0000000f,type=2,size=2312 (deleted)
758bac07b000-758bac07c000 rw-s 00000000 00:01 162985                     /memfd:pipewire-memfd:flags=0x0000000f,type=2,size=2312 (deleted)
758bac07c000-758bac07d000 rw-s 00000000 00:01 162100                     /memfd:pipewire-memfd:flags=0x0000000f,type=2,size=2312 (deleted)
758bac07d000-758bac07e000 rw-s 00000000 00:01 163933                     /memfd:pipewire-memfd:flags=0x0000000f,type=2,size=4096 (deleted)
758bac07e000-758bac087000 rw-s 00000000 00:01 155634                     /memfd:pipewire-memfd:flags=0x0000000f,type=2,size=32832 (deleted)
758bac087000-758bac090000 rw-s 00000000 00:01 155633                     /memfd:pipewire-memfd:flags=0x0000000f,type=2,size=32832 (deleted)
758bac090000-758bac091000 rw-s 00000000 00:01 20680                      /memfd:pipewire-memfd:flags=0x0000000f,type=2,size=2312 (deleted)
758bac091000-758bac092000 rw-s 00000000 00:01 163932                     /memfd:pipewire-memfd:flags=0x0000000f,type=2,size=2312 (deleted)
758bac092000-758bac093000 rw-s 00000000 00:01 152535                     /memfd:pipewire-memfd:flags=0x0000000f,type=2,size=2312 (deleted)
758bac093000-758bac094000 rw-s 00000000 00:01 153320                     /memfd:pipewire-memfd:flags=0x0000000f,type=2,size=4096 (deleted)
758bac094000-758bac09d000 rw-s 00000000 00:01 157279                     /memfd:pipewire-memfd:flags=0x0000000f,type=2,size=32832 (deleted)
758bac09d000-758bac0a6000 rw-s 00000000 00:01 157278                     /memfd:pipewire-memfd:flags=0x0000000f,type=2,size=32832 (deleted)
758bac0a6000-758bac0a7000 rw-s 00000000 00:01 20680                      /memfd:pipewire-memfd:flags=0x0000000f,type=2,size=2312 (deleted)
758bac0a7000-758bac0a8000 rw-s 00000000 00:01 153319                     /memfd:pipewire-memfd:flags=0x0000000f,type=2,size=2312 (deleted)
758bac0a8000-758bac0a9000 rw-s 00000000 00:01 152534                     /memfd:pipewire-memfd:flags=0x0000000f,type=2,size=2312 (deleted)
758bac0a9000-758bac0aa000 rw-s 00000000 00:01 153316                     /memfd:pipewire-memfd:flags=0x0000000f,type=2,size=4096 (deleted)
758bac0aa000-758bac0b3000 rw-s 00000000 00:01 153318                     /memfd:pipewire-memfd:flags=0x0000000f,type=2,size=32832 (deleted)
758bac0b3000-758bac0bc000 rw-s 00000000 00:01 153317                     /memfd:pipewire-memfd:flags=0x0000000f,type=2,size=32832 (deleted)
758bac0bc000-758bac0bd000 rw-s 00000000 00:01 20680                      /memfd:pipewire-memfd:flags=0x0000000f,type=2,size=2312 (deleted)
758bac0bd000-758bac0be000 rw-s 00000000 00:01 148156                     /memfd:pipewire-memfd:flags=0x0000000f,type=2,size=2312 (deleted)
758bac0be000-758bac0bf000 rw-s 00000000 00:01 159129                     /memfd:pipewire-memfd:flags=0x0000000f,type=2,size=2312 (deleted)
758bac0bf000-758bac0c0000 rw-s 00000000 00:01 148153                     /memfd:pipewire-memfd:flags=0x0000000f,type=2,size=4096 (deleted)
758bac0c0000-758bac0c9000 rw-s 00000000 00:01 148155                     /memfd:pipewire-memfd:flags=0x0000000f,type=2,size=32832 (deleted)
758bac0c9000-758bac0d2000 rw-s 00000000 00:01 148154                     /memfd:pipewire-memfd:flags=0x0000000f,type=2,size=32832 (deleted)
758bac0d2000-758bac0d3000 rw-s 00000000 00:01 20680                      /memfd:pipewire-memfd:flags=0x0000000f,type=2,size=2312 (deleted)
758bac0d3000-758bac0dc000 rw-s 00000000 00:01 156321                     /memfd:pipewire-memfd:flags=0x0000000f,type=2,size=32832 (deleted)
758bac0dc000-758bac0e0000 ---p 00000000 00:00 0 
758bac0e0000-758bac1dc000 rw-p 00000000 00:00 0 
758bac1dc000-758bac1e0000 ---p 00000000 00:00 0 
758bac1e0000-758bac2dc000 rw-p 00000000 00:00 0 
758bac2dc000-758bac2dd000 rw-s 00000000 00:01 148152                     /memfd:pipewire-memfd:flags=0x0000000f,type=2,size=2312 (deleted)
758bac2dd000-758bac2de000 rw-s 00000000 00:01 158251                     /memfd:pipewire-memfd:flags=0x0000000f,type=2,size=2312 (deleted)
758bac2de000-758bac2df000 rw-s 00000000 00:01 162984                     /memfd:pipewire-memfd:flags=0x0000000f,type=2,size=4096 (deleted)
758bac2df000-758bac2e8000 rw-s 00000000 00:01 156320                     /memfd:pipewire-memfd:flags=0x0000000f,type=2,size=32832 (deleted)
758bac2e8000-758bac2e9000 rw-s 00000000 00:01 20680                      /memfd:pipewire-memfd:flags=0x0000000f,type=2,size=2312 (deleted)
758bac2e9000-758bac2ea000 rw-s 00000000 00:01 158250                     /memfd:pipewire-memfd:flags=0x0000000f,type=2,size=2312 (deleted)
758bac2ea000-758bac2eb000 rw-s 00000000 00:01 146323                     /memfd:pipewire-memfd:flags=0x0000000f,type=2,size=2312 (deleted)
758bac2eb000-758bac2ec000 rw-s 00000000 00:01 163931                     /memfd:pipewire-memfd:flags=0x0000000f,type=2,size=4096 (deleted)
758bac2ec000-758bac2f5000 rw-s 00000000 00:01 162983                     /memfd:pipewire-memfd:flags=0x0000000f,type=2,size=32832 (deleted)
758bac2f5000-758bac2fe000 rw-s 00000000 00:01 162982                     /memfd:pipewire-memfd:flags=0x0000000f,type=2,size=32832 (deleted)
758bac2fe000-758bac2ff000 rw-s 00000000 00:01 20680                      /memfd:pipewire-memfd:flags=0x0000000f,type=2,size=2312 (deleted)
758bac2ff000-758bac300000 rw-s 00000000 00:01 162099                     /memfd:pipewire-memfd:flags=0x0000000f,type=2,size=2312 (deleted)
758bac300000-758bac301000 rw-s 00000000 00:01 155632                     /memfd:pipewire-memfd:flags=0x0000000f,type=2,size=2312 (deleted)
758bac301000-758bac302000 rw-s 00000000 00:01 156319                     /memfd:pipewire-memfd:flags=0x0000000f,type=2,size=4096 (deleted)
758bac302000-758bac30b000 rw-s 00000000 00:01 146322                     /memfd:pipewire-memfd:flags=0x0000000f,type=2,size=32832 (deleted)
758bac30b000-758bac314000 rw-s 00000000 00:01 146321                     /memfd:pipewire-memfd:flags=0x0000000f,type=2,size=32832 (deleted)
758bac314000-758bac315000 rw-s 00000000 00:01 20680                      /memfd:pipewire-memfd:flags=0x0000000f,type=2,size=2312 (deleted)
758bac315000-758bac316000 rw-s 00000000 00:01 156318                     /memfd:pipewire-memfd:flags=0x0000000f,type=2,size=2312 (deleted)
758bac316000-758bac317000 rw-s 00000000 00:01 159128                     /memfd:pipewire-memfd:flags=0x0000000f,type=2,size=2312 (deleted)
758bac317000-758bac318000 rw-s 00000000 00:01 162098                     /memfd:pipewire-memfd:flags=0x0000000f,type=2,size=4096 (deleted)
758bac318000-758bac321000 rw-s 00000000 00:01 163930                     /memfd:pipewire-memfd:flags=0x0000000f,type=2,size=32832 (deleted)
758bac321000-758bac32a000 rw-s 00000000 00:01 163929                     /memfd:pipewire-memfd:flags=0x0000000f,type=2,size=32832 (deleted)
758bac32a000-758bac32b000 rw-s 00000000 00:01 20680                      /memfd:pipewire-memfd:flags=0x0000000f,type=2,size=2312 (deleted)
758bac32b000-758bac32c000 rw-s 00000000 00:01 162097                     /memfd:pipewire-memfd:flags=0x0000000f,type=2,size=2312 (deleted)
758bac32c000-758bac32d000 rw-s 00000000 00:01 157276                     /memfd:pipewire-memfd:flags=0x0000000f,type=2,size=2312 (deleted)
758bac32d000-758bac32e000 rw-s 00000000 00:01 162094                     /memfd:pipewire-memfd:flags=0x0000000f,type=2,size=4096 (deleted)
758bac32e000-758bac337000 rw-s 00000000 00:01 162096                     /memfd:pipewire-memfd:flags=0x0000000f,type=2,size=32832 (deleted)
758bac337000-758bac340000 rw-s 00000000 00:01 162095                     /memfd:pipewire-memfd:flags=0x0000000f,type=2,size=32832 (deleted)
758bac340000-758bac341000 rw-s 00000000 00:01 20680                      /memfd:pipewire-memfd:flags=0x0000000f,type=2,size=2312 (deleted)
758bac341000-758bac342000 rw-s 00000000 00:01 162093                     /memfd:pipewire-memfd:flags=0x0000000f,type=2,size=2312 (deleted)
758bac342000-758bac343000 rw-s 00000000 00:01 157275                     /memfd:pipewire-memfd:flags=0x0000000f,type=2,size=2312 (deleted)
758bac343000-758bac344000 rw-s 00000000 00:01 163926                     /memfd:pipewire-memfd:flags=0x0000000f,type=2,size=4096 (deleted)
758bac344000-758bac34d000 rw-s 00000000 00:01 163928                     /memfd:pipewire-memfd:flags=0x0000000f,type=2,size=32832 (deleted)
758bac34d000-758bac356000 rw-s 00000000 00:01 163927                     /memfd:pipewire-memfd:flags=0x0000000f,type=2,size=32832 (deleted)
758bac356000-758bac357000 rw-s 00000000 00:01 20680                      /memfd:pipewire-memfd:flags=0x0000000f,type=2,size=2312 (deleted)
758bac357000-758bac358000 rw-s 00000000 00:01 163925                     /memfd:pipewire-memfd:flags=0x0000000f,type=2,size=2312 (deleted)
758bac358000-758bac359000 rw-s 00000000 00:01 162981                     /memfd:pipewire-memfd:flags=0x0000000f,type=2,size=2312 (deleted)
758bac359000-758bac35a000 rw-s 00000000 00:01 159127                     /memfd:pipewire-memfd:flags=0x0000000f,type=2,size=4096 (deleted)
758bac35a000-758bac363000 rw-s 00000000 00:01 152533                     /memfd:pipewire-memfd:flags=0x0000000f,type=2,size=32832 (deleted)
758bac363000-758bac36c000 rw-s 00000000 00:01 152532                     /memfd:pipewire-memfd:flags=0x0000000f,type=2,size=32832 (deleted)
758bac36c000-758bac36d000 rw-s 00000000 00:01 20680                      /memfd:pipewire-memfd:flags=0x0000000f,type=2,size=2312 (deleted)
758bac36d000-758bac36e000 rw-s 00000000 00:01 159126                     /memfd:pipewire-memfd:flags=0x0000000f,type=2,size=2312 (deleted)
758bac36e000-758bac36f000 rw-s 00000000 00:01 153315                     /memfd:pipewire-memfd:flags=0x0000000f,type=2,size=2312 (deleted)
758bac36f000-758bac370000 rw-s 00000000 00:01 146320                     /memfd:pipewire-memfd:flags=0x0000000f,type=2,size=4096 (deleted)
758bac370000-758bac379000 rw-s 00000000 00:01 159125                     /memfd:pipewire-memfd:flags=0x0000000f,type=2,size=32832 (deleted)
758bac379000-758bac382000 rw-s 00000000 00:01 159124                     /memfd:pipewire-memfd:flags=0x0000000f,type=2,size=32832 (deleted)
758bac382000-758bac383000 rw-s 00000000 00:01 20680                      /memfd:pipewire-memfd:flags=0x0000000f,type=2,size=2312 (deleted)
758bac383000-758bac384000 rw-s 00000000 00:01 152531                     /memfd:pipewire-memfd:flags=0x0000000f,type=2,size=2312 (deleted)
758bac384000-758bac385000 rw-s 00000000 00:01 162980                     /memfd:pipewire-memfd:flags=0x0000000f,type=2,size=2312 (deleted)
758bac385000-758bac386000 rw-s 00000000 00:01 156317                     /memfd:pipewire-memfd:flags=0x0000000f,type=2,size=4096 (deleted)
758bac386000-758bac38f000 rw-s 00000000 00:01 161025                     /memfd:pipewire-memfd:flags=0x0000000f,type=2,size=32832 (deleted)
758bac38f000-758bac398000 rw-s 00000000 00:01 161024                     /memfd:pipewire-memfd:flags=0x0000000f,type=2,size=32832 (deleted)
758bac398000-758bac399000 rw-s 00000000 00:01 20680                      /memfd:pipewire-memfd:flags=0x0000000f,type=2,size=2312 (deleted)
758bac399000-758bac39a000 rw-s 00000000 00:01 156316                     /memfd:pipewire-memfd:flags=0x0000000f,type=2,size=2312 (deleted)
758bac39a000-758bac39b000 rw-s 00000000 00:01 160168                     /memfd:pipewire-memfd:flags=0x0000000f,type=2,size=2312 (deleted)
758bac39b000-758bac39c000 rw-s 00000000 00:01 156315                     /memfd:pipewire-memfd:flags=0x0000000f,type=2,size=4096 (deleted)
758bac39c000-758bac3a5000 rw-s 00000000 00:01 160167                     /memfd:pipewire-memfd:flags=0x0000000f,type=2,size=32832 (deleted)
758bac3a5000-758bac3ae000 rw-s 00000000 00:01 160166                     /memfd:pipewire-memfd:flags=0x0000000f,type=2,size=32832 (deleted)
758bac3ae000-758bac3af000 rw-s 00000000 00:01 20680                      /memfd:pipewire-memfd:flags=0x0000000f,type=2,size=2312 (deleted)
758bac3af000-758bac3b0000 rw-s 00000000 00:01 159123                     /memfd:pipewire-memfd:flags=0x0000000f,type=2,size=2312 (deleted)
758bac3b0000-758bac3b1000 rw-s 00000000 00:01 156314                     /memfd:pipewire-memfd:flags=0x0000000f,type=2,size=2312 (deleted)
758bac3b1000-758bac3b2000 rw-s 00000000 00:01 157274                     /memfd:pipewire-memfd:flags=0x0000000f,type=2,size=4096 (deleted)
758bac3b2000-758bac3bb000 rw-s 00000000 00:01 146319                     /memfd:pipewire-memfd:flags=0x0000000f,type=2,size=32832 (deleted)
758bac3bb000-758bac3c4000 rw-s 00000000 00:01 146318                     /memfd:pipewire-memfd:flags=0x0000000f,type=2,size=32832 (deleted)
758bac3c4000-758bac3c5000 rw-s 00000000 00:01 20680                      /memfd:pipewire-memfd:flags=0x0000000f,type=2,size=2312 (deleted)
758bac3c5000-758bac3c6000 rw-s 00000000 00:01 157273                     /memfd:pipewire-memfd:flags=0x0000000f,type=2,size=2312 (deleted)
758bac3c6000-758bac3c7000 rw-s 00000000 00:01 159122                     /memfd:pipewire-memfd:flags=0x0000000f,type=2,size=2312 (deleted)
758bac3c7000-758bac3c8000 rw-s 00000000 00:01 159119                     /memfd:pipewire-memfd:flags=0x0000000f,type=2,size=4096 (deleted)
758bac3c8000-758bac3d1000 rw-s 00000000 00:01 159121                     /memfd:pipewire-memfd:flags=0x0000000f,type=2,size=32832 (deleted)
758bac3d1000-758bac3da000 rw-s 00000000 00:01 159120                     /memfd:pipewire-memfd:flags=0x0000000f,type=2,size=32832 (deleted)
758bac3da000-758bac3db000 rw-s 00000000 00:01 20680                      /memfd:pipewire-memfd:flags=0x0000000f,type=2,size=2312 (deleted)
758bac3db000-758bac3dc000 rw-s 00000000 00:01 159118                     /memfd:pipewire-memfd:flags=0x0000000f,type=2,size=2312 (deleted)
758bac3dc000-758bac3dd000 rw-s 00000000 00:01 146317                     /memfd:pipewire-memfd:flags=0x0000000f,type=2,size=2312 (deleted)
758bac3dd000-758bac3de000 rw-s 00000000 00:01 163924                     /memfd:pipewire-memfd:flags=0x0000000f,type=2,size=4096 (deleted)
758bac3de000-758bac3e7000 rw-s 00000000 00:01 162092                     /memfd:pipewire-memfd:flags=0x0000000f,type=2,size=32832 (deleted)
758bac3e7000-758bac3f0000 rw-s 00000000 00:01 162091                     /memfd:pipewire-memfd:flags=0x0000000f,type=2,size=32832 (deleted)
758bac3f0000-758bac3f1000 rw-s 00000000 00:01 20680                      /memfd:pipewire-memfd:flags=0x0000000f,type=2,size=2312 (deleted)
758bac3f1000-758bac3f2000 rw-s 00000000 00:01 163923                     /memfd:pipewire-memfd:flags=0x0000000f,type=2,size=2312 (deleted)
758bac3f2000-758bac3f3000 rw-s 00000000 00:01 155631                     /memfd:pipewire-memfd:flags=0x0000000f,type=2,size=2312 (deleted)
758bac3f3000-758bac3f4000 rw-s 00000000 00:01 153314                     /memfd:pipewire-memfd:flags=0x0000000f,type=2,size=4096 (deleted)
758bac3f4000-758bac3fd000 rw-s 00000000 00:01 162090                     /memfd:pipewire-memfd:flags=0x0000000f,type=2,size=32832 (deleted)
758bac3fd000-758bac406000 rw-s 00000000 00:01 162089                     /memfd:pipewire-memfd:flags=0x0000000f,type=2,size=32832 (deleted)
758bac406000-758bac407000 rw-s 00000000 00:01 20680                      /memfd:pipewire-memfd:flags=0x0000000f,type=2,size=2312 (deleted)
758bac407000-758bac408000 rw-s 00000000 00:01 153313                     /memfd:pipewire-memfd:flags=0x0000000f,type=2,size=2312 (deleted)
758bac408000-758bac409000 rw-s 00000000 00:01 162088                     /memfd:pipewire-memfd:flags=0x0000000f,type=2,size=2312 (deleted)
758bac409000-758bac40a000 rw-s 00000000 00:01 151150                     /memfd:pipewire-memfd:flags=0x0000000f,type=2,size=4096 (deleted)
758bac40a000-758bac413000 rw-s 00000000 00:01 151152                     /memfd:pipewire-memfd:flags=0x0000000f,type=2,size=32832 (deleted)
758bac413000-758bac41c000 rw-s 00000000 00:01 151151                     /memfd:pipewire-memfd:flags=0x0000000f,type=2,size=32832 (deleted)
758bac41c000-758bac41d000 rw-s 00000000 00:01 20680                      /memfd:pipewire-memfd:flags=0x0000000f,type=2,size=2312 (deleted)
758bac41d000-758bac41e000 rw-s 00000000 00:01 151149                     /memfd:pipewire-memfd:flags=0x0000000f,type=2,size=2312 (deleted)
758bac41e000-758bac41f000 rw-s 00000000 00:01 158249                     /memfd:pipewire-memfd:flags=0x0000000f,type=2,size=2312 (deleted)
758bac41f000-758bac420000 rw-s 00000000 00:01 151148                     /memfd:pipewire-memfd:flags=0x0000000f,type=2,size=4096 (deleted)
758bac420000-758bac429000 rw-s 00000000 00:01 161023                     /memfd:pipewire-memfd:flags=0x0000000f,type=2,size=32832 (deleted)
758bac429000-758bac432000 rw-s 00000000 00:01 161022                     /memfd:pipewire-memfd:flags=0x0000000f,type=2,size=32832 (deleted)
758bac432000-758bac433000 rw-s 00000000 00:01 20680                      /memfd:pipewire-memfd:flags=0x0000000f,type=2,size=2312 (deleted)
758bac433000-758bac434000 rw-s 00000000 00:01 161021                     /memfd:pipewire-memfd:flags=0x0000000f,type=2,size=2312 (deleted)
758bac434000-758bac435000 rw-s 00000000 00:01 159117                     /memfd:pipewire-memfd:flags=0x0000000f,type=2,size=2312 (deleted)
758bac435000-758bac436000 rw-s 00000000 00:01 161018                     /memfd:pipewire-memfd:flags=0x0000000f,type=2,size=4096 (deleted)
758bac436000-758bac43f000 rw-s 00000000 00:01 161020                     /memfd:pipewire-memfd:flags=0x0000000f,type=2,size=32832 (deleted)
758bac43f000-758bac448000 rw-s 00000000 00:01 161019                     /memfd:pipewire-memfd:flags=0x0000000f,type=2,size=32832 (deleted)
758bac448000-758bac449000 rw-s 00000000 00:01 20680                      /memfd:pipewire-memfd:flags=0x0000000f,type=2,size=2312 (deleted)
758bac449000-758bac44a000 rw-s 00000000 00:01 161017                     /memfd:pipewire-memfd:flags=0x0000000f,type=2,size=2312 (deleted)
758bac44a000-758bac44b000 rw-s 00000000 00:01 158248                     /memfd:pipewire-memfd:flags=0x0000000f,type=2,size=2312 (deleted)
758bac44b000-758bac44c000 rw-s 00000000 00:01 162085                     /memfd:pipewire-memfd:flags=0x0000000f,type=2,size=4096 (deleted)
758bac44c000-758bac455000 rw-s 00000000 00:01 162087                     /memfd:pipewire-memfd:flags=0x0000000f,type=2,size=32832 (deleted)
758bac455000-758bac45e000 rw-s 00000000 00:01 162086                     /memfd:pipewire-memfd:flags=0x0000000f,type=2,size=32832 (deleted)
758bac45e000-758bac45f000 rw-s 00000000 00:01 20680                      /memfd:pipewire-memfd:flags=0x0000000f,type=2,size=2312 (deleted)
758bac45f000-758bac460000 rw-s 00000000 00:01 162084                     /memfd:pipewire-memfd:flags=0x0000000f,type=2,size=2312 (deleted)
758bac460000-758bac461000 rw-s 00000000 00:01 162979                     /memfd:pipewire-memfd:flags=0x0000000f,type=2,size=2312 (deleted)
758bac461000-758bac462000 rw-s 00000000 00:01 162081                     /memfd:pipewire-memfd:flags=0x0000000f,type=2,size=4096 (deleted)
758bac462000-758bac46b000 rw-s 00000000 00:01 162083                     /memfd:pipewire-memfd:flags=0x0000000f,type=2,size=32832 (deleted)
758bac46b000-758bac474000 rw-s 00000000 00:01 162082                     /memfd:pipewire-memfd:flags=0x0000000f,type=2,size=32832 (deleted)
758bac474000-758bac475000 rw-s 00000000 00:01 20680                      /memfd:pipewire-memfd:flags=0x0000000f,type=2,size=2312 (deleted)
758bac475000-758bac476000 rw-s 00000000 00:01 162080                     /memfd:pipewire-memfd:flags=0x0000000f,type=2,size=2312 (deleted)
758bac476000-758bac477000 rw-s 00000000 00:01 153312                     /memfd:pipewire-memfd:flags=0x0000000f,type=2,size=2312 (deleted)
758bac477000-758bac478000 rw-s 00000000 00:01 158245                     /memfd:pipewire-memfd:flags=0x0000000f,type=2,size=4096 (deleted)
758bac478000-758bac481000 rw-s 00000000 00:01 158247                     /memfd:pipewire-memfd:flags=0x0000000f,type=2,size=32832 (deleted)
758bac481000-758bac48a000 rw-s 00000000 00:01 158246                     /memfd:pipewire-memfd:flags=0x0000000f,type=2,size=32832 (deleted)
758bac48a000-758bac48b000 rw-s 00000000 00:01 20680                      /memfd:pipewire-memfd:flags=0x0000000f,type=2,size=2312 (deleted)
758bac48b000-758bac48c000 rw-s 00000000 00:01 158244                     /memfd:pipewire-memfd:flags=0x0000000f,type=2,size=2312 (deleted)
758bac48c000-758bac48d000 rw-s 00000000 00:01 155630                     /memfd:pipewire-memfd:flags=0x0000000f,type=2,size=2312 (deleted)
758bac48d000-758bac48e000 rw-s 00000000 00:01 162978                     /memfd:pipewire-memfd:flags=0x0000000f,type=2,size=4096 (deleted)
758bac48e000-758bac497000 rw-s 00000000 00:01 158243                     /memfd:pipewire-memfd:flags=0x0000000f,type=2,size=32832 (deleted)
758bac497000-758bac4a0000 rw-s 00000000 00:01 158242                     /memfd:pipewire-memfd:flags=0x0000000f,type=2,size=32832 (deleted)
758bac4a0000-758bac4a1000 rw-s 00000000 00:01 20680                      /memfd:pipewire-memfd:flags=0x0000000f,type=2,size=2312 (deleted)
758bac4a1000-758bac4a2000 rw-s 00000000 00:01 162977                     /memfd:pipewire-memfd:flags=0x0000000f,type=2,size=2312 (deleted)
758bac4a2000-758bac4a3000 rw-s 00000000 00:01 151147                     /memfd:pipewire-memfd:flags=0x0000000f,type=2,size=2312 (deleted)
758bac4a3000-758bac4a4000 rw-s 00000000 00:01 162974                     /memfd:pipewire-memfd:flags=0x0000000f,type=2,size=4096 (deleted)
758bac4a4000-758bac4ad000 rw-s 00000000 00:01 162976                     /memfd:pipewire-memfd:flags=0x0000000f,type=2,size=32832 (deleted)
758bac4ad000-758bac4b6000 rw-s 00000000 00:01 162975                     /memfd:pipewire-memfd:flags=0x0000000f,type=2,size=32832 (deleted)
758bac4b6000-758bac4b7000 rw-s 00000000 00:01 20680                      /memfd:pipewire-memfd:flags=0x0000000f,type=2,size=2312 (deleted)
758bac4b7000-758bac4b8000 rw-s 00000000 00:01 162973                     /memfd:pipewire-memfd:flags=0x0000000f,type=2,size=2312 (deleted)
758bac4b8000-758bac4b9000 rw-s 00000000 00:01 159116                     /memfd:pipewire-memfd:flags=0x0000000f,type=2,size=2312 (deleted)
758bac4b9000-758bac4ba000 rw-s 00000000 00:01 162970                     /memfd:pipewire-memfd:flags=0x0000000f,type=2,size=4096 (deleted)
758bac4ba000-758bac4c3000 rw-s 00000000 00:01 162972                     /memfd:pipewire-memfd:flags=0x0000000f,type=2,size=32832 (deleted)
758bac4c3000-758bac4cc000 rw-s 00000000 00:01 162971                     /memfd:pipewire-memfd:flags=0x0000000f,type=2,size=32832 (deleted)
758bac4cc000-758bac4cd000 rw-s 00000000 00:01 20680                      /memfd:pipewire-memfd:flags=0x0000000f,type=2,size=2312 (deleted)
758bac4cd000-758bac4ce000 rw-s 00000000 00:01 162969                     /memfd:pipewire-memfd:flags=0x0000000f,type=2,size=2312 (deleted)
758bac4ce000-758bac4cf000 rw-s 00000000 00:01 148151                     /memfd:pipewire-memfd:flags=0x0000000f,type=2,size=2312 (deleted)
758bac4cf000-758bac4d0000 rw-s 00000000 00:01 159115                     /memfd:pipewire-memfd:flags=0x0000000f,type=2,size=4096 (deleted)
758bac4d0000-758bac4d9000 rw-s 00000000 00:01 162968                     /memfd:pipewire-memfd:flags=0x0000000f,type=2,size=32832 (deleted)
758bac4d9000-758bac4e2000 rw-s 00000000 00:01 162967                     /memfd:pipewire-memfd:flags=0x0000000f,type=2,size=32832 (deleted)
758bac4e2000-758bac4e3000 rw-s 00000000 00:01 20680                      /memfd:pipewire-memfd:flags=0x0000000f,type=2,size=2312 (deleted)
758bac4e3000-758bac4e4000 rw-s 00000000 00:01 159114                     /memfd:pipewire-memfd:flags=0x0000000f,type=2,size=2312 (deleted)
758bac4e4000-758bac4e5000 rw-s 00000000 00:01 146316                     /memfd:pipewire-memfd:flags=0x0000000f,type=2,size=2312 (deleted)
758bac4e5000-758bac4e6000 rw-s 00000000 00:01 159111                     /memfd:pipewire-memfd:flags=0x0000000f,type=2,size=4096 (deleted)
758bac4e6000-758bac4ef000 rw-s 00000000 00:01 159113                     /memfd:pipewire-memfd:flags=0x0000000f,type=2,size=32832 (deleted)
758bac4ef000-758bac4f8000 rw-s 00000000 00:01 159112                     /memfd:pipewire-memfd:flags=0x0000000f,type=2,size=32832 (deleted)
758bac4f8000-758bac4fc000 ---p 00000000 00:00 0 
758bac4fc000-758bac5f8000 rw-p 00000000 00:00 0 
758bac5f8000-758bac5fc000 ---p 00000000 00:00 0 
758bac5fc000-758bac6f8000 rw-p 00000000 00:00 0 
758bac6f8000-758bac6fc000 ---p 00000000 00:00 0 
758bac6fc000-758bac7f8000 rw-p 00000000 00:00 0 
758bac7f8000-758bac7f9000 ---p 00000000 00:00 0 
758bac7f9000-758bacff9000 rw-p 00000000 00:00 0 
758bacff9000-758bacffa000 ---p 00000000 00:00 0 
758bacffa000-758bad7fa000 rw-p 00000000 00:00 0 
758bad7fa000-758bad7fb000 ---p 00000000 00:00 0 
758bad7fb000-758badffb000 rw-p 00000000 00:00 0 
758badffb000-758badffc000 ---p 00000000 00:00 0 
758badffc000-758bae7fc000 rw-p 00000000 00:00 0 
758bae7fc000-758bae7fd000 ---p 00000000 00:00 0 
758bae7fd000-758baeffd000 rw-p 00000000 00:00 0 
758baeffd000-758baeffe000 ---p 00000000 00:00 0 
758baeffe000-758baf7fe000 rw-p 00000000 00:00 0 
758baf7fe000-758baf7ff000 ---p 00000000 00:00 0 
758baf7ff000-758baffff000 rw-p 00000000 00:00 0 
758baffff000-758bb0000000 ---p 00000000 00:00 0 
758bb0000000-758bb0800000 rw-p 00000000 00:00 0 
758bb0800000-758bb3aec000 r-xp 00000000 08:02 21889054                   /tmp/opencv_openpnp6042377036841560802/nu/pattern/opencv/linux/x86_64/libopencv_java451.so
758bb3aec000-758bb3ceb000 ---p 032ec000 08:02 21889054                   /tmp/opencv_openpnp6042377036841560802/nu/pattern/opencv/linux/x86_64/libopencv_java451.so
758bb3ceb000-758bb3d53000 r--p 032eb000 08:02 21889054                   /tmp/opencv_openpnp6042377036841560802/nu/pattern/opencv/linux/x86_64/libopencv_java451.so
758bb3d53000-758bb3d78000 rw-p 03353000 08:02 21889054                   /tmp/opencv_openpnp6042377036841560802/nu/pattern/opencv/linux/x86_64/libopencv_java451.so
758bb3d78000-758bb3e8b000 rw-p 00000000 00:00 0 
758bb3e8b000-758bb3e8c000 rw-s 00000000 00:01 20680                      /memfd:pipewire-memfd:flags=0x0000000f,type=2,size=2312 (deleted)
758bb3e8c000-758bb3e8d000 rw-s 00000000 00:01 156313                     /memfd:pipewire-memfd:flags=0x0000000f,type=2,size=2312 (deleted)
758bb3e8d000-758bb3e8e000 rw-s 00000000 00:01 158241                     /memfd:pipewire-memfd:flags=0x0000000f,type=2,size=2312 (deleted)
758bb3e8e000-758bb3e8f000 rw-s 00000000 00:01 148150                     /memfd:pipewire-memfd:flags=0x0000000f,type=2,size=4096 (deleted)
758bb3e8f000-758bb3e98000 rw-s 00000000 00:01 153311                     /memfd:pipewire-memfd:flags=0x0000000f,type=2,size=32832 (deleted)
758bb3e98000-758bb3ea1000 rw-s 00000000 00:01 153310                     /memfd:pipewire-memfd:flags=0x0000000f,type=2,size=32832 (deleted)
758bb3ea1000-758bb3ea2000 rw-s 00000000 00:01 20680                      /memfd:pipewire-memfd:flags=0x0000000f,type=2,size=2312 (deleted)
758bb3ea2000-758bb3ea3000 rw-s 00000000 00:01 148149                     /memfd:pipewire-memfd:flags=0x0000000f,type=2,size=2312 (deleted)
758bb3ea3000-758bb3ea4000 rw-s 00000000 00:01 162966                     /memfd:pipewire-memfd:flags=0x0000000f,type=2,size=2312 (deleted)
758bb3ea4000-758bb3ea5000 rw-s 00000000 00:01 152530                     /memfd:pipewire-memfd:flags=0x0000000f,type=2,size=4096 (deleted)
758bb3ea5000-758bb3eae000 rw-s 00000000 00:01 148148                     /memfd:pipewire-memfd:flags=0x0000000f,type=2,size=32832 (deleted)
758bb3eae000-758bb3eb7000 rw-s 00000000 00:01 148147                     /memfd:pipewire-memfd:flags=0x0000000f,type=2,size=32832 (deleted)
758bb3eb7000-758bb3eb8000 rw-s 00000000 00:01 20680                      /memfd:pipewire-memfd:flags=0x0000000f,type=2,size=2312 (deleted)
758bb3eb8000-758bb3eb9000 rw-s 00000000 00:01 152529                     /memfd:pipewire-memfd:flags=0x0000000f,type=2,size=2312 (deleted)
758bb3eb9000-758bb3eba000 rw-s 00000000 00:01 155629                     /memfd:pipewire-memfd:flags=0x0000000f,type=2,size=2312 (deleted)
758bb3eba000-758bb3ebb000 rw-s 00000000 00:01 156312                     /memfd:pipewire-memfd:flags=0x0000000f,type=2,size=4096 (deleted)
758bb3ebb000-758bb3ec4000 rw-s 00000000 00:01 151146                     /memfd:pipewire-memfd:flags=0x0000000f,type=2,size=32832 (deleted)
758bb3ec4000-758bb3ecd000 rw-s 00000000 00:01 151145                     /memfd:pipewire-memfd:flags=0x0000000f,type=2,size=32832 (deleted)
758bb3ecd000-758bb3ece000 rw-s 00000000 00:01 20680                      /memfd:pipewire-memfd:flags=0x0000000f,type=2,size=2312 (deleted)
758bb3ece000-758bb3ecf000 rw-s 00000000 00:01 156311                     /memfd:pipewire-memfd:flags=0x0000000f,type=2,size=2312 (deleted)
758bb3ecf000-758bb3ed0000 rw-s 00000000 00:01 151144                     /memfd:pipewire-memfd:flags=0x0000000f,type=2,size=2312 (deleted)
758bb3ed0000-758bb3ed1000 rw-s 00000000 00:01 151143                     /memfd:pipewire-memfd:flags=0x0000000f,type=2,size=4096 (deleted)
758bb3ed1000-758bb3eda000 rw-s 00000000 00:01 155628                     /memfd:pipewire-memfd:flags=0x0000000f,type=2,size=32832 (deleted)
758bb3eda000-758bb3ee3000 rw-s 00000000 00:01 155627                     /memfd:pipewire-memfd:flags=0x0000000f,type=2,size=32832 (deleted)
758bb3ee3000-758bb3ee4000 rw-s 00000000 00:01 20680                      /memfd:pipewire-memfd:flags=0x0000000f,type=2,size=2312 (deleted)
758bb3ee4000-758bb3ee5000 rw-s 00000000 00:01 151142                     /memfd:pipewire-memfd:flags=0x0000000f,type=2,size=2312 (deleted)
758bb3ee5000-758bb3eee000 rw-s 00000000 00:01 152528                     /memfd:pipewire-memfd:flags=0x0000000f,type=2,size=32832 (deleted)
758bb3eee000-758bb3ef7000 rw-s 00000000 00:01 152527                     /memfd:pipewire-memfd:flags=0x0000000f,type=2,size=32832 (deleted)
758bb3ef7000-758bb3f00000 rw-s 00000000 00:01 163921                     /memfd:pipewire-memfd:flags=0x0000000f,type=2,size=32832 (deleted)
758bb3f00000-758bb3f04000 ---p 00000000 00:00 0 
758bb3f04000-758bb4000000 rw-p 00000000 00:00 0 
758bb4000000-758bb4021000 rw-p 00000000 00:00 0 
758bb4021000-758bb8000000 ---p 00000000 00:00 0 
758bb8000000-758bb806c000 rw-p 00000000 00:00 0 
758bb806c000-758bbc000000 ---p 00000000 00:00 0 
758bbc000000-758bbc146000 rw-p 00000000 00:00 0 
758bbc146000-758bc0000000 ---p 00000000 00:00 0 
758bc0000000-758bc006e000 rw-p 00000000 00:00 0 
758bc006e000-758bc4000000 ---p 00000000 00:00 0 
758bc4000000-758bc4021000 rw-p 00000000 00:00 0 
758bc4021000-758bc8000000 ---p 00000000 00:00 0 
758bc8000000-758bc8021000 rw-p 00000000 00:00 0 
758bc8021000-758bcc000000 ---p 00000000 00:00 0 
758bcc000000-758bd0000000 rw-s 00000000 00:01 158998                     /memfd:pulseaudio (deleted)
758bd0000000-758bd006d000 rw-p 00000000 00:00 0 
758bd006d000-758bd4000000 ---p 00000000 00:00 0 
758bd4000000-758bd4021000 rw-p 00000000 00:00 0 
758bd4021000-758bd8000000 ---p 00000000 00:00 0 
758bd8000000-758bd80d0000 rw-p 00000000 00:00 0 
758bd80d0000-758bdc000000 ---p 00000000 00:00 0 
758bdc000000-758bdc001000 rw-s 00000000 00:01 163922                     /memfd:pipewire-memfd:flags=0x0000000f,type=2,size=2312 (deleted)
758bdc001000-758bdc002000 rw-s 00000000 00:01 153309                     /memfd:pipewire-memfd:flags=0x0000000f,type=2,size=4096 (deleted)
758bdc002000-758bdc003000 rw-s 00000000 00:01 20680                      /memfd:pipewire-memfd:flags=0x0000000f,type=2,size=2312 (deleted)
758bdc003000-758bdc004000 rw-s 00000000 00:01 153308                     /memfd:pipewire-memfd:flags=0x0000000f,type=2,size=2312 (deleted)
758bdc004000-758bdc005000 rw-s 00000000 00:01 155626                     /memfd:pipewire-memfd:flags=0x0000000f,type=2,size=2312 (deleted)
758bdc005000-758bdc006000 rw-s 00000000 00:01 153307                     /memfd:pipewire-memfd:flags=0x0000000f,type=2,size=4096 (deleted)
758bdc006000-758bdc00f000 rw-s 00000000 00:01 163920                     /memfd:pipewire-memfd:flags=0x0000000f,type=2,size=32832 (deleted)
758bdc00f000-758bdc010000 rw-s 00000000 00:01 20680                      /memfd:pipewire-memfd:flags=0x0000000f,type=2,size=2312 (deleted)
758bdc010000-758bdc011000 rw-s 00000000 00:01 153306                     /memfd:pipewire-memfd:flags=0x0000000f,type=2,size=2312 (deleted)
758bdc011000-758bdc012000 rw-s 00000000 00:01 160165                     /memfd:pipewire-memfd:flags=0x0000000f,type=2,size=2312 (deleted)
758bdc012000-758bdc013000 rw-s 00000000 00:01 150098                     /memfd:pipewire-memfd:flags=0x0000000f,type=2,size=4096 (deleted)
758bdc013000-758bdc01c000 rw-s 00000000 00:01 150100                     /memfd:pipewire-memfd:flags=0x0000000f,type=2,size=32832 (deleted)
758bdc01c000-758bdc025000 rw-s 00000000 00:01 150099                     /memfd:pipewire-memfd:flags=0x0000000f,type=2,size=32832 (deleted)
758bdc025000-758bdc026000 rw-s 00000000 00:01 20680                      /memfd:pipewire-memfd:flags=0x0000000f,type=2,size=2312 (deleted)
758bdc026000-758bdc027000 rw-s 00000000 00:01 150097                     /memfd:pipewire-memfd:flags=0x0000000f,type=2,size=2312 (deleted)
758bdc027000-758bdc028000 rw-s 00000000 00:01 162965                     /memfd:pipewire-memfd:flags=0x0000000f,type=2,size=2312 (deleted)
758bdc028000-758bdc029000 rw-s 00000000 00:01 158240                     /memfd:pipewire-memfd:flags=0x0000000f,type=2,size=4096 (deleted)
758bdc029000-758bdc032000 rw-s 00000000 00:01 150096                     /memfd:pipewire-memfd:flags=0x0000000f,type=2,size=32832 (deleted)
758bdc032000-758bdc03b000 rw-s 00000000 00:01 150095                     /memfd:pipewire-memfd:flags=0x0000000f,type=2,size=32832 (deleted)
758bdc03b000-758bdc03c000 rw-s 00000000 00:01 20680                      /memfd:pipewire-memfd:flags=0x0000000f,type=2,size=2312 (deleted)
758bdc03c000-758bdc03d000 rw-s 00000000 00:01 158239                     /memfd:pipewire-memfd:flags=0x0000000f,type=2,size=2312 (deleted)
758bdc03d000-758bdc03e000 rw-s 00000000 00:01 153305                     /memfd:pipewire-memfd:flags=0x0000000f,type=2,size=2312 (deleted)
758bdc03e000-758bdc03f000 rw-s 00000000 00:01 151141                     /memfd:pipewire-memfd:flags=0x0000000f,type=2,size=4096 (deleted)
758bdc03f000-758bdc048000 rw-s 00000000 00:01 152526                     /memfd:pipewire-memfd:flags=0x0000000f,type=2,size=32832 (deleted)
758bdc048000-758bdc051000 rw-s 00000000 00:01 152525                     /memfd:pipewire-memfd:flags=0x0000000f,type=2,size=32832 (deleted)
758bdc051000-758bdc052000 rw-s 00000000 00:01 20680                      /memfd:pipewire-memfd:flags=0x0000000f,type=2,size=2312 (deleted)
758bdc052000-758bdc053000 rw-s 00000000 00:01 151140                     /memfd:pipewire-memfd:flags=0x0000000f,type=2,size=2312 (deleted)
758bdc053000-758bdc054000 rw-s 00000000 00:01 152524                     /memfd:pipewire-memfd:flags=0x0000000f,type=2,size=2312 (deleted)
758bdc054000-758bdc055000 rw-s 00000000 00:01 156310                     /memfd:pipewire-memfd:flags=0x0000000f,type=2,size=4096 (deleted)
758bdc055000-758bdc05e000 rw-s 00000000 00:01 151139                     /memfd:pipewire-memfd:flags=0x0000000f,type=2,size=32832 (deleted)
758bdc05e000-758bdc067000 rw-s 00000000 00:01 151138                     /memfd:pipewire-memfd:flags=0x0000000f,type=2,size=32832 (deleted)
758bdc067000-758bdc068000 rw-s 00000000 00:01 20680                      /memfd:pipewire-memfd:flags=0x0000000f,type=2,size=2312 (deleted)
758bdc068000-758bdc069000 rw-s 00000000 00:01 156309                     /memfd:pipewire-memfd:flags=0x0000000f,type=2,size=2312 (deleted)
758bdc069000-758bdc06a000 rw-s 00000000 00:01 159110                     /memfd:pipewire-memfd:flags=0x0000000f,type=2,size=2312 (deleted)
758bdc06a000-758bdc06b000 rw-s 00000000 00:01 151137                     /memfd:pipewire-memfd:flags=0x0000000f,type=2,size=4096 (deleted)
758bdc06b000-758bdc074000 rw-s 00000000 00:01 156308                     /memfd:pipewire-memfd:flags=0x0000000f,type=2,size=32832 (deleted)
758bdc074000-758bdc07d000 rw-s 00000000 00:01 156307                     /memfd:pipewire-memfd:flags=0x0000000f,type=2,size=32832 (deleted)
758bdc07d000-758bdc07e000 rw-s 00000000 00:01 20680                      /memfd:pipewire-memfd:flags=0x0000000f,type=2,size=2312 (deleted)
758bdc07e000-758bdc07f000 rw-s 00000000 00:01 151136                     /memfd:pipewire-memfd:flags=0x0000000f,type=2,size=2312 (deleted)
758bdc07f000-758bdc080000 rw-s 00000000 00:01 159109                     /memfd:pipewire-memfd:flags=0x0000000f,type=2,size=2312 (deleted)
758bdc080000-758bdc081000 rw-s 00000000 00:01 163916                     /memfd:pipewire-memfd:flags=0x0000000f,type=2,size=4096 (deleted)
758bdc081000-758bdc08a000 rw-s 00000000 00:01 163918                     /memfd:pipewire-memfd:flags=0x0000000f,type=2,size=32832 (deleted)
758bdc08a000-758bdc093000 rw-s 00000000 00:01 163917                     /memfd:pipewire-memfd:flags=0x0000000f,type=2,size=32832 (deleted)
758bdc093000-758bdc094000 rw-s 00000000 00:01 20680                      /memfd:pipewire-memfd:flags=0x0000000f,type=2,size=2312 (deleted)
758bdc094000-758bdc095000 rw-s 00000000 00:01 163915                     /memfd:pipewire-memfd:flags=0x0000000f,type=2,size=2312 (deleted)
758bdc095000-758bdc096000 rw-s 00000000 00:01 162964                     /memfd:pipewire-memfd:flags=0x0000000f,type=2,size=2312 (deleted)
758bdc096000-758bdc097000 rw-s 00000000 00:01 163912                     /memfd:pipewire-memfd:flags=0x0000000f,type=2,size=4096 (deleted)
758bdc097000-758bdc0a0000 rw-s 00000000 00:01 163914                     /memfd:pipewire-memfd:flags=0x0000000f,type=2,size=32832 (deleted)
758bdc0a0000-758bdc0a9000 rw-s 00000000 00:01 163913                     /memfd:pipewire-memfd:flags=0x0000000f,type=2,size=32832 (deleted)
758bdc0a9000-758bdc0aa000 rw-s 00000000 00:01 20680                      /memfd:pipewire-memfd:flags=0x0000000f,type=2,size=2312 (deleted)
758bdc0aa000-758bdc0ab000 rw-s 00000000 00:01 163911                     /memfd:pipewire-memfd:flags=0x0000000f,type=2,size=2312 (deleted)
758bdc0ab000-758bdc0ac000 rw-s 00000000 00:01 162963                     /memfd:pipewire-memfd:flags=0x0000000f,type=2,size=2312 (deleted)
758bdc0ac000-758bdc0ad000 rw-s 00000000 00:01 163908                     /memfd:pipewire-memfd:flags=0x0000000f,type=2,size=4096 (deleted)
758bdc0ad000-758bdc0b6000 rw-s 00000000 00:01 163910                     /memfd:pipewire-memfd:flags=0x0000000f,type=2,size=32832 (deleted)
758bdc0b6000-758bdc0bf000 rw-s 00000000 00:01 163909                     /memfd:pipewire-memfd:flags=0x0000000f,type=2,size=32832 (deleted)
758bdc0bf000-758bdc0c0000 rw-s 00000000 00:01 20680                      /memfd:pipewire-memfd:flags=0x0000000f,type=2,size=2312 (deleted)
758bdc0c0000-758bdc0c1000 rw-s 00000000 00:01 163907                     /memfd:pipewire-memfd:flags=0x0000000f,type=2,size=2312 (deleted)
758bdc0c1000-758bdc0c2000 rw-s 00000000 00:01 159108                     /memfd:pipewire-memfd:flags=0x0000000f,type=2,size=2312 (deleted)
758bdc0c2000-758bdc0c3000 rw-s 00000000 00:01 163904                     /memfd:pipewire-memfd:flags=0x0000000f,type=2,size=4096 (deleted)
758bdc0c3000-758bdc0cc000 rw-s 00000000 00:01 163906                     /memfd:pipewire-memfd:flags=0x0000000f,type=2,size=32832 (deleted)
758bdc0cc000-758bdc0d5000 rw-s 00000000 00:01 163905                     /memfd:pipewire-memfd:flags=0x0000000f,type=2,size=32832 (deleted)
758bdc0d5000-758bdc0d6000 rw-s 00000000 00:01 20680                      /memfd:pipewire-memfd:flags=0x0000000f,type=2,size=2312 (deleted)
758bdc0d6000-758bdc0d7000 rw-s 00000000 00:01 163903                     /memfd:pipewire-memfd:flags=0x0000000f,type=2,size=2312 (deleted)
758bdc0d7000-758bdc0d8000 rw-s 00000000 00:01 155625                     /memfd:pipewire-memfd:flags=0x0000000f,type=2,size=2312 (deleted)
758bdc0d8000-758bdc0d9000 rw-s 00000000 00:01 162079                     /memfd:pipewire-memfd:flags=0x0000000f,type=2,size=4096 (deleted)
758bdc0d9000-758bdc0e2000 rw-s 00000000 00:01 160164                     /memfd:pipewire-memfd:flags=0x0000000f,type=2,size=32832 (deleted)
758bdc0e2000-758bdc0eb000 rw-s 00000000 00:01 160163                     /memfd:pipewire-memfd:flags=0x0000000f,type=2,size=32832 (deleted)
758bdc0eb000-758bdc0ec000 rw-s 00000000 00:01 20680                      /memfd:pipewire-memfd:flags=0x0000000f,type=2,size=2312 (deleted)
758bdc0ec000-758bdc0ed000 rw-s 00000000 00:01 162078                     /memfd:pipewire-memfd:flags=0x0000000f,type=2,size=2312 (deleted)
758bdc0ed000-758bdc0ee000 rw-s 00000000 00:01 156306                     /memfd:pipewire-memfd:flags=0x0000000f,type=2,size=2312 (deleted)
758bdc0ee000-758bdc0ef000 rw-s 00000000 00:01 162077                     /memfd:pipewire-memfd:flags=0x0000000f,type=2,size=4096 (deleted)
758bdc0ef000-758bdc0f8000 rw-s 00000000 00:01 152521                     /memfd:pipewire-memfd:flags=0x0000000f,type=2,size=32832 (deleted)
758bdc0f8000-758bdc101000 rw-s 00000000 00:01 152520                     /memfd:pipewire-memfd:flags=0x0000000f,type=2,size=32832 (deleted)
758bdc101000-758bdc102000 rw-s 00000000 00:01 20680                      /memfd:pipewire-memfd:flags=0x0000000f,type=2,size=2312 (deleted)
758bdc102000-758bdc103000 rw-s 00000000 00:01 162076                     /memfd:pipewire-memfd:flags=0x0000000f,type=2,size=2312 (deleted)
758bdc103000-758bdc104000 rw-s 00000000 00:01 158237                     /memfd:pipewire-memfd:flags=0x0000000f,type=2,size=2312 (deleted)
758bdc104000-758bdc105000 rw-s 00000000 00:01 159107                     /memfd:pipewire-memfd:flags=0x0000000f,type=2,size=4096 (deleted)
758bdc105000-758bdc10e000 rw-s 00000000 00:01 156305                     /memfd:pipewire-memfd:flags=0x0000000f,type=2,size=32832 (deleted)
758bdc10e000-758bdc117000 rw-s 00000000 00:01 156304                     /memfd:pipewire-memfd:flags=0x0000000f,type=2,size=32832 (deleted)
758bdc117000-758bdc118000 rw-s 00000000 00:01 20680                      /memfd:pipewire-memfd:flags=0x0000000f,type=2,size=2312 (deleted)
758bdc118000-758bdc119000 rw-s 00000000 00:01 159106                     /memfd:pipewire-memfd:flags=0x0000000f,type=2,size=2312 (deleted)
758bdc119000-758bdc11a000 rw-s 00000000 00:01 155624                     /memfd:pipewire-memfd:flags=0x0000000f,type=2,size=2312 (deleted)
758bdc11a000-758bdc11b000 rw-s 00000000 00:01 156303                     /memfd:pipewire-memfd:flags=0x0000000f,type=2,size=4096 (deleted)
758bdc11b000-758bdc124000 rw-s 00000000 00:01 150094                     /memfd:pipewire-memfd:flags=0x0000000f,type=2,size=32832 (deleted)
758bdc124000-758bdc12d000 rw-s 00000000 00:01 150093                     /memfd:pipewire-memfd:flags=0x0000000f,type=2,size=32832 (deleted)
758bdc12d000-758bdc12e000 rw-s 00000000 00:01 20680                      /memfd:pipewire-memfd:flags=0x0000000f,type=2,size=2312 (deleted)
758bdc12e000-758bdc12f000 rw-s 00000000 00:01 156302                     /memfd:pipewire-memfd:flags=0x0000000f,type=2,size=2312 (deleted)
758bdc12f000-758bdc130000 rw-s 00000000 00:01 155623                     /memfd:pipewire-memfd:flags=0x0000000f,type=2,size=2312 (deleted)
758bdc130000-758bdc131000 rw-s 00000000 00:01 158236                     /memfd:pipewire-memfd:flags=0x0000000f,type=2,size=4096 (deleted)
758bdc131000-758bdc13a000 rw-s 00000000 00:01 148146                     /memfd:pipewire-memfd:flags=0x0000000f,type=2,size=32832 (deleted)
758bdc13a000-758bdc143000 rw-s 00000000 00:01 148145                     /memfd:pipewire-memfd:flags=0x0000000f,type=2,size=32832 (deleted)
758bdc143000-758bdc144000 rw-s 00000000 00:01 20680                      /memfd:pipewire-memfd:flags=0x0000000f,type=2,size=2312 (deleted)
758bdc144000-758bdc145000 rw-s 00000000 00:01 158235                     /memfd:pipewire-memfd:flags=0x0000000f,type=2,size=2312 (deleted)
758bdc145000-758bdc146000 rw-s 00000000 00:01 152519                     /memfd:pipewire-memfd:flags=0x0000000f,type=2,size=2312 (deleted)
758bdc146000-758bdc147000 rw-s 00000000 00:01 158234                     /memfd:pipewire-memfd:flags=0x0000000f,type=2,size=4096 (deleted)
758bdc147000-758bdc150000 rw-s 00000000 00:01 162961                     /memfd:pipewire-memfd:flags=0x0000000f,type=2,size=32832 (deleted)
758bdc150000-758bdc159000 rw-s 00000000 00:01 162960                     /memfd:pipewire-memfd:flags=0x0000000f,type=2,size=32832 (deleted)
758bdc159000-758bdc15a000 rw-s 00000000 00:01 20680                      /memfd:pipewire-memfd:flags=0x0000000f,type=2,size=2312 (deleted)
758bdc15a000-758bdc15b000 rw-s 00000000 00:01 158233                     /memfd:pipewire-memfd:flags=0x0000000f,type=2,size=2312 (deleted)
758bdc15b000-758bdc15c000 rw-s 00000000 00:01 162075                     /memfd:pipewire-memfd:flags=0x0000000f,type=2,size=2312 (deleted)
758bdc15c000-758bdc15d000 rw-s 00000000 00:01 163902                     /memfd:pipewire-memfd:flags=0x0000000f,type=2,size=4096 (deleted)
758bdc15d000-758bdc166000 rw-s 00000000 00:01 162959                     /memfd:pipewire-memfd:flags=0x0000000f,type=2,size=32832 (deleted)
758bdc166000-758bdc16f000 rw-s 00000000 00:01 162958                     /memfd:pipewire-memfd:flags=0x0000000f,type=2,size=32832 (deleted)
758bdc16f000-758bdc170000 rw-s 00000000 00:01 20680                      /memfd:pipewire-memfd:flags=0x0000000f,type=2,size=2312 (deleted)
758bdc170000-758bdc171000 rw-s 00000000 00:01 163901                     /memfd:pipewire-memfd:flags=0x0000000f,type=2,size=2312 (deleted)
758bdc171000-758bdc172000 rw-s 00000000 00:01 151135                     /memfd:pipewire-memfd:flags=0x0000000f,type=2,size=2312 (deleted)
758bdc172000-758bdc173000 rw-s 00000000 00:01 163900                     /memfd:pipewire-memfd:flags=0x0000000f,type=2,size=4096 (deleted)
758bdc173000-758bdc17c000 rw-s 00000000 00:01 150092                     /memfd:pipewire-memfd:flags=0x0000000f,type=2,size=32832 (deleted)
758bdc17c000-758bdc185000 rw-s 00000000 00:01 150091                     /memfd:pipewire-memfd:flags=0x0000000f,type=2,size=32832 (deleted)
758bdc185000-758bdc186000 rw-s 00000000 00:01 20680                      /memfd:pipewire-memfd:flags=0x0000000f,type=2,size=2312 (deleted)
758bdc186000-758bdc187000 rw-s 00000000 00:01 163899                     /memfd:pipewire-memfd:flags=0x0000000f,type=2,size=2312 (deleted)
758bdc187000-758bdc188000 rw-s 00000000 00:01 146315                     /memfd:pipewire-memfd:flags=0x0000000f,type=2,size=2312 (deleted)
758bdc188000-758bdc189000 rw-s 00000000 00:01 162074                     /memfd:pipewire-memfd:flags=0x0000000f,type=2,size=4096 (deleted)
758bdc189000-758bdc192000 rw-s 00000000 00:01 151134                     /memfd:pipewire-memfd:flags=0x0000000f,type=2,size=32832 (deleted)
758bdc192000-758bdc19b000 rw-s 00000000 00:01 151133                     /memfd:pipewire-memfd:flags=0x0000000f,type=2,size=32832 (deleted)
758bdc19b000-758bdc19c000 rw-s 00000000 00:01 20680                      /memfd:pipewire-memfd:flags=0x0000000f,type=2,size=2312 (deleted)
758bdc19c000-758bdc19d000 rw-s 00000000 00:01 162073                     /memfd:pipewire-memfd:flags=0x0000000f,type=2,size=2312 (deleted)
758bdc19d000-758bdc19e000 rw-s 00000000 00:01 159105                     /memfd:pipewire-memfd:flags=0x0000000f,type=2,size=2312 (deleted)
758bdc19e000-758bdc19f000 rw-s 00000000 00:01 161014                     /memfd:pipewire-memfd:flags=0x0000000f,type=2,size=4096 (deleted)
758bdc19f000-758bdc1a8000 rw-s 00000000 00:01 162072                     /memfd:pipewire-memfd:flags=0x0000000f,type=2,size=32832 (deleted)
758bdc1a8000-758bdc1b1000 rw-s 00000000 00:01 162071                     /memfd:pipewire-memfd:flags=0x0000000f,type=2,size=32832 (deleted)
758bdc1b1000-758bdc1b2000 rw-s 00000000 00:01 20680                      /memfd:pipewire-memfd:flags=0x0000000f,type=2,size=2312 (deleted)
758bdc1b2000-758bdc1b3000 rw-s 00000000 00:01 161013                     /memfd:pipewire-memfd:flags=0x0000000f,type=2,size=2312 (deleted)
758bdc1b3000-758bdc1b4000 rw-s 00000000 00:01 153304                     /memfd:pipewire-memfd:flags=0x0000000f,type=2,size=2312 (deleted)
758bdc1b4000-758bdc1b5000 rw-s 00000000 00:01 161012                     /memfd:pipewire-memfd:flags=0x0000000f,type=2,size=4096 (deleted)
758bdc1b5000-758bdc1be000 rw-s 00000000 00:01 152518                     /memfd:pipewire-memfd:flags=0x0000000f,type=2,size=32832 (deleted)
758bdc1be000-758bdc1c7000 rw-s 00000000 00:01 152517                     /memfd:pipewire-memfd:flags=0x0000000f,type=2,size=32832 (deleted)
758bdc1c7000-758bdc1c8000 rw-s 00000000 00:01 20680                      /memfd:pipewire-memfd:flags=0x0000000f,type=2,size=2312 (deleted)
758bdc1c8000-758bdc1c9000 rw-s 00000000 00:01 161011                     /memfd:pipewire-memfd:flags=0x0000000f,type=2,size=2312 (deleted)
758bdc1c9000-758bdc1ca000 rw-s 00000000 00:01 158232                     /memfd:pipewire-memfd:flags=0x0000000f,type=2,size=2312 (deleted)
758bdc1ca000-758bdc1cb000 rw-s 00000000 00:01 150090                     /memfd:pipewire-memfd:flags=0x0000000f,type=2,size=4096 (deleted)
758bdc1cb000-758bdc1d4000 rw-s 00000000 00:01 151132                     /memfd:pipewire-memfd:flags=0x0000000f,type=2,size=32832 (deleted)
758bdc1d4000-758bdc1dd000 rw-s 00000000 00:01 151131                     /memfd:pipewire-memfd:flags=0x0000000f,type=2,size=32832 (deleted)
758bdc1dd000-758bdc1de000 rw-s 00000000 00:01 20680                      /memfd:pipewire-memfd:flags=0x0000000f,type=2,size=2312 (deleted)
758bdc1de000-758bdc1df000 rw-s 00000000 00:01 150089                     /memfd:pipewire-memfd:flags=0x0000000f,type=2,size=2312 (deleted)
758bdc1df000-758bdc1e0000 rw-s 00000000 00:01 159104                     /memfd:pipewire-memfd:flags=0x0000000f,type=2,size=2312 (deleted)
758bdc1e0000-758bdc1e1000 rw-s 00000000 00:01 163898                     /memfd:pipewire-memfd:flags=0x0000000f,type=2,size=4096 (deleted)
758bdc1e1000-758bdc1ea000 rw-s 00000000 00:01 148144                     /memfd:pipewire-memfd:flags=0x0000000f,type=2,size=32832 (deleted)
758bdc1ea000-758bdc1f3000 rw-s 00000000 00:01 148143                     /memfd:pipewire-memfd:flags=0x0000000f,type=2,size=32832 (deleted)
758bdc1f3000-758bdc1f4000 rw-s 00000000 00:01 20680                      /memfd:pipewire-memfd:flags=0x0000000f,type=2,size=2312 (deleted)
758bdc1f4000-758bdc1f5000 rw-s 00000000 00:01 163897                     /memfd:pipewire-memfd:flags=0x0000000f,type=2,size=2312 (deleted)
758bdc1f5000-758bdc1f6000 rw-s 00000000 00:01 162957                     /memfd:pipewire-memfd:flags=0x0000000f,type=2,size=2312 (deleted)
758bdc1f6000-758bdc1f7000 rw-s 00000000 00:01 163896                     /memfd:pipewire-memfd:flags=0x0000000f,type=2,size=4096 (deleted)
758bdc1f7000-758bdc200000 rw-s 00000000 00:01 159103                     /memfd:pipewire-memfd:flags=0x0000000f,type=2,size=32832 (deleted)
758bdc200000-758bdc209000 rw-s 00000000 00:01 159102                     /memfd:pipewire-memfd:flags=0x0000000f,type=2,size=32832 (deleted)
758bdc209000-758bdc20a000 rw-s 00000000 00:01 20680                      /memfd:pipewire-memfd:flags=0x0000000f,type=2,size=2312 (deleted)
758bdc20a000-758bdc20b000 rw-s 00000000 00:01 163895                     /memfd:pipewire-memfd:flags=0x0000000f,type=2,size=2312 (deleted)
758bdc20b000-758bdc20c000 rw-s 00000000 00:01 152516                     /memfd:pipewire-memfd:flags=0x0000000f,type=2,size=2312 (deleted)
758bdc20c000-758bdc20d000 rw-s 00000000 00:01 152523                     /memfd:pipewire-memfd:flags=0x0000000f,type=2,size=4096 (deleted)
758bdc20d000-758bdc216000 rw-s 00000000 00:01 161016                     /memfd:pipewire-memfd:flags=0x0000000f,type=2,size=32832 (deleted)
758bdc216000-758bdc21f000 rw-s 00000000 00:01 161015                     /memfd:pipewire-memfd:flags=0x0000000f,type=2,size=32832 (deleted)
758bdc21f000-758bdc220000 rw-s 00000000 00:01 20680                      /memfd:pipewire-memfd:flags=0x0000000f,type=2,size=2312 (deleted)
758bdc220000-758bdc221000 rw-s 00000000 00:01 152522                     /memfd:pipewire-memfd:flags=0x0000000f,type=2,size=2312 (deleted)
758bdc221000-758bdc222000 rw-s 00000000 00:01 163919                     /memfd:pipewire-memfd:flags=0x0000000f,type=2,size=2312 (deleted)
758bdc222000-758bdc223000 rw-s 00000000 00:01 159099                     /memfd:pipewire-memfd:flags=0x0000000f,type=2,size=4096 (deleted)
758bdc223000-758bdc22c000 rw-s 00000000 00:01 159101                     /memfd:pipewire-memfd:flags=0x0000000f,type=2,size=32832 (deleted)
758bdc22c000-758bdc235000 rw-s 00000000 00:01 159100                     /memfd:pipewire-memfd:flags=0x0000000f,type=2,size=32832 (deleted)
758bdc235000-758bdc236000 rw-s 00000000 00:01 20680                      /memfd:pipewire-memfd:flags=0x0000000f,type=2,size=2312 (deleted)
758bdc236000-758bdc237000 rw-s 00000000 00:01 159098                     /memfd:pipewire-memfd:flags=0x0000000f,type=2,size=2312 (deleted)
758bdc237000-758bdc238000 rw-s 00000000 00:01 156300                     /memfd:pipewire-memfd:flags=0x0000000f,type=2,size=2312 (deleted)
758bdc238000-758bdc241000 rw-s 00000000 00:01 155622                     /memfd:pipewire-memfd:flags=0x0000000f,type=2,size=32832 (deleted)
758bdc241000-758bdc24a000 rw-s 00000000 00:01 155621                     /memfd:pipewire-memfd:flags=0x0000000f,type=2,size=32832 (deleted)
758bdc24a000-758bdc24b000 rw-s 00000000 00:01 153302                     /memfd:pipewire-memfd:flags=0x0000000f,type=2,size=2312 (deleted)
758bdc24b000-758bdc24c000 rw-s 00000000 00:01 153303                     /memfd:pipewire-memfd:flags=0x0000000f,type=2,size=4096 (deleted)
758bdc24c000-758bdc24d000 rw-s 00000000 00:01 20680                      /memfd:pipewire-memfd:flags=0x0000000f,type=2,size=2312 (deleted)
758bdc24d000-758bdc24e000 rw-s 00000000 00:01 161008                     /memfd:pipewire-memfd:flags=0x0000000f,type=2,size=2312 (deleted)
758bdc24e000-758bdc24f000 rw-s 00000000 00:01 150088                     /memfd:pipewire-memfd:flags=0x0000000f,type=2,size=4096 (deleted)
758bdc24f000-758bdc258000 rw-s 00000000 00:01 160162                     /memfd:pipewire-memfd:flags=0x0000000f,type=2,size=32832 (deleted)
758bdc258000-758bdc261000 rw-s 00000000 00:01 160161                     /memfd:pipewire-memfd:flags=0x0000000f,type=2,size=32832 (deleted)
758bdc261000-758bdc262000 rw-s 00000000 00:01 20680                      /memfd:pipewire-memfd:flags=0x0000000f,type=2,size=2312 (deleted)
758bdc262000-758bdc263000 rw-s 00000000 00:01 150087                     /memfd:pipewire-memfd:flags=0x0000000f,type=2,size=2312 (deleted)
758bdc263000-758bdc264000 rw-s 00000000 00:01 155620                     /memfd:pipewire-memfd:flags=0x0000000f,type=2,size=2312 (deleted)
758bdc264000-758bdc265000 rw-s 00000000 00:01 155619                     /memfd:pipewire-memfd:flags=0x0000000f,type=2,size=4096 (deleted)
758bdc265000-758bdc26e000 rw-s 00000000 00:01 162070                     /memfd:pipewire-memfd:flags=0x0000000f,type=2,size=32832 (deleted)
758bdc26e000-758bdc277000 rw-s 00000000 00:01 162069                     /memfd:pipewire-memfd:flags=0x0000000f,type=2,size=32832 (deleted)
758bdc277000-758bdc278000 rw-s 00000000 00:01 20680                      /memfd:pipewire-memfd:flags=0x0000000f,type=2,size=2312 (deleted)
758bdc278000-758bdc279000 rw-s 00000000 00:01 155618                     /memfd:pipewire-memfd:flags=0x0000000f,type=2,size=2312 (deleted)
758bdc279000-758bdc27a000 rw-s 00000000 00:01 160160                     /memfd:pipewire-memfd:flags=0x0000000f,type=2,size=2312 (deleted)
758bdc27a000-758bdc27b000 rw-s 00000000 00:01 152515                     /memfd:pipewire-memfd:flags=0x0000000f,type=2,size=4096 (deleted)
758bdc27b000-758bdc284000 rw-s 00000000 00:01 162068                     /memfd:pipewire-memfd:flags=0x0000000f,type=2,size=32832 (deleted)
758bdc284000-758bdc28d000 rw-s 00000000 00:01 162067                     /memfd:pipewire-memfd:flags=0x0000000f,type=2,size=32832 (deleted)
758bdc28d000-758bdc28e000 rw-s 00000000 00:01 20680                      /memfd:pipewire-memfd:flags=0x0000000f,type=2,size=2312 (deleted)
758bdc28e000-758bdc28f000 rw-s 00000000 00:01 152514                     /memfd:pipewire-memfd:flags=0x0000000f,type=2,size=2312 (deleted)
758bdc28f000-758bdc290000 rw-s 00000000 00:01 162066                     /memfd:pipewire-memfd:flags=0x0000000f,type=2,size=2312 (deleted)
758bdc290000-758bdc291000 rw-s 00000000 00:01 152513                     /memfd:pipewire-memfd:flags=0x0000000f,type=2,size=4096 (deleted)
758bdc291000-758bdc29a000 rw-s 00000000 00:01 163894                     /memfd:pipewire-memfd:flags=0x0000000f,type=2,size=32832 (deleted)
758bdc29a000-758bdc2a3000 rw-s 00000000 00:01 163893                     /memfd:pipewire-memfd:flags=0x0000000f,type=2,size=32832 (deleted)
758bdc2a3000-758bdc2a4000 rw-s 00000000 00:01 20680                      /memfd:pipewire-memfd:flags=0x0000000f,type=2,size=2312 (deleted)
758bdc2a4000-758bdc2a5000 rw-s 00000000 00:01 152512                     /memfd:pipewire-memfd:flags=0x0000000f,type=2,size=2312 (deleted)
758bdc2a5000-758bdc2a6000 rw-s 00000000 00:01 157272                     /memfd:pipewire-memfd:flags=0x0000000f,type=2,size=2312 (deleted)
758bdc2a6000-758bdc2a7000 rw-s 00000000 00:01 153301                     /memfd:pipewire-memfd:flags=0x0000000f,type=2,size=4096 (deleted)
758bdc2a7000-758bdc2b0000 rw-s 00000000 00:01 155617                     /memfd:pipewire-memfd:flags=0x0000000f,type=2,size=32832 (deleted)
758bdc2b0000-758bdc2b9000 rw-s 00000000 00:01 155616                     /memfd:pipewire-memfd:flags=0x0000000f,type=2,size=32832 (deleted)
758bdc2b9000-758bdc2ba000 rw-s 00000000 00:01 20680                      /memfd:pipewire-memfd:flags=0x0000000f,type=2,size=2312 (deleted)
758bdc2ba000-758bdc2bb000 rw-s 00000000 00:01 148142                     /memfd:pipewire-memfd:flags=0x0000000f,type=2,size=2312 (deleted)
758bdc2bb000-758bdc2bc000 rw-s 00000000 00:01 146314                     /memfd:pipewire-memfd:flags=0x0000000f,type=2,size=2312 (deleted)
758bdc2bc000-758bdc2bd000 rw-s 00000000 00:01 155613                     /memfd:pipewire-memfd:flags=0x0000000f,type=2,size=4096 (deleted)
758bdc2bd000-758bdc2c6000 rw-s 00000000 00:01 155615                     /memfd:pipewire-memfd:flags=0x0000000f,type=2,size=32832 (deleted)
758bdc2c6000-758bdc2cf000 rw-s 00000000 00:01 155614                     /memfd:pipewire-memfd:flags=0x0000000f,type=2,size=32832 (deleted)
758bdc2cf000-758bdc2d0000 rw-s 00000000 00:01 20680                      /memfd:pipewire-memfd:flags=0x0000000f,type=2,size=2312 (deleted)
758bdc2d0000-758bdc2d1000 rw-s 00000000 00:01 155612                     /memfd:pipewire-memfd:flags=0x0000000f,type=2,size=2312 (deleted)
758bdc2d1000-758bdc2d2000 rw-s 00000000 00:01 163892                     /memfd:pipewire-memfd:flags=0x0000000f,type=2,size=2312 (deleted)
758bdc2d2000-758bdc2d3000 rw-s 00000000 00:01 162065                     /memfd:pipewire-memfd:flags=0x0000000f,type=2,size=4096 (deleted)
758bdc2d3000-758bdc2dc000 rw-s 00000000 00:01 158230                     /memfd:pipewire-memfd:flags=0x0000000f,type=2,size=32832 (deleted)
758bdc2dc000-758bdc2e5000 rw-s 00000000 00:01 158229                     /memfd:pipewire-memfd:flags=0x0000000f,type=2,size=32832 (deleted)
758bdc2e5000-758bdc2e6000 rw-s 00000000 00:01 20680                      /memfd:pipewire-memfd:flags=0x0000000f,type=2,size=2312 (deleted)
758bdc2e6000-758bdc2e7000 rw-s 00000000 00:01 162064                     /memfd:pipewire-memfd:flags=0x0000000f,type=2,size=2312 (deleted)
758bdc2e7000-758bdc2e8000 rw-s 00000000 00:01 155611                     /memfd:pipewire-memfd:flags=0x0000000f,type=2,size=2312 (deleted)
758bdc2e8000-758bdc2e9000 rw-s 00000000 00:01 163891                     /memfd:pipewire-memfd:flags=0x0000000f,type=2,size=4096 (deleted)
758bdc2e9000-758bdc2f2000 rw-s 00000000 00:01 156299                     /memfd:pipewire-memfd:flags=0x0000000f,type=2,size=32832 (deleted)
758bdc2f2000-758bdc2fb000 rw-s 00000000 00:01 156298                     /memfd:pipewire-memfd:flags=0x0000000f,type=2,size=32832 (deleted)
758bdc2fb000-758bdc2fc000 rw-s 00000000 00:01 20680                      /memfd:pipewire-memfd:flags=0x0000000f,type=2,size=2312 (deleted)
758bdc2fc000-758bdc300000 ---p 00000000 00:00 0 
758bdc300000-758bdc3fc000 rw-p 00000000 00:00 0 
758bdc3fc000-758bdc400000 ---p 00000000 00:00 0 
758bdc400000-758bdc4fc000 rw-p 00000000 00:00 0 
758bdc4fc000-758bdc4fd000 ---p 00000000 00:00 0 
758bdc4fd000-758bdccfd000 rw-p 00000000 00:00 0 
758bdccfd000-758bdcd01000 ---p 00000000 00:00 0 
758bdcd01000-758bdcdfd000 rw-p 00000000 00:00 0 
758bdcdfd000-758bdce01000 ---p 00000000 00:00 0 
758bdce01000-758bdcefd000 rw-p 00000000 00:00 0 
758bdcefd000-758bdcefe000 rw-s 00000000 00:01 163890                     /memfd:pipewire-memfd:flags=0x0000000f,type=2,size=2312 (deleted)
758bdcefe000-758bdceff000 rw-s 00000000 00:01 157271                     /memfd:pipewire-memfd:flags=0x0000000f,type=2,size=2312 (deleted)
758bdceff000-758bdcf00000 rw-s 00000000 00:01 148141                     /memfd:pipewire-memfd:flags=0x0000000f,type=2,size=4096 (deleted)
758bdcf00000-758bdcf09000 rw-s 00000000 00:01 162063                     /memfd:pipewire-memfd:flags=0x0000000f,type=2,size=32832 (deleted)
758bdcf09000-758bdcf12000 rw-s 00000000 00:01 162062                     /memfd:pipewire-memfd:flags=0x0000000f,type=2,size=32832 (deleted)
758bdcf12000-758bdcf13000 rw-s 00000000 00:01 20680                      /memfd:pipewire-memfd:flags=0x0000000f,type=2,size=2312 (deleted)
758bdcf13000-758bdcf14000 rw-s 00000000 00:01 148140                     /memfd:pipewire-memfd:flags=0x0000000f,type=2,size=2312 (deleted)
758bdcf14000-758bdcf15000 rw-s 00000000 00:01 158228                     /memfd:pipewire-memfd:flags=0x0000000f,type=2,size=2312 (deleted)
758bdcf15000-758bdcf16000 rw-s 00000000 00:01 148137                     /memfd:pipewire-memfd:flags=0x0000000f,type=2,size=4096 (deleted)
758bdcf16000-758bdcf1f000 rw-s 00000000 00:01 148139                     /memfd:pipewire-memfd:flags=0x0000000f,type=2,size=32832 (deleted)
758bdcf1f000-758bdcf28000 rw-s 00000000 00:01 148138                     /memfd:pipewire-memfd:flags=0x0000000f,type=2,size=32832 (deleted)
758bdcf28000-758bdcf29000 rw-s 00000000 00:01 20680                      /memfd:pipewire-memfd:flags=0x0000000f,type=2,size=2312 (deleted)
758bdcf29000-758bdcf2a000 rw-s 00000000 00:01 153300                     /memfd:pipewire-memfd:flags=0x0000000f,type=2,size=2312 (deleted)
758bdcf2a000-758bdcf2b000 rw-s 00000000 00:01 162956                     /memfd:pipewire-memfd:flags=0x0000000f,type=2,size=2312 (deleted)
758bdcf2b000-758bdcf2c000 rw-s 00000000 00:01 153299                     /memfd:pipewire-memfd:flags=0x0000000f,type=2,size=4096 (deleted)
758bdcf2c000-758bdcf35000 rw-s 00000000 00:01 148136                     /memfd:pipewire-memfd:flags=0x0000000f,type=2,size=32832 (deleted)
758bdcf35000-758bdcf3e000 rw-s 00000000 00:01 148135                     /memfd:pipewire-memfd:flags=0x0000000f,type=2,size=32832 (deleted)
758bdcf3e000-758bdcf3f000 rw-s 00000000 00:01 20680                      /memfd:pipewire-memfd:flags=0x0000000f,type=2,size=2312 (deleted)
758bdcf3f000-758bdcf40000 rw-s 00000000 00:01 153298                     /memfd:pipewire-memfd:flags=0x0000000f,type=2,size=2312 (deleted)
758bdcf40000-758bdcf41000 rw-s 00000000 00:01 157270                     /memfd:pipewire-memfd:flags=0x0000000f,type=2,size=2312 (deleted)
758bdcf41000-758bdcf42000 rw-s 00000000 00:01 162059                     /memfd:pipewire-memfd:flags=0x0000000f,type=2,size=4096 (deleted)
758bdcf42000-758bdcf4b000 rw-s 00000000 00:01 162061                     /memfd:pipewire-memfd:flags=0x0000000f,type=2,size=32832 (deleted)
758bdcf4b000-758bdcf54000 rw-s 00000000 00:01 162060                     /memfd:pipewire-memfd:flags=0x0000000f,type=2,size=32832 (deleted)
758bdcf54000-758bdcf55000 rw-s 00000000 00:01 20680                      /memfd:pipewire-memfd:flags=0x0000000f,type=2,size=2312 (deleted)
758bdcf55000-758bdcf56000 rw-s 00000000 00:01 162058                     /memfd:pipewire-memfd:flags=0x0000000f,type=2,size=2312 (deleted)
758bdcf56000-758bdcf57000 rw-s 00000000 00:01 156297                     /memfd:pipewire-memfd:flags=0x0000000f,type=2,size=2312 (deleted)
758bdcf57000-758bdcf58000 rw-s 00000000 00:01 162057                     /memfd:pipewire-memfd:flags=0x0000000f,type=2,size=4096 (deleted)
758bdcf58000-758bdcf61000 rw-s 00000000 00:01 162955                     /memfd:pipewire-memfd:flags=0x0000000f,type=2,size=32832 (deleted)
758bdcf61000-758bdcf6a000 rw-s 00000000 00:01 162954                     /memfd:pipewire-memfd:flags=0x0000000f,type=2,size=32832 (deleted)
758bdcf6a000-758bdcf6b000 rw-s 00000000 00:01 20680                      /memfd:pipewire-memfd:flags=0x0000000f,type=2,size=2312 (deleted)
758bdcf6b000-758bdcf6c000 rw-s 00000000 00:01 162056                     /memfd:pipewire-memfd:flags=0x0000000f,type=2,size=2312 (deleted)
758bdcf6c000-758bdcf6d000 rw-s 00000000 00:01 158227                     /memfd:pipewire-memfd:flags=0x0000000f,type=2,size=2312 (deleted)
758bdcf6d000-758bdcf6e000 rw-s 00000000 00:01 158226                     /memfd:pipewire-memfd:flags=0x0000000f,type=2,size=4096 (deleted)
758bdcf6e000-758bdcf77000 rw-s 00000000 00:01 146313                     /memfd:pipewire-memfd:flags=0x0000000f,type=2,size=32832 (deleted)
758bdcf77000-758bdcf80000 rw-s 00000000 00:01 146312                     /memfd:pipewire-memfd:flags=0x0000000f,type=2,size=32832 (deleted)
758bdcf80000-758bdcf81000 rw-s 00000000 00:01 20680                      /memfd:pipewire-memfd:flags=0x0000000f,type=2,size=2312 (deleted)
758bdcf81000-758bdcf82000 rw-s 00000000 00:01 158225                     /memfd:pipewire-memfd:flags=0x0000000f,type=2,size=2312 (deleted)
758bdcf82000-758bdcf83000 rw-s 00000000 00:01 148134                     /memfd:pipewire-memfd:flags=0x0000000f,type=2,size=2312 (deleted)
758bdcf83000-758bdcf84000 rw-s 00000000 00:01 157269                     /memfd:pipewire-memfd:flags=0x0000000f,type=2,size=4096 (deleted)
758bdcf84000-758bdcf8d000 rw-s 00000000 00:01 162953                     /memfd:pipewire-memfd:flags=0x0000000f,type=2,size=32832 (deleted)
758bdcf8d000-758bdcf96000 rw-s 00000000 00:01 162952                     /memfd:pipewire-memfd:flags=0x0000000f,type=2,size=32832 (deleted)
758bdcf96000-758bdcf97000 rw-s 00000000 00:01 20680                      /memfd:pipewire-memfd:flags=0x0000000f,type=2,size=2312 (deleted)
758bdcf97000-758bdcf98000 rw-s 00000000 00:01 157268                     /memfd:pipewire-memfd:flags=0x0000000f,type=2,size=2312 (deleted)
758bdcf98000-758bdcf99000 rw-s 00000000 00:01 148133                     /memfd:pipewire-memfd:flags=0x0000000f,type=2,size=2312 (deleted)
758bdcf99000-758bdcf9a000 rw-s 00000000 00:01 155610                     /memfd:pipewire-memfd:flags=0x0000000f,type=2,size=4096 (deleted)
758bdcf9a000-758bdcfa3000 rw-s 00000000 00:01 157267                     /memfd:pipewire-memfd:flags=0x0000000f,type=2,size=32832 (deleted)
758bdcfa3000-758bdcfac000 rw-s 00000000 00:01 157266                     /memfd:pipewire-memfd:flags=0x0000000f,type=2,size=32832 (deleted)
758bdcfac000-758bdcfad000 rw-s 00000000 00:01 20680                      /memfd:pipewire-memfd:flags=0x0000000f,type=2,size=2312 (deleted)
758bdcfad000-758bdcfae000 rw-s 00000000 00:01 155609                     /memfd:pipewire-memfd:flags=0x0000000f,type=2,size=2312 (deleted)
758bdcfae000-758bdcfaf000 rw-s 00000000 00:01 148132                     /memfd:pipewire-memfd:flags=0x0000000f,type=2,size=2312 (deleted)
758bdcfaf000-758bdcfb0000 rw-s 00000000 00:01 163889                     /memfd:pipewire-memfd:flags=0x0000000f,type=2,size=4096 (deleted)
758bdcfb0000-758bdcfb9000 rw-s 00000000 00:01 160159                     /memfd:pipewire-memfd:flags=0x0000000f,type=2,size=32832 (deleted)
758bdcfb9000-758bdcfc2000 rw-s 00000000 00:01 160158                     /memfd:pipewire-memfd:flags=0x0000000f,type=2,size=32832 (deleted)
758bdcfc2000-758bdcfc3000 rw-s 00000000 00:01 20680                      /memfd:pipewire-memfd:flags=0x0000000f,type=2,size=2312 (deleted)
758bdcfc3000-758bdcfc4000 rw-s 00000000 00:01 163888                     /memfd:pipewire-memfd:flags=0x0000000f,type=2,size=2312 (deleted)
758bdcfc4000-758bdcfc5000 rw-s 00000000 00:01 152511                     /memfd:pipewire-memfd:flags=0x0000000f,type=2,size=2312 (deleted)
758bdcfc5000-758bdcfc6000 rw-s 00000000 00:01 159097                     /memfd:pipewire-memfd:flags=0x0000000f,type=2,size=4096 (deleted)
758bdcfc6000-758bdcfcf000 rw-s 00000000 00:01 158224                     /memfd:pipewire-memfd:flags=0x0000000f,type=2,size=32832 (deleted)
758bdcfcf000-758bdcfd8000 rw-s 00000000 00:01 158223                     /memfd:pipewire-memfd:flags=0x0000000f,type=2,size=32832 (deleted)
758bdcfd8000-758bdcfd9000 rw-s 00000000 00:01 20680                      /memfd:pipewire-memfd:flags=0x0000000f,type=2,size=2312 (deleted)
758bdcfd9000-758bdcfda000 rw-s 00000000 00:01 159096                     /memfd:pipewire-memfd:flags=0x0000000f,type=2,size=2312 (deleted)
758bdcfda000-758bdcfdb000 rw-s 00000000 00:01 146311                     /memfd:pipewire-memfd:flags=0x0000000f,type=2,size=2312 (deleted)
758bdcfdb000-758bdcfdc000 rw-s 00000000 00:01 163887                     /memfd:pipewire-memfd:flags=0x0000000f,type=2,size=4096 (deleted)
758bdcfdc000-758bdcfe5000 rw-s 00000000 00:01 158222                     /memfd:pipewire-memfd:flags=0x0000000f,type=2,size=32832 (deleted)
758bdcfe5000-758bdcfee000 rw-s 00000000 00:01 158221                     /memfd:pipewire-memfd:flags=0x0000000f,type=2,size=32832 (deleted)
758bdcfee000-758bdcfef000 rw-s 00000000 00:01 20680                      /memfd:pipewire-memfd:flags=0x0000000f,type=2,size=2312 (deleted)
758bdcfef000-758bdcff0000 rw-s 00000000 00:01 163886                     /memfd:pipewire-memfd:flags=0x0000000f,type=2,size=2312 (deleted)
758bdcff0000-758bdcff1000 rw-s 00000000 00:01 162951                     /memfd:pipewire-memfd:flags=0x0000000f,type=2,size=2312 (deleted)
758bdcff1000-758bdcff2000 rw-s 00000000 00:01 162950                     /memfd:pipewire-memfd:flags=0x0000000f,type=2,size=4096 (deleted)
758bdcff2000-758bdcffb000 rw-s 00000000 00:01 162055                     /memfd:pipewire-memfd:flags=0x0000000f,type=2,size=32832 (deleted)
758bdcffb000-758bdd004000 rw-s 00000000 00:01 162054                     /memfd:pipewire-memfd:flags=0x0000000f,type=2,size=32832 (deleted)
758bdd004000-758bdd005000 rw-s 00000000 00:01 20680                      /memfd:pipewire-memfd:flags=0x0000000f,type=2,size=2312 (deleted)
758bdd005000-758bdd006000 rw-s 00000000 00:01 158220                     /memfd:pipewire-memfd:flags=0x0000000f,type=2,size=2312 (deleted)
758bdd006000-758bdd007000 rw-s 00000000 00:01 153297                     /memfd:pipewire-memfd:flags=0x0000000f,type=2,size=2312 (deleted)
758bdd007000-758bdd008000 rw-s 00000000 00:01 152510                     /memfd:pipewire-memfd:flags=0x0000000f,type=2,size=4096 (deleted)
758bdd008000-758bdd011000 rw-s 00000000 00:01 162949                     /memfd:pipewire-memfd:flags=0x0000000f,type=2,size=32832 (deleted)
758bdd011000-758bdd01a000 rw-s 00000000 00:01 162948                     /memfd:pipewire-memfd:flags=0x0000000f,type=2,size=32832 (deleted)
758bdd01a000-758bdd01b000 rw-s 00000000 00:01 20680                      /memfd:pipewire-memfd:flags=0x0000000f,type=2,size=2312 (deleted)
758bdd01b000-758bdd01c000 rw-s 00000000 00:01 152509                     /memfd:pipewire-memfd:flags=0x0000000f,type=2,size=2312 (deleted)
758bdd01c000-758bdd01d000 rw-s 00000000 00:01 157265                     /memfd:pipewire-memfd:flags=0x0000000f,type=2,size=2312 (deleted)
758bdd01d000-758bdd01e000 rw-s 00000000 00:01 162053                     /memfd:pipewire-memfd:flags=0x0000000f,type=2,size=4096 (deleted)
758bdd01e000-758bdd027000 rw-s 00000000 00:01 152508                     /memfd:pipewire-memfd:flags=0x0000000f,type=2,size=32832 (deleted)
758bdd027000-758bdd030000 rw-s 00000000 00:01 152507                     /memfd:pipewire-memfd:flags=0x0000000f,type=2,size=32832 (deleted)
758bdd030000-758bdd031000 rw-s 00000000 00:01 20680                      /memfd:pipewire-memfd:flags=0x0000000f,type=2,size=2312 (deleted)
758bdd031000-758bdd032000 rw-s 00000000 00:01 162052                     /memfd:pipewire-memfd:flags=0x0000000f,type=2,size=2312 (deleted)
758bdd032000-758bdd033000 rw-s 00000000 00:01 155608                     /memfd:pipewire-memfd:flags=0x0000000f,type=2,size=2312 (deleted)
758bdd033000-758bdd034000 rw-s 00000000 00:01 163883                     /memfd:pipewire-memfd:flags=0x0000000f,type=2,size=4096 (deleted)
758bdd034000-758bdd03d000 rw-s 00000000 00:01 163885                     /memfd:pipewire-memfd:flags=0x0000000f,type=2,size=32832 (deleted)
758bdd03d000-758bdd046000 rw-s 00000000 00:01 163884                     /memfd:pipewire-memfd:flags=0x0000000f,type=2,size=32832 (deleted)
758bdd046000-758bdd047000 rw-s 00000000 00:01 20680                      /memfd:pipewire-memfd:flags=0x0000000f,type=2,size=2312 (deleted)
758bdd047000-758bdd048000 rw-s 00000000 00:01 163882                     /memfd:pipewire-memfd:flags=0x0000000f,type=2,size=2312 (deleted)
758bdd048000-758bdd049000 rw-s 00000000 00:01 150086                     /memfd:pipewire-memfd:flags=0x0000000f,type=2,size=2312 (deleted)
758bdd049000-758bdd04a000 rw-s 00000000 00:01 157262                     /memfd:pipewire-memfd:flags=0x0000000f,type=2,size=4096 (deleted)
758bdd04a000-758bdd053000 rw-s 00000000 00:01 157264                     /memfd:pipewire-memfd:flags=0x0000000f,type=2,size=32832 (deleted)
758bdd053000-758bdd05c000 rw-s 00000000 00:01 157263                     /memfd:pipewire-memfd:flags=0x0000000f,type=2,size=32832 (deleted)
758bdd05c000-758bdd05d000 rw-s 00000000 00:01 20680                      /memfd:pipewire-memfd:flags=0x0000000f,type=2,size=2312 (deleted)
758bdd05d000-758bdd05e000 rw-s 00000000 00:01 157261                     /memfd:pipewire-memfd:flags=0x0000000f,type=2,size=2312 (deleted)
758bdd05e000-758bdd05f000 rw-s 00000000 00:01 160157                     /memfd:pipewire-memfd:flags=0x0000000f,type=2,size=2312 (deleted)
758bdd05f000-758bdd060000 rw-s 00000000 00:01 153296                     /memfd:pipewire-memfd:flags=0x0000000f,type=2,size=4096 (deleted)
758bdd060000-758bdd069000 rw-s 00000000 00:01 157260                     /memfd:pipewire-memfd:flags=0x0000000f,type=2,size=32832 (deleted)
758bdd069000-758bdd072000 rw-s 00000000 00:01 157259                     /memfd:pipewire-memfd:flags=0x0000000f,type=2,size=32832 (deleted)
758bdd072000-758bdd073000 rw-s 00000000 00:01 20680                      /memfd:pipewire-memfd:flags=0x0000000f,type=2,size=2312 (deleted)
758bdd073000-758bdd074000 rw-s 00000000 00:01 153295                     /memfd:pipewire-memfd:flags=0x0000000f,type=2,size=2312 (deleted)
758bdd074000-758bdd075000 rw-s 00000000 00:01 162947                     /memfd:pipewire-memfd:flags=0x0000000f,type=2,size=2312 (deleted)
758bdd075000-758bdd076000 rw-s 00000000 00:01 153292                     /memfd:pipewire-memfd:flags=0x0000000f,type=2,size=4096 (deleted)
758bdd076000-758bdd07f000 rw-s 00000000 00:01 153294                     /memfd:pipewire-memfd:flags=0x0000000f,type=2,size=32832 (deleted)
758bdd07f000-758bdd088000 rw-s 00000000 00:01 153293                     /memfd:pipewire-memfd:flags=0x0000000f,type=2,size=32832 (deleted)
758bdd088000-758bdd089000 rw-s 00000000 00:01 20680                      /memfd:pipewire-memfd:flags=0x0000000f,type=2,size=2312 (deleted)
758bdd089000-758bdd08a000 rw-s 00000000 00:01 153291                     /memfd:pipewire-memfd:flags=0x0000000f,type=2,size=2312 (deleted)
758bdd08a000-758bdd08b000 rw-s 00000000 00:01 163881                     /memfd:pipewire-memfd:flags=0x0000000f,type=2,size=2312 (deleted)
758bdd08b000-758bdd08c000 rw-s 00000000 00:01 162946                     /memfd:pipewire-memfd:flags=0x0000000f,type=2,size=4096 (deleted)
758bdd08c000-758bdd095000 rw-s 00000000 00:01 157258                     /memfd:pipewire-memfd:flags=0x0000000f,type=2,size=32832 (deleted)
758bdd095000-758bdd09e000 rw-s 00000000 00:01 157257                     /memfd:pipewire-memfd:flags=0x0000000f,type=2,size=32832 (deleted)
758bdd09e000-758bdd09f000 rw-s 00000000 00:01 20680                      /memfd:pipewire-memfd:flags=0x0000000f,type=2,size=2312 (deleted)
758bdd09f000-758bdd0a0000 rw-s 00000000 00:01 162945                     /memfd:pipewire-memfd:flags=0x0000000f,type=2,size=2312 (deleted)
758bdd0a0000-758bdd0a1000 rw-s 00000000 00:01 157256                     /memfd:pipewire-memfd:flags=0x0000000f,type=2,size=2312 (deleted)
758bdd0a1000-758bdd0a2000 rw-s 00000000 00:01 162942                     /memfd:pipewire-memfd:flags=0x0000000f,type=2,size=4096 (deleted)
758bdd0a2000-758bdd0ab000 rw-s 00000000 00:01 162944                     /memfd:pipewire-memfd:flags=0x0000000f,type=2,size=32832 (deleted)
758bdd0ab000-758bdd0b4000 rw-s 00000000 00:01 162943                     /memfd:pipewire-memfd:flags=0x0000000f,type=2,size=32832 (deleted)
758bdd0b4000-758bdd0b5000 rw-s 00000000 00:01 20680                      /memfd:pipewire-memfd:flags=0x0000000f,type=2,size=2312 (deleted)
758bdd0b5000-758bdd0b6000 rw-s 00000000 00:01 162941                     /memfd:pipewire-memfd:flags=0x0000000f,type=2,size=2312 (deleted)
758bdd0b6000-758bdd0b7000 rw-s 00000000 00:01 162051                     /memfd:pipewire-memfd:flags=0x0000000f,type=2,size=2312 (deleted)
758bdd0b7000-758bdd0b8000 rw-s 00000000 00:01 153288                     /memfd:pipewire-memfd:flags=0x0000000f,type=2,size=4096 (deleted)
758bdd0b8000-758bdd0c1000 rw-s 00000000 00:01 153290                     /memfd:pipewire-memfd:flags=0x0000000f,type=2,size=32832 (deleted)
758bdd0c1000-758bdd0ca000 rw-s 00000000 00:01 153289                     /memfd:pipewire-memfd:flags=0x0000000f,type=2,size=32832 (deleted)
758bdd0ca000-758bdd0cb000 rw-s 00000000 00:01 20680                      /memfd:pipewire-memfd:flags=0x0000000f,type=2,size=2312 (deleted)
758bdd0cb000-758bdd0cc000 rw-s 00000000 00:01 153287                     /memfd:pipewire-memfd:flags=0x0000000f,type=2,size=2312 (deleted)
758bdd0cc000-758bdd0cd000 rw-s 00000000 00:01 156296                     /memfd:pipewire-memfd:flags=0x0000000f,type=2,size=2312 (deleted)
758bdd0cd000-758bdd0ce000 rw-s 00000000 00:01 153286                     /memfd:pipewire-memfd:flags=0x0000000f,type=2,size=4096 (deleted)
758bdd0ce000-758bdd0d7000 rw-s 00000000 00:01 148131                     /memfd:pipewire-memfd:flags=0x0000000f,type=2,size=32832 (deleted)
758bdd0d7000-758bdd0e0000 rw-s 00000000 00:01 148130                     /memfd:pipewire-memfd:flags=0x0000000f,type=2,size=32832 (deleted)
758bdd0e0000-758bdd0e1000 rw-s 00000000 00:01 20680                      /memfd:pipewire-memfd:flags=0x0000000f,type=2,size=2312 (deleted)
758bdd0e1000-758bdd0e2000 rw-s 00000000 00:01 153285                     /memfd:pipewire-memfd:flags=0x0000000f,type=2,size=2312 (deleted)
758bdd0e2000-758bdd0eb000 rw-s 00000000 00:01 146310                     /memfd:pipewire-memfd:flags=0x0000000f,type=2,size=32832 (deleted)
758bdd0eb000-758bdd0f4000 rw-s 00000000 00:01 146309                     /memfd:pipewire-memfd:flags=0x0000000f,type=2,size=32832 (deleted)
758bdd0f4000-758bdd0fd000 rw-s 00000000 00:01 160155                     /memfd:pipewire-memfd:flags=0x0000000f,type=2,size=32832 (deleted)
758bdd0fd000-758bdd4fd000 rw-s 10ef3b000 00:05 1142                      /dev/dri/renderD128
758bdd4fd000-758bdd501000 ---p 00000000 00:00 0 
758bdd501000-758bdd5fd000 rw-p 00000000 00:00 0 
758bdd5fd000-758bdd601000 ---p 00000000 00:00 0 
758bdd601000-758bdd6fd000 rw-p 00000000 00:00 0 
758bdd6fd000-758bdd701000 ---p 00000000 00:00 0 
758bdd701000-758bdd7fd000 rw-p 00000000 00:00 0 
758bdd7fd000-758bdd801000 ---p 00000000 00:00 0 
758bdd801000-758bdd8fd000 rw-p 00000000 00:00 0 
758bdd8fd000-758bdd901000 ---p 00000000 00:00 0 
758bdd901000-758bdd9fd000 rw-p 00000000 00:00 0 
758bdd9fd000-758bdda01000 ---p 00000000 00:00 0 
758bdda01000-758bddafd000 rw-p 00000000 00:00 0 
758bddafd000-758bddafe000 rw-s 00000000 00:01 160156                     /memfd:pipewire-memfd:flags=0x0000000f,type=2,size=2312 (deleted)
758bddafe000-758bddaff000 rw-s 00000000 00:01 153284                     /memfd:pipewire-memfd:flags=0x0000000f,type=2,size=4096 (deleted)
758bddaff000-758bddb00000 rw-s 00000000 00:01 20680                      /memfd:pipewire-memfd:flags=0x0000000f,type=2,size=2312 (deleted)
758bddb00000-758bddb01000 rw-s 00000000 00:01 153283                     /memfd:pipewire-memfd:flags=0x0000000f,type=2,size=2312 (deleted)
758bddb01000-758bddb02000 rw-s 00000000 00:01 155607                     /memfd:pipewire-memfd:flags=0x0000000f,type=2,size=2312 (deleted)
758bddb02000-758bddb03000 rw-s 00000000 00:01 158219                     /memfd:pipewire-memfd:flags=0x0000000f,type=2,size=4096 (deleted)
758bddb03000-758bddb0c000 rw-s 00000000 00:01 160154                     /memfd:pipewire-memfd:flags=0x0000000f,type=2,size=32832 (deleted)
758bddb0c000-758bddb15000 rw-s 00000000 00:01 161007                     /memfd:pipewire-memfd:flags=0x0000000f,type=2,size=32832 (deleted)
758bddb15000-758bddb19000 ---p 00000000 00:00 0 
758bddb19000-758bddc15000 rw-p 00000000 00:00 0 
758bddc15000-758bddc19000 ---p 00000000 00:00 0 
758bddc19000-758bddd15000 rw-p 00000000 00:00 0 
758bddd15000-758bddd16000 rw-s 00000000 00:01 20680                      /memfd:pipewire-memfd:flags=0x0000000f,type=2,size=2312 (deleted)
758bddd16000-758bddd17000 rw-s 00000000 00:01 158218                     /memfd:pipewire-memfd:flags=0x0000000f,type=2,size=2312 (deleted)
758bddd17000-758bddd18000 rw-s 00000000 00:01 152506                     /memfd:pipewire-memfd:flags=0x0000000f,type=2,size=2312 (deleted)
758bddd18000-758bddd19000 rw-s 00000000 00:01 161005                     /memfd:pipewire-memfd:flags=0x0000000f,type=2,size=4096 (deleted)
758bddd19000-758bddd22000 rw-s 00000000 00:01 161006                     /memfd:pipewire-memfd:flags=0x0000000f,type=2,size=32832 (deleted)
758bddd22000-758bddd23000 rw-s 00000000 00:01 20680                      /memfd:pipewire-memfd:flags=0x0000000f,type=2,size=2312 (deleted)
758bddd23000-758bddd24000 rw-s 00000000 00:01 161004                     /memfd:pipewire-memfd:flags=0x0000000f,type=2,size=2312 (deleted)
758bddd24000-758bddd25000 rw-s 00000000 00:01 156295                     /memfd:pipewire-memfd:flags=0x0000000f,type=2,size=2312 (deleted)
758bddd25000-758bddd26000 rw-s 00000000 00:01 158217                     /memfd:pipewire-memfd:flags=0x0000000f,type=2,size=4096 (deleted)
758bddd26000-758bddd2f000 rw-s 00000000 00:01 161003                     /memfd:pipewire-memfd:flags=0x0000000f,type=2,size=32832 (deleted)
758bddd2f000-758bddd38000 rw-s 00000000 00:01 161002                     /memfd:pipewire-memfd:flags=0x0000000f,type=2,size=32832 (deleted)
758bddd38000-758bddd39000 rw-s 00000000 00:01 20680                      /memfd:pipewire-memfd:flags=0x0000000f,type=2,size=2312 (deleted)
758bddd39000-758bddd3a000 rw-s 00000000 00:01 158216                     /memfd:pipewire-memfd:flags=0x0000000f,type=2,size=2312 (deleted)
758bddd3a000-758bddd3b000 rw-s 00000000 00:01 159095                     /memfd:pipewire-memfd:flags=0x0000000f,type=2,size=2312 (deleted)
758bddd3b000-758bddd3c000 rw-s 00000000 00:01 146308                     /memfd:pipewire-memfd:flags=0x0000000f,type=2,size=4096 (deleted)
758bddd3c000-758bddd45000 rw-s 00000000 00:01 158215                     /memfd:pipewire-memfd:flags=0x0000000f,type=2,size=32832 (deleted)
758bddd45000-758bddd4e000 rw-s 00000000 00:01 158214                     /memfd:pipewire-memfd:flags=0x0000000f,type=2,size=32832 (deleted)
758bddd4e000-758bddd4f000 rw-s 00000000 00:01 20680                      /memfd:pipewire-memfd:flags=0x0000000f,type=2,size=2312 (deleted)
758bddd4f000-758bddd50000 rw-s 00000000 00:01 146307                     /memfd:pipewire-memfd:flags=0x0000000f,type=2,size=2312 (deleted)
758bddd50000-758bddd51000 rw-s 00000000 00:01 161001                     /memfd:pipewire-memfd:flags=0x0000000f,type=2,size=2312 (deleted)
758bddd51000-758bddd52000 rw-s 00000000 00:01 163880                     /memfd:pipewire-memfd:flags=0x0000000f,type=2,size=4096 (deleted)
758bddd52000-758bddd5b000 rw-s 00000000 00:01 146306                     /memfd:pipewire-memfd:flags=0x0000000f,type=2,size=32832 (deleted)
758bddd5b000-758bddd64000 rw-s 00000000 00:01 146305                     /memfd:pipewire-memfd:flags=0x0000000f,type=2,size=32832 (deleted)
758bddd64000-758bddd65000 rw-s 00000000 00:01 20680                      /memfd:pipewire-memfd:flags=0x0000000f,type=2,size=2312 (deleted)
758bddd65000-758bddd66000 rw-s 00000000 00:01 162050                     /memfd:pipewire-memfd:flags=0x0000000f,type=2,size=2312 (deleted)
758bddd66000-758bddd67000 rw-s 00000000 00:01 161000                     /memfd:pipewire-memfd:flags=0x0000000f,type=2,size=2312 (deleted)
758bddd67000-758bddd68000 rw-s 00000000 00:01 163879                     /memfd:pipewire-memfd:flags=0x0000000f,type=2,size=4096 (deleted)
758bddd68000-758bddd71000 rw-s 00000000 00:01 148129                     /memfd:pipewire-memfd:flags=0x0000000f,type=2,size=32832 (deleted)
758bddd71000-758bddd7a000 rw-s 00000000 00:01 148128                     /memfd:pipewire-memfd:flags=0x0000000f,type=2,size=32832 (deleted)
758bddd7a000-758bddd7b000 rw-s 00000000 00:01 20680                      /memfd:pipewire-memfd:flags=0x0000000f,type=2,size=2312 (deleted)
758bddd7b000-758bddd7c000 rw-s 00000000 00:01 163878                     /memfd:pipewire-memfd:flags=0x0000000f,type=2,size=2312 (deleted)
758bddd7c000-758bddd7d000 rw-s 00000000 00:01 159094                     /memfd:pipewire-memfd:flags=0x0000000f,type=2,size=2312 (deleted)
758bddd7d000-758bddd7e000 rw-s 00000000 00:01 148125                     /memfd:pipewire-memfd:flags=0x0000000f,type=2,size=4096 (deleted)
758bddd7e000-758bddd87000 rw-s 00000000 00:01 148127                     /memfd:pipewire-memfd:flags=0x0000000f,type=2,size=32832 (deleted)
758bddd87000-758bddd90000 rw-s 00000000 00:01 148126                     /memfd:pipewire-memfd:flags=0x0000000f,type=2,size=32832 (deleted)
758bddd90000-758bddd91000 rw-s 00000000 00:01 20680                      /memfd:pipewire-memfd:flags=0x0000000f,type=2,size=2312 (deleted)
758bddd91000-758bddd92000 rw-s 00000000 00:01 148124                     /memfd:pipewire-memfd:flags=0x0000000f,type=2,size=2312 (deleted)
758bddd92000-758bddd93000 rw-s 00000000 00:01 156294                     /memfd:pipewire-memfd:flags=0x0000000f,type=2,size=2312 (deleted)
758bddd93000-758bddd94000 rw-s 00000000 00:01 151128                     /memfd:pipewire-memfd:flags=0x0000000f,type=2,size=4096 (deleted)
758bddd94000-758bddd9d000 rw-s 00000000 00:01 148123                     /memfd:pipewire-memfd:flags=0x0000000f,type=2,size=32832 (deleted)
758bddd9d000-758bddda6000 rw-s 00000000 00:01 148122                     /memfd:pipewire-memfd:flags=0x0000000f,type=2,size=32832 (deleted)
758bddda6000-758bddda7000 rw-s 00000000 00:01 20680                      /memfd:pipewire-memfd:flags=0x0000000f,type=2,size=2312 (deleted)
758bddda7000-758bddda8000 rw-s 00000000 00:01 151127                     /memfd:pipewire-memfd:flags=0x0000000f,type=2,size=2312 (deleted)
758bddda8000-758bddda9000 rw-s 00000000 00:01 146304                     /memfd:pipewire-memfd:flags=0x0000000f,type=2,size=2312 (deleted)
758bddda9000-758bdddaa000 rw-s 00000000 00:01 148121                     /memfd:pipewire-memfd:flags=0x0000000f,type=2,size=4096 (deleted)
758bdddaa000-758bdddb3000 rw-s 00000000 00:01 146303                     /memfd:pipewire-memfd:flags=0x0000000f,type=2,size=32832 (deleted)
758bdddb3000-758bdddbc000 rw-s 00000000 00:01 146302                     /memfd:pipewire-memfd:flags=0x0000000f,type=2,size=32832 (deleted)
758bdddbc000-758bdddbd000 rw-s 00000000 00:01 20680                      /memfd:pipewire-memfd:flags=0x0000000f,type=2,size=2312 (deleted)
758bdddbd000-758bdddbe000 rw-s 00000000 00:01 148120                     /memfd:pipewire-memfd:flags=0x0000000f,type=2,size=2312 (deleted)
758bdddbe000-758bdddbf000 rw-s 00000000 00:01 157255                     /memfd:pipewire-memfd:flags=0x0000000f,type=2,size=2312 (deleted)
758bdddbf000-758bdddc0000 rw-s 00000000 00:01 162938                     /memfd:pipewire-memfd:flags=0x0000000f,type=2,size=4096 (deleted)
758bdddc0000-758bdddc9000 rw-s 00000000 00:01 148119                     /memfd:pipewire-memfd:flags=0x0000000f,type=2,size=32832 (deleted)
758bdddc9000-758bdddd2000 rw-s 00000000 00:01 148118                     /memfd:pipewire-memfd:flags=0x0000000f,type=2,size=32832 (deleted)
758bdddd2000-758bdddd3000 rw-s 00000000 00:01 20680                      /memfd:pipewire-memfd:flags=0x0000000f,type=2,size=2312 (deleted)
758bdddd3000-758bdddd4000 rw-s 00000000 00:01 162937                     /memfd:pipewire-memfd:flags=0x0000000f,type=2,size=2312 (deleted)
758bdddd4000-758bdddd5000 rw-s 00000000 00:01 159093                     /memfd:pipewire-memfd:flags=0x0000000f,type=2,size=2312 (deleted)
758bdddd5000-758bdddd6000 rw-s 00000000 00:01 159092                     /memfd:pipewire-memfd:flags=0x0000000f,type=2,size=4096 (deleted)
758bdddd6000-758bddddf000 rw-s 00000000 00:01 162936                     /memfd:pipewire-memfd:flags=0x0000000f,type=2,size=32832 (deleted)
758bddddf000-758bddde8000 rw-s 00000000 00:01 162935                     /memfd:pipewire-memfd:flags=0x0000000f,type=2,size=32832 (deleted)
758bddde8000-758bddde9000 rw-s 00000000 00:01 20680                      /memfd:pipewire-memfd:flags=0x0000000f,type=2,size=2312 (deleted)
758bddde9000-758bdddea000 rw-s 00000000 00:01 159091                     /memfd:pipewire-memfd:flags=0x0000000f,type=2,size=2312 (deleted)
758bdddea000-758bdddf3000 rw-s 00000000 00:01 159090                     /memfd:pipewire-memfd:flags=0x0000000f,type=2,size=32832 (deleted)
758bdddf3000-758bdddf4000 rw-s 00000000 00:01 146261                     /memfd:pipewire-memfd:flags=0x0000000f,type=2,size=4096 (deleted)
758bdddf4000-758bdddfd000 rw-s 00000000 00:01 146263                     /memfd:pipewire-memfd:flags=0x0000000f,type=2,size=32832 (deleted)
758bdddfd000-758bdde06000 rw-s 00000000 00:01 146262                     /memfd:pipewire-memfd:flags=0x0000000f,type=2,size=32832 (deleted)
758bdde06000-758bdde07000 rw-s 00000000 00:01 20680                      /memfd:pipewire-memfd:flags=0x0000000f,type=2,size=2312 (deleted)
758bdde07000-758bdde08000 rw-s 00000000 00:01 146260                     /memfd:pipewire-memfd:flags=0x0000000f,type=2,size=2312 (deleted)
758bdde08000-758bdde09000 rw-s 00000000 00:01 157201                     /memfd:pipewire-memfd:flags=0x0000000f,type=2,size=2312 (deleted)
758bdde09000-758bdde12000 rw-s 00000000 00:01 150049                     /memfd:pipewire-memfd:flags=0x0000000f,type=2,size=32832 (deleted)
758bdde12000-758bdde45000 r--p 00000000 08:02 17579697                   /usr/lib/x86_64-linux-gnu/libpipewire-0.3.so.0.1005.0
758bdde45000-758bddeac000 r-xp 00033000 08:02 17579697                   /usr/lib/x86_64-linux-gnu/libpipewire-0.3.so.0.1005.0
758bddeac000-758bddec5000 r--p 0009a000 08:02 17579697                   /usr/lib/x86_64-linux-gnu/libpipewire-0.3.so.0.1005.0
758bddec5000-758bddef0000 r--p 000b2000 08:02 17579697                   /usr/lib/x86_64-linux-gnu/libpipewire-0.3.so.0.1005.0
758bddef0000-758bddef1000 rw-p 000dd000 08:02 17579697                   /usr/lib/x86_64-linux-gnu/libpipewire-0.3.so.0.1005.0
758bddef1000-758bddef2000 rw-p 00000000 00:00 0 
758bddef2000-758bddf1d000 r--p 00000000 08:02 17564773                   /usr/lib/x86_64-linux-gnu/libasound.so.2.0.0
758bddf1d000-758bddfbc000 r-xp 0002b000 08:02 17564773                   /usr/lib/x86_64-linux-gnu/libasound.so.2.0.0
758bddfbc000-758bddff4000 r--p 000ca000 08:02 17564773                   /usr/lib/x86_64-linux-gnu/libasound.so.2.0.0
758bddff4000-758bddffb000 r--p 00101000 08:02 17564773                   /usr/lib/x86_64-linux-gnu/libasound.so.2.0.0
758bddffb000-758bddffc000 rw-p 00108000 08:02 17564773                   /usr/lib/x86_64-linux-gnu/libasound.so.2.0.0
758bddffc000-758bddffd000 rw-s 00000000 00:01 150047                     /memfd:pipewire-memfd:flags=0x0000000f,type=2,size=4096 (deleted)
758bddffd000-758bde006000 rw-s 00000000 00:01 150048                     /memfd:pipewire-memfd:flags=0x0000000f,type=2,size=32832 (deleted)
758bde006000-758bde007000 rw-s 00000000 00:01 20680                      /memfd:pipewire-memfd:flags=0x0000000f,type=2,size=2312 (deleted)
758bde007000-758bde008000 rw-s 00000000 00:01 150046                     /memfd:pipewire-memfd:flags=0x0000000f,type=2,size=2312 (deleted)
758bde008000-758bde009000 rw-s 00000000 00:01 154611                     /memfd:pipewire-memfd:flags=0x0000000f,type=2,size=2312 (deleted)
758bde009000-758bde00a000 rw-s 00000000 00:01 160118                     /memfd:pipewire-memfd:flags=0x0000000f,type=2,size=4096 (deleted)
758bde00a000-758bde013000 rw-s 00000000 00:01 148097                     /memfd:pipewire-memfd:flags=0x0000000f,type=2,size=32832 (deleted)
758bde013000-758bde01c000 rw-s 00000000 00:01 148096                     /memfd:pipewire-memfd:flags=0x0000000f,type=2,size=32832 (deleted)
758bde01c000-758bde01d000 rw-s 00000000 00:01 20680                      /memfd:pipewire-memfd:flags=0x0000000f,type=2,size=2312 (deleted)
758bde01d000-758bde01e000 rw-s 00000000 00:01 160117                     /memfd:pipewire-memfd:flags=0x0000000f,type=2,size=2312 (deleted)
758bde01e000-758bde01f000 rw-s 00000000 00:01 152422                     /memfd:pipewire-memfd:flags=0x0000000f,type=2,size=2312 (deleted)
758bde01f000-758bde020000 rw-s 00000000 00:01 153213                     /memfd:pipewire-memfd:flags=0x0000000f,type=2,size=4096 (deleted)
758bde020000-758bde029000 rw-s 00000000 00:01 151057                     /memfd:pipewire-memfd:flags=0x0000000f,type=2,size=32832 (deleted)
758bde029000-758bde032000 rw-s 00000000 00:01 151056                     /memfd:pipewire-memfd:flags=0x0000000f,type=2,size=32832 (deleted)
758bde032000-758bde033000 rw-s 00000000 00:01 20680                      /memfd:pipewire-memfd:flags=0x0000000f,type=2,size=2312 (deleted)
758bde033000-758bde034000 rw-s 00000000 00:01 153212                     /memfd:pipewire-memfd:flags=0x0000000f,type=2,size=2312 (deleted)
758bde034000-758bde035000 rw-s 00000000 00:01 148095                     /memfd:pipewire-memfd:flags=0x0000000f,type=2,size=2312 (deleted)
758bde035000-758bde036000 rw-s 00000000 00:01 154608                     /memfd:pipewire-memfd:flags=0x0000000f,type=2,size=4096 (deleted)
758bde036000-758bde03f000 rw-s 00000000 00:01 154610                     /memfd:pipewire-memfd:flags=0x0000000f,type=2,size=32832 (deleted)
758bde03f000-758bde048000 rw-s 00000000 00:01 154609                     /memfd:pipewire-memfd:flags=0x0000000f,type=2,size=32832 (deleted)
758bde048000-758bde049000 rw-s 00000000 00:01 20680                      /memfd:pipewire-memfd:flags=0x0000000f,type=2,size=2312 (deleted)
758bde049000-758bde04a000 rw-s 00000000 00:01 154607                     /memfd:pipewire-memfd:flags=0x0000000f,type=2,size=2312 (deleted)
758bde04a000-758bde04b000 rw-s 00000000 00:01 157200                     /memfd:pipewire-memfd:flags=0x0000000f,type=2,size=2312 (deleted)
758bde04b000-758bde04c000 rw-s 00000000 00:01 158156                     /memfd:pipewire-memfd:flags=0x0000000f,type=2,size=4096 (deleted)
758bde04c000-758bde055000 rw-s 00000000 00:01 158158                     /memfd:pipewire-memfd:flags=0x0000000f,type=2,size=32832 (deleted)
758bde055000-758bde05e000 rw-s 00000000 00:01 158157                     /memfd:pipewire-memfd:flags=0x0000000f,type=2,size=32832 (deleted)
758bde05e000-758bde05f000 rw-s 00000000 00:01 20680                      /memfd:pipewire-memfd:flags=0x0000000f,type=2,size=2312 (deleted)
758bde05f000-758bde060000 rw-s 00000000 00:01 158155                     /memfd:pipewire-memfd:flags=0x0000000f,type=2,size=2312 (deleted)
758bde060000-758bde061000 rw-s 00000000 00:01 154606                     /memfd:pipewire-memfd:flags=0x0000000f,type=2,size=2312 (deleted)
758bde061000-758bde062000 rw-s 00000000 00:01 153209                     /memfd:pipewire-memfd:flags=0x0000000f,type=2,size=4096 (deleted)
758bde062000-758bde06b000 rw-s 00000000 00:01 153211                     /memfd:pipewire-memfd:flags=0x0000000f,type=2,size=32832 (deleted)
758bde06b000-758bde074000 rw-s 00000000 00:01 153210                     /memfd:pipewire-memfd:flags=0x0000000f,type=2,size=32832 (deleted)
758bde074000-758bde075000 rw-s 00000000 00:01 20680                      /memfd:pipewire-memfd:flags=0x0000000f,type=2,size=2312 (deleted)
758bde075000-758bde076000 rw-s 00000000 00:01 153208                     /memfd:pipewire-memfd:flags=0x0000000f,type=2,size=2312 (deleted)
758bde076000-758bde077000 rw-s 00000000 00:01 162909                     /memfd:pipewire-memfd:flags=0x0000000f,type=2,size=2312 (deleted)
758bde077000-758bde078000 rw-s 00000000 00:01 158152                     /memfd:pipewire-memfd:flags=0x0000000f,type=2,size=4096 (deleted)
758bde078000-758bde081000 rw-s 00000000 00:01 158154                     /memfd:pipewire-memfd:flags=0x0000000f,type=2,size=32832 (deleted)
758bde081000-758bde08a000 rw-s 00000000 00:01 158153                     /memfd:pipewire-memfd:flags=0x0000000f,type=2,size=32832 (deleted)
758bde08a000-758bde08b000 rw-s 00000000 00:01 20680                      /memfd:pipewire-memfd:flags=0x0000000f,type=2,size=2312 (deleted)
758bde08b000-758bde08c000 rw-s 00000000 00:01 158151                     /memfd:pipewire-memfd:flags=0x0000000f,type=2,size=2312 (deleted)
758bde08c000-758bde08d000 rw-s 00000000 00:01 153207                     /memfd:pipewire-memfd:flags=0x0000000f,type=2,size=2312 (deleted)
758bde08d000-758bde08e000 rw-s 00000000 00:01 154605                     /memfd:pipewire-memfd:flags=0x0000000f,type=2,size=4096 (deleted)
758bde08e000-758bde097000 rw-s 00000000 00:01 151055                     /memfd:pipewire-memfd:flags=0x0000000f,type=2,size=32832 (deleted)
758bde097000-758bde0a0000 rw-s 00000000 00:01 151054                     /memfd:pipewire-memfd:flags=0x0000000f,type=2,size=32832 (deleted)
758bde0a0000-758bde0a1000 rw-s 00000000 00:01 20680                      /memfd:pipewire-memfd:flags=0x0000000f,type=2,size=2312 (deleted)
758bde0a1000-758bde0a2000 rw-s 00000000 00:01 154604                     /memfd:pipewire-memfd:flags=0x0000000f,type=2,size=2312 (deleted)
758bde0a2000-758bde0a3000 rw-s 00000000 00:01 156275                     /memfd:pipewire-memfd:flags=0x0000000f,type=2,size=2312 (deleted)
758bde0a3000-758bde0a4000 rw-s 00000000 00:01 151051                     /memfd:pipewire-memfd:flags=0x0000000f,type=2,size=4096 (deleted)
758bde0a4000-758bde0ad000 rw-s 00000000 00:01 151053                     /memfd:pipewire-memfd:flags=0x0000000f,type=2,size=32832 (deleted)
758bde0ad000-758bde0b6000 rw-s 00000000 00:01 151052                     /memfd:pipewire-memfd:flags=0x0000000f,type=2,size=32832 (deleted)
758bde0b6000-758bde0b7000 rw-s 00000000 00:01 20680                      /memfd:pipewire-memfd:flags=0x0000000f,type=2,size=2312 (deleted)
758bde0b7000-758bde0b8000 rw-s 00000000 00:01 151050                     /memfd:pipewire-memfd:flags=0x0000000f,type=2,size=2312 (deleted)
758bde0b8000-758bde0b9000 rw-s 00000000 00:01 146259                     /memfd:pipewire-memfd:flags=0x0000000f,type=2,size=2312 (deleted)
758bde0b9000-758bde0ba000 rw-s 00000000 00:01 150045                     /memfd:pipewire-memfd:flags=0x0000000f,type=2,size=4096 (deleted)
758bde0ba000-758bde0c3000 rw-s 00000000 00:01 159034                     /memfd:pipewire-memfd:flags=0x0000000f,type=2,size=32832 (deleted)
758bde0c3000-758bde0cc000 rw-s 00000000 00:01 159033                     /memfd:pipewire-memfd:flags=0x0000000f,type=2,size=32832 (deleted)
758bde0cc000-758bde0cd000 rw-s 00000000 00:01 20680                      /memfd:pipewire-memfd:flags=0x0000000f,type=2,size=2312 (deleted)
758bde0cd000-758bde0ce000 rw-s 00000000 00:01 150044                     /memfd:pipewire-memfd:flags=0x0000000f,type=2,size=2312 (deleted)
758bde0ce000-758bde0cf000 rw-s 00000000 00:01 152418                     /memfd:pipewire-memfd:flags=0x0000000f,type=2,size=2312 (deleted)
758bde0cf000-758bde0d0000 rw-s 00000000 00:01 159028                     /memfd:pipewire-memfd:flags=0x0000000f,type=2,size=4096 (deleted)
758bde0d0000-758bde0d9000 rw-s 00000000 00:01 159030                     /memfd:pipewire-memfd:flags=0x0000000f,type=2,size=32832 (deleted)
758bde0d9000-758bde0e2000 rw-s 00000000 00:01 159029                     /memfd:pipewire-memfd:flags=0x0000000f,type=2,size=32832 (deleted)
758bde0e2000-758bde0e3000 rw-s 00000000 00:01 20680                      /memfd:pipewire-memfd:flags=0x0000000f,type=2,size=2312 (deleted)
758bde0e3000-758bde0e4000 rw-s 00000000 00:01 159027                     /memfd:pipewire-memfd:flags=0x0000000f,type=2,size=2312 (deleted)
758bde0e4000-758bde0e5000 rw-s 00000000 00:01 160116                     /memfd:pipewire-memfd:flags=0x0000000f,type=2,size=2312 (deleted)
758bde0e5000-758bde0e6000 rw-s 00000000 00:01 159025                     /memfd:pipewire-memfd:flags=0x0000000f,type=2,size=4096 (deleted)
758bde0e6000-758bde0e7000 rw-s 00000000 00:01 20681                      /memfd:pipewire-memfd:flags=0x0000000f,type=2,size=2312 (deleted)
758bde0e7000-758bde0f0000 rw-s 00000000 00:01 159026                     /memfd:pipewire-memfd:flags=0x0000000f,type=2,size=32832 (deleted)
758bde0f0000-758bde0f1000 r--p 00000000 08:02 17589499                   /usr/lib/x86_64-linux-gnu/spa-0.2/audiomixer/libspa-audiomixer.so
758bde0f1000-758bde100000 r-xp 00001000 08:02 17589499                   /usr/lib/x86_64-linux-gnu/spa-0.2/audiomixer/libspa-audiomixer.so
758bde100000-758bde102000 r--p 00010000 08:02 17589499                   /usr/lib/x86_64-linux-gnu/spa-0.2/audiomixer/libspa-audiomixer.so
758bde102000-758bde103000 r--p 00012000 08:02 17589499                   /usr/lib/x86_64-linux-gnu/spa-0.2/audiomixer/libspa-audiomixer.so
758bde103000-758bde104000 rw-p 00013000 08:02 17589499                   /usr/lib/x86_64-linux-gnu/spa-0.2/audiomixer/libspa-audiomixer.so
758bde104000-758bde105000 rw-s 00000000 00:01 159024                     /memfd:pipewire-memfd:flags=0x0000000f,type=2,size=2312 (deleted)
758bde105000-758bde106000 rw-s 00000000 00:01 155553                     /memfd:pipewire-memfd:flags=0x0000000f,type=2,size=2312 (deleted)
758bde106000-758bde107000 rw-s 00000000 00:01 159021                     /memfd:pipewire-memfd:flags=0x0000000f,type=2,size=4096 (deleted)
758bde107000-758bde118000 r--p 00000000 08:02 17589497                   /usr/lib/x86_64-linux-gnu/spa-0.2/audioconvert/libspa-audioconvert.so
758bde118000-758bde160000 r-xp 00011000 08:02 17589497                   /usr/lib/x86_64-linux-gnu/spa-0.2/audioconvert/libspa-audioconvert.so
758bde160000-758bde174000 r--p 00059000 08:02 17589497                   /usr/lib/x86_64-linux-gnu/spa-0.2/audioconvert/libspa-audioconvert.so
758bde174000-758bde182000 r--p 0006c000 08:02 17589497                   /usr/lib/x86_64-linux-gnu/spa-0.2/audioconvert/libspa-audioconvert.so
758bde182000-758bde184000 rw-p 0007a000 08:02 17589497                   /usr/lib/x86_64-linux-gnu/spa-0.2/audioconvert/libspa-audioconvert.so
758bde184000-758bde188000 r--p 00000000 08:02 17589822                   /usr/lib/x86_64-linux-gnu/pipewire-0.3/libpipewire-module-session-manager.so
758bde188000-758bde1a5000 r-xp 00004000 08:02 17589822                   /usr/lib/x86_64-linux-gnu/pipewire-0.3/libpipewire-module-session-manager.so
758bde1a5000-758bde1aa000 r--p 00021000 08:02 17589822                   /usr/lib/x86_64-linux-gnu/pipewire-0.3/libpipewire-module-session-manager.so
758bde1aa000-758bde1ac000 r--p 00026000 08:02 17589822                   /usr/lib/x86_64-linux-gnu/pipewire-0.3/libpipewire-module-session-manager.so
758bde1ac000-758bde1ad000 rw-p 00028000 08:02 17589822                   /usr/lib/x86_64-linux-gnu/pipewire-0.3/libpipewire-module-session-manager.so
758bde1ad000-758bde1af000 r--p 00000000 08:02 17589799                   /usr/lib/x86_64-linux-gnu/pipewire-0.3/libpipewire-module-metadata.so
758bde1af000-758bde1b7000 r-xp 00002000 08:02 17589799                   /usr/lib/x86_64-linux-gnu/pipewire-0.3/libpipewire-module-metadata.so
758bde1b7000-758bde1b8000 r--p 0000a000 08:02 17589799                   /usr/lib/x86_64-linux-gnu/pipewire-0.3/libpipewire-module-metadata.so
758bde1b8000-758bde1b9000 r--p 0000b000 08:02 17589799                   /usr/lib/x86_64-linux-gnu/pipewire-0.3/libpipewire-module-metadata.so
758bde1b9000-758bde1ba000 rw-p 0000c000 08:02 17589799                   /usr/lib/x86_64-linux-gnu/pipewire-0.3/libpipewire-module-metadata.so
758bde1ba000-758bde1c6000 r--p 00000000 08:02 17589787                   /usr/lib/x86_64-linux-gnu/pipewire-0.3/libpipewire-module-client-node.so
758bde1c6000-758bde1e7000 r-xp 0000c000 08:02 17589787                   /usr/lib/x86_64-linux-gnu/pipewire-0.3/libpipewire-module-client-node.so
758bde1e7000-758bde1f1000 r--p 0002d000 08:02 17589787                   /usr/lib/x86_64-linux-gnu/pipewire-0.3/libpipewire-module-client-node.so
758bde1f1000-758bde1fb000 r--p 00037000 08:02 17589787                   /usr/lib/x86_64-linux-gnu/pipewire-0.3/libpipewire-module-client-node.so
758bde1fb000-758bde1fc000 rw-p 00041000 08:02 17589787                   /usr/lib/x86_64-linux-gnu/pipewire-0.3/libpipewire-module-client-node.so
758bde1fc000-758bde1fd000 ---p 00000000 00:00 0 
758bde1fd000-758bde2fd000 rw-p 00000000 00:00 0 
758bde2fd000-758bde2fe000 ---p 00000000 00:00 0 
758bde2fe000-758bdeafe000 rw-p 00000000 00:00 0 
758bdeafe000-758bdeb02000 ---p 00000000 00:00 0 
758bdeb02000-758bdebfe000 rw-p 00000000 00:00 0 
758bdebfe000-758bdedfe000 rw-s 149a00000 00:05 1142                      /dev/dri/renderD128
758bdedfe000-758bdedff000 rw-s 00000000 00:01 157254                     /memfd:pipewire-memfd:flags=0x0000000f,type=2,size=2312 (deleted)
758bdedff000-758bdee00000 rw-s 00000000 00:01 158213                     /memfd:pipewire-memfd:flags=0x0000000f,type=2,size=4096 (deleted)
758bdee00000-758bdee09000 rw-s 00000000 00:01 159089                     /memfd:pipewire-memfd:flags=0x0000000f,type=2,size=32832 (deleted)
758bdee09000-758bdee0a000 rw-s 00000000 00:01 20680                      /memfd:pipewire-memfd:flags=0x0000000f,type=2,size=2312 (deleted)
758bdee0a000-758bdee0b000 rw-s 00000000 00:01 158212                     /memfd:pipewire-memfd:flags=0x0000000f,type=2,size=2312 (deleted)
758bdee0b000-758bdee0c000 rw-s 00000000 00:01 160151                     /memfd:pipewire-memfd:flags=0x0000000f,type=2,size=2312 (deleted)
758bdee0c000-758bdee0d000 rw-s 00000000 00:01 158211                     /memfd:pipewire-memfd:flags=0x0000000f,type=2,size=4096 (deleted)
758bdee0d000-758bdee16000 rw-s 00000000 00:01 152505                     /memfd:pipewire-memfd:flags=0x0000000f,type=2,size=32832 (deleted)
758bdee16000-758bdee1f000 rw-s 00000000 00:01 152504                     /memfd:pipewire-memfd:flags=0x0000000f,type=2,size=32832 (deleted)
758bdee1f000-758bdee20000 rw-s 00000000 00:01 20680                      /memfd:pipewire-memfd:flags=0x0000000f,type=2,size=2312 (deleted)
758bdee20000-758bdee21000 rw-s 00000000 00:01 158210                     /memfd:pipewire-memfd:flags=0x0000000f,type=2,size=2312 (deleted)
758bdee21000-758bdee22000 rw-s 00000000 00:01 148117                     /memfd:pipewire-memfd:flags=0x0000000f,type=2,size=2312 (deleted)
758bdee22000-758bdee23000 rw-s 00000000 00:01 158207                     /memfd:pipewire-memfd:flags=0x0000000f,type=2,size=4096 (deleted)
758bdee23000-758bdee2c000 rw-s 00000000 00:01 158209                     /memfd:pipewire-memfd:flags=0x0000000f,type=2,size=32832 (deleted)
758bdee2c000-758bdee35000 rw-s 00000000 00:01 158208                     /memfd:pipewire-memfd:flags=0x0000000f,type=2,size=32832 (deleted)
758bdee35000-758bdee36000 rw-s 00000000 00:01 20680                      /memfd:pipewire-memfd:flags=0x0000000f,type=2,size=2312 (deleted)
758bdee36000-758bdee37000 rw-s 00000000 00:01 158206                     /memfd:pipewire-memfd:flags=0x0000000f,type=2,size=2312 (deleted)
758bdee37000-758bdee38000 rw-s 00000000 00:01 150085                     /memfd:pipewire-memfd:flags=0x0000000f,type=2,size=2312 (deleted)
758bdee38000-758bdee39000 rw-s 00000000 00:01 156293                     /memfd:pipewire-memfd:flags=0x0000000f,type=2,size=4096 (deleted)
758bdee39000-758bdee42000 rw-s 00000000 00:01 160999                     /memfd:pipewire-memfd:flags=0x0000000f,type=2,size=32832 (deleted)
758bdee42000-758bdee4b000 rw-s 00000000 00:01 160998                     /memfd:pipewire-memfd:flags=0x0000000f,type=2,size=32832 (deleted)
758bdee4b000-758bdee4c000 rw-s 00000000 00:01 20680                      /memfd:pipewire-memfd:flags=0x0000000f,type=2,size=2312 (deleted)
758bdee4c000-758bdee4d000 rw-s 00000000 00:01 156292                     /memfd:pipewire-memfd:flags=0x0000000f,type=2,size=2312 (deleted)
758bdee4d000-758bdee4e000 rw-s 00000000 00:01 163877                     /memfd:pipewire-memfd:flags=0x0000000f,type=2,size=2312 (deleted)
758bdee4e000-758bdee4f000 rw-s 00000000 00:01 155606                     /memfd:pipewire-memfd:flags=0x0000000f,type=2,size=4096 (deleted)
758bdee4f000-758bdee58000 rw-s 00000000 00:01 152503                     /memfd:pipewire-memfd:flags=0x0000000f,type=2,size=32832 (deleted)
758bdee58000-758bdee61000 rw-s 00000000 00:01 152502                     /memfd:pipewire-memfd:flags=0x0000000f,type=2,size=32832 (deleted)
758bdee61000-758bdee62000 rw-s 00000000 00:01 20680                      /memfd:pipewire-memfd:flags=0x0000000f,type=2,size=2312 (deleted)
758bdee62000-758bdee63000 rw-s 00000000 00:01 155605                     /memfd:pipewire-memfd:flags=0x0000000f,type=2,size=2312 (deleted)
758bdee63000-758bdee64000 rw-s 00000000 00:01 162934                     /memfd:pipewire-memfd:flags=0x0000000f,type=2,size=2312 (deleted)
758bdee64000-758bdee65000 rw-s 00000000 00:01 159088                     /memfd:pipewire-memfd:flags=0x0000000f,type=2,size=4096 (deleted)
758bdee65000-758bdee6e000 rw-s 00000000 00:01 160997                     /memfd:pipewire-memfd:flags=0x0000000f,type=2,size=32832 (deleted)
758bdee6e000-758bdee77000 rw-s 00000000 00:01 160996                     /memfd:pipewire-memfd:flags=0x0000000f,type=2,size=32832 (deleted)
758bdee77000-758bdee78000 rw-s 00000000 00:01 20680                      /memfd:pipewire-memfd:flags=0x0000000f,type=2,size=2312 (deleted)
758bdee78000-758bdee79000 rw-s 00000000 00:01 156291                     /memfd:pipewire-memfd:flags=0x0000000f,type=2,size=2312 (deleted)
758bdee79000-758bdee7a000 rw-s 00000000 00:01 162933                     /memfd:pipewire-memfd:flags=0x0000000f,type=2,size=2312 (deleted)
758bdee7a000-758bdee7b000 rw-s 00000000 00:01 162049                     /memfd:pipewire-memfd:flags=0x0000000f,type=2,size=4096 (deleted)
758bdee7b000-758bdee84000 rw-s 00000000 00:01 159087                     /memfd:pipewire-memfd:flags=0x0000000f,type=2,size=32832 (deleted)
758bdee84000-758bdee8d000 rw-s 00000000 00:01 159086                     /memfd:pipewire-memfd:flags=0x0000000f,type=2,size=32832 (deleted)
758bdee8d000-758bdee8e000 rw-s 00000000 00:01 20680                      /memfd:pipewire-memfd:flags=0x0000000f,type=2,size=2312 (deleted)
758bdee8e000-758bdee8f000 rw-s 00000000 00:01 162048                     /memfd:pipewire-memfd:flags=0x0000000f,type=2,size=2312 (deleted)
758bdee8f000-758bdee90000 rw-s 00000000 00:01 162932                     /memfd:pipewire-memfd:flags=0x0000000f,type=2,size=2312 (deleted)
758bdee90000-758bdee91000 rw-s 00000000 00:01 162940                     /memfd:pipewire-memfd:flags=0x0000000f,type=2,size=4096 (deleted)
758bdee91000-758bdee9a000 rw-s 00000000 00:01 160153                     /memfd:pipewire-memfd:flags=0x0000000f,type=2,size=32832 (deleted)
758bdee9a000-758bdeea3000 rw-s 00000000 00:01 160152                     /memfd:pipewire-memfd:flags=0x0000000f,type=2,size=32832 (deleted)
758bdeea3000-758bdeea4000 rw-s 00000000 00:01 20680                      /memfd:pipewire-memfd:flags=0x0000000f,type=2,size=2312 (deleted)
758bdeea4000-758bdeea5000 rw-s 00000000 00:01 162939                     /memfd:pipewire-memfd:flags=0x0000000f,type=2,size=2312 (deleted)
758bdeea5000-758bdeea6000 rw-s 00000000 00:01 153282                     /memfd:pipewire-memfd:flags=0x0000000f,type=2,size=2312 (deleted)
758bdeea6000-758bdeea7000 rw-s 00000000 00:01 146301                     /memfd:pipewire-memfd:flags=0x0000000f,type=2,size=4096 (deleted)
758bdeea7000-758bdeeb0000 rw-s 00000000 00:01 151126                     /memfd:pipewire-memfd:flags=0x0000000f,type=2,size=32832 (deleted)
758bdeeb0000-758bdeeb9000 rw-s 00000000 00:01 151125                     /memfd:pipewire-memfd:flags=0x0000000f,type=2,size=32832 (deleted)
758bdeeb9000-758bdeeba000 rw-s 00000000 00:01 20680                      /memfd:pipewire-memfd:flags=0x0000000f,type=2,size=2312 (deleted)
758bdeeba000-758bdeebb000 rw-s 00000000 00:01 146300                     /memfd:pipewire-memfd:flags=0x0000000f,type=2,size=2312 (deleted)
758bdeebb000-758bdeebc000 rw-s 00000000 00:01 160150                     /memfd:pipewire-memfd:flags=0x0000000f,type=2,size=2312 (deleted)
758bdeebc000-758bdeebd000 rw-s 00000000 00:01 153216                     /memfd:pipewire-memfd:flags=0x0000000f,type=2,size=4096 (deleted)
758bdeebd000-758bdeec6000 rw-s 00000000 00:01 158160                     /memfd:pipewire-memfd:flags=0x0000000f,type=2,size=32832 (deleted)
758bdeec6000-758bdeecf000 rw-s 00000000 00:01 158159                     /memfd:pipewire-memfd:flags=0x0000000f,type=2,size=32832 (deleted)
758bdeecf000-758bdeed0000 rw-s 00000000 00:01 20680                      /memfd:pipewire-memfd:flags=0x0000000f,type=2,size=2312 (deleted)
758bdeed0000-758bdeed1000 rw-s 00000000 00:01 153215                     /memfd:pipewire-memfd:flags=0x0000000f,type=2,size=2312 (deleted)
758bdeed1000-758bdeed2000 rw-s 00000000 00:01 159037                     /memfd:pipewire-memfd:flags=0x0000000f,type=2,size=2312 (deleted)
758bdeed2000-758bdeed3000 rw-s 00000000 00:01 154613                     /memfd:pipewire-memfd:flags=0x0000000f,type=2,size=4096 (deleted)
758bdeed3000-758bdeedc000 rw-s 00000000 00:01 154615                     /memfd:pipewire-memfd:flags=0x0000000f,type=2,size=32832 (deleted)
758bdeedc000-758bdeee5000 rw-s 00000000 00:01 154614                     /memfd:pipewire-memfd:flags=0x0000000f,type=2,size=32832 (deleted)
758bdeee5000-758bdeee6000 rw-s 00000000 00:01 20680                      /memfd:pipewire-memfd:flags=0x0000000f,type=2,size=2312 (deleted)
758bdeee6000-758bdeee7000 rw-s 00000000 00:01 154612                     /memfd:pipewire-memfd:flags=0x0000000f,type=2,size=2312 (deleted)
758bdeee7000-758bdeee8000 rw-s 00000000 00:01 161981                     /memfd:pipewire-memfd:flags=0x0000000f,type=2,size=2312 (deleted)
758bdeee8000-758bdeee9000 rw-s 00000000 00:01 157203                     /memfd:pipewire-memfd:flags=0x0000000f,type=2,size=4096 (deleted)
758bdeee9000-758bdeef2000 rw-s 00000000 00:01 157205                     /memfd:pipewire-memfd:flags=0x0000000f,type=2,size=32832 (deleted)
758bdeef2000-758bdeefb000 rw-s 00000000 00:01 157204                     /memfd:pipewire-memfd:flags=0x0000000f,type=2,size=32832 (deleted)
758bdeefb000-758bdeefc000 rw-s 00000000 00:01 20680                      /memfd:pipewire-memfd:flags=0x0000000f,type=2,size=2312 (deleted)
758bdeefc000-758bdeefd000 rw-s 00000000 00:01 157202                     /memfd:pipewire-memfd:flags=0x0000000f,type=2,size=2312 (deleted)
758bdeefd000-758bdeefe000 rw-s 00000000 00:01 151058                     /memfd:pipewire-memfd:flags=0x0000000f,type=2,size=2312 (deleted)
758bdeefe000-758bdef02000 ---p 00000000 00:00 0 
758bdef02000-758bdeffe000 rw-p 00000000 00:00 0 
758bdeffe000-758bdefff000 ---p 00000000 00:00 0 
758bdefff000-758bdf7ff000 rw-p 00000000 00:00 0 
758bdf7ff000-758bdf800000 ---p 00000000 00:00 0 
758bdf800000-758be0000000 rw-p 00000000 00:00 0 
758be0000000-758be006c000 rw-p 00000000 00:00 0 
758be006c000-758be4000000 ---p 00000000 00:00 0 
758be4000000-758be4021000 rw-p 00000000 00:00 0 
758be4021000-758be8000000 ---p 00000000 00:00 0 
758be8000000-758be8021000 rw-p 00000000 00:00 0 
758be8021000-758bec000000 ---p 00000000 00:00 0 
758bec000000-758bec0d6000 rw-p 00000000 00:00 0 
758bec0d6000-758bf0000000 ---p 00000000 00:00 0 
758bf0000000-758bf050b000 rw-p 00000000 00:00 0 
758bf050b000-758bf4000000 ---p 00000000 00:00 0 
758bf4000000-758bf406c000 rw-p 00000000 00:00 0 
758bf406c000-758bf8000000 ---p 00000000 00:00 0 
758bf8000000-758bf806e000 rw-p 00000000 00:00 0 
758bf806e000-758bfc000000 ---p 00000000 00:00 0 
758bfc000000-758bfc17b000 rw-p 00000000 00:00 0 
758bfc17b000-758c00000000 ---p 00000000 00:00 0 
758c00000000-758c00021000 rw-p 00000000 00:00 0 
758c00021000-758c04000000 ---p 00000000 00:00 0 
758c04000000-758c04009000 rw-s 00000000 00:01 159023                     /memfd:pipewire-memfd:flags=0x0000000f,type=2,size=32832 (deleted)
758c04009000-758c040c3000 r--p 00000000 08:02 17698300                   /usr/share/fonts/truetype/dejavu/DejaVuSans.ttf
758c040c3000-758c04171000 r--p 00000000 08:02 17698299                   /usr/share/fonts/truetype/dejavu/DejaVuSans-Bold.ttf
758c04171000-758c04193000 r-xp 00000000 08:02 26745012                   /home/linux/.openjfx/cache/21.0.6+3/amd64/libjavafx_iio.so
758c04193000-758c04194000 r--p 00021000 08:02 26745012                   /home/linux/.openjfx/cache/21.0.6+3/amd64/libjavafx_iio.so
758c04194000-758c04195000 rw-p 00022000 08:02 26745012                   /home/linux/.openjfx/cache/21.0.6+3/amd64/libjavafx_iio.so
758c04195000-758c0419e000 rw-s 00000000 00:01 159022                     /memfd:pipewire-memfd:flags=0x0000000f,type=2,size=32832 (deleted)
758c0419e000-758c0419f000 rw-s 00000000 00:01 20680                      /memfd:pipewire-memfd:flags=0x0000000f,type=2,size=2312 (deleted)
758c0419f000-758c041a0000 rw-s 00000000 00:01 159020                     /memfd:pipewire-memfd:flags=0x0000000f,type=2,size=2312 (deleted)
758c041a0000-758c041a1000 rw-s 00000000 00:01 160947                     /memfd:pipewire-memfd:flags=0x0000000f,type=2,size=2312 (deleted)
758c041a1000-758c041ab000 r--p 00000000 08:02 17566233                   /usr/lib/x86_64-linux-gnu/pipewire-0.3/libpipewire-module-adapter.so
758c041ab000-758c041b6000 r-xp 0000a000 08:02 17566233                   /usr/lib/x86_64-linux-gnu/pipewire-0.3/libpipewire-module-adapter.so
758c041b6000-758c041bc000 r--p 00015000 08:02 17566233                   /usr/lib/x86_64-linux-gnu/pipewire-0.3/libpipewire-module-adapter.so
758c041bc000-758c041c5000 r--p 0001b000 08:02 17566233                   /usr/lib/x86_64-linux-gnu/pipewire-0.3/libpipewire-module-adapter.so
758c041c5000-758c041c6000 rw-p 00024000 08:02 17566233                   /usr/lib/x86_64-linux-gnu/pipewire-0.3/libpipewire-module-adapter.so
758c041c6000-758c041c8000 r--p 00000000 08:02 17589785                   /usr/lib/x86_64-linux-gnu/pipewire-0.3/libpipewire-module-client-device.so
758c041c8000-758c041d1000 r-xp 00002000 08:02 17589785                   /usr/lib/x86_64-linux-gnu/pipewire-0.3/libpipewire-module-client-device.so
758c041d1000-758c041d2000 r--p 0000b000 08:02 17589785                   /usr/lib/x86_64-linux-gnu/pipewire-0.3/libpipewire-module-client-device.so
758c041d2000-758c041d3000 r--p 0000c000 08:02 17589785                   /usr/lib/x86_64-linux-gnu/pipewire-0.3/libpipewire-module-client-device.so
758c041d3000-758c041d4000 rw-p 0000d000 08:02 17589785                   /usr/lib/x86_64-linux-gnu/pipewire-0.3/libpipewire-module-client-device.so
758c041d4000-758c041e7000 r--p 00000000 08:02 17589805                   /usr/lib/x86_64-linux-gnu/pipewire-0.3/libpipewire-module-protocol-native.so
758c041e7000-758c04206000 r-xp 00013000 08:02 17589805                   /usr/lib/x86_64-linux-gnu/pipewire-0.3/libpipewire-module-protocol-native.so
758c04206000-758c04211000 r--p 00032000 08:02 17589805                   /usr/lib/x86_64-linux-gnu/pipewire-0.3/libpipewire-module-protocol-native.so
758c04211000-758c04221000 r--p 0003c000 08:02 17589805                   /usr/lib/x86_64-linux-gnu/pipewire-0.3/libpipewire-module-protocol-native.so
758c04221000-758c04222000 rw-p 0004c000 08:02 17589805                   /usr/lib/x86_64-linux-gnu/pipewire-0.3/libpipewire-module-protocol-native.so
758c04222000-758c04224000 r--p 00000000 08:02 17589813                   /usr/lib/x86_64-linux-gnu/pipewire-0.3/libpipewire-module-rt.so
758c04224000-758c04228000 r-xp 00002000 08:02 17589813                   /usr/lib/x86_64-linux-gnu/pipewire-0.3/libpipewire-module-rt.so
758c04228000-758c0422a000 r--p 00006000 08:02 17589813                   /usr/lib/x86_64-linux-gnu/pipewire-0.3/libpipewire-module-rt.so
758c0422a000-758c0422b000 r--p 00007000 08:02 17589813                   /usr/lib/x86_64-linux-gnu/pipewire-0.3/libpipewire-module-rt.so
758c0422b000-758c0422c000 rw-p 00008000 08:02 17589813                   /usr/lib/x86_64-linux-gnu/pipewire-0.3/libpipewire-module-rt.so
758c0422c000-758c04230000 r--p 00000000 08:02 17589509                   /usr/lib/x86_64-linux-gnu/spa-0.2/support/libspa-support.so
758c04230000-758c04246000 r-xp 00004000 08:02 17589509                   /usr/lib/x86_64-linux-gnu/spa-0.2/support/libspa-support.so
758c04246000-758c0424b000 r--p 0001a000 08:02 17589509                   /usr/lib/x86_64-linux-gnu/spa-0.2/support/libspa-support.so
758c0424b000-758c0424d000 r--p 0001f000 08:02 17589509                   /usr/lib/x86_64-linux-gnu/spa-0.2/support/libspa-support.so
758c0424d000-758c0424e000 rw-p 00021000 08:02 17589509                   /usr/lib/x86_64-linux-gnu/spa-0.2/support/libspa-support.so
758c0424e000-758c04255000 r--p 00000000 08:02 17589532                   /usr/lib/x86_64-linux-gnu/alsa-lib/libasound_module_pcm_pipewire.so
758c04255000-758c0425e000 r-xp 00007000 08:02 17589532                   /usr/lib/x86_64-linux-gnu/alsa-lib/libasound_module_pcm_pipewire.so
758c0425e000-758c04265000 r--p 00010000 08:02 17589532                   /usr/lib/x86_64-linux-gnu/alsa-lib/libasound_module_pcm_pipewire.so
758c04265000-758c0426a000 r--p 00016000 08:02 17589532                   /usr/lib/x86_64-linux-gnu/alsa-lib/libasound_module_pcm_pipewire.so
758c0426a000-758c0426b000 rw-p 0001b000 08:02 17589532                   /usr/lib/x86_64-linux-gnu/alsa-lib/libasound_module_pcm_pipewire.so
758c0426b000-758c0426f000 r--p 00000000 08:02 18234289                   /usr/lib/jvm/java-21-openjdk-amd64/lib/libjsound.so
758c0426f000-758c04278000 r-xp 00004000 08:02 18234289                   /usr/lib/jvm/java-21-openjdk-amd64/lib/libjsound.so
758c04278000-758c0427b000 r--p 0000d000 08:02 18234289                   /usr/lib/jvm/java-21-openjdk-amd64/lib/libjsound.so
758c0427b000-758c0427c000 r--p 0000f000 08:02 18234289                   /usr/lib/jvm/java-21-openjdk-amd64/lib/libjsound.so
758c0427c000-758c0427d000 rw-p 00010000 08:02 18234289                   /usr/lib/jvm/java-21-openjdk-amd64/lib/libjsound.so
758c0427d000-758c04281000 ---p 00000000 00:00 0 
758c04281000-758c0437d000 rw-p 00000000 00:00 0 
758c0437d000-758c04381000 ---p 00000000 00:00 0 
758c04381000-758c0447d000 rw-p 00000000 00:00 0 
758c0447d000-758c04483000 r--p 00000000 08:02 17572404                   /usr/lib/x86_64-linux-gnu/libmp3lame.so.0.0.0
758c04483000-758c044b4000 r-xp 00006000 08:02 17572404                   /usr/lib/x86_64-linux-gnu/libmp3lame.so.0.0.0
758c044b4000-758c044c4000 r--p 00037000 08:02 17572404                   /usr/lib/x86_64-linux-gnu/libmp3lame.so.0.0.0
758c044c4000-758c044c5000 r--p 00047000 08:02 17572404                   /usr/lib/x86_64-linux-gnu/libmp3lame.so.0.0.0
758c044c5000-758c044c6000 rw-p 00048000 08:02 17572404                   /usr/lib/x86_64-linux-gnu/libmp3lame.so.0.0.0
758c044c6000-758c044f3000 rw-p 00000000 00:00 0 
758c044f3000-758c044f8000 r--p 00000000 08:02 17563945                   /usr/lib/x86_64-linux-gnu/libmpg123.so.0.48.2
758c044f8000-758c04533000 r-xp 00005000 08:02 17563945                   /usr/lib/x86_64-linux-gnu/libmpg123.so.0.48.2
758c04533000-758c0454d000 r--p 00040000 08:02 17563945                   /usr/lib/x86_64-linux-gnu/libmpg123.so.0.48.2
758c0454d000-758c0454e000 r--p 0005a000 08:02 17563945                   /usr/lib/x86_64-linux-gnu/libmpg123.so.0.48.2
758c0454e000-758c0454f000 rw-p 0005b000 08:02 17563945                   /usr/lib/x86_64-linux-gnu/libmpg123.so.0.48.2
758c0454f000-758c04563000 r--p 00000000 08:02 17570099                   /usr/lib/x86_64-linux-gnu/libvorbisenc.so.2.0.12
758c04563000-758c04566000 r-xp 00014000 08:02 17570099                   /usr/lib/x86_64-linux-gnu/libvorbisenc.so.2.0.12
758c04566000-758c045dd000 r--p 00017000 08:02 17570099                   /usr/lib/x86_64-linux-gnu/libvorbisenc.so.2.0.12
758c045dd000-758c045f9000 r--p 0008d000 08:02 17570099                   /usr/lib/x86_64-linux-gnu/libvorbisenc.so.2.0.12
758c045f9000-758c045fa000 rw-p 000a9000 08:02 17570099                   /usr/lib/x86_64-linux-gnu/libvorbisenc.so.2.0.12
758c045fa000-758c045fb000 ---p 00000000 00:00 0 
758c045fb000-758c04dfb000 rw-p 00000000 00:00 0 
758c04dfb000-758c04dfc000 ---p 00000000 00:00 0 
758c04dfc000-758c055fc000 rw-p 00000000 00:00 0 
758c055fc000-758c055fd000 ---p 00000000 00:00 0 
758c055fd000-758c05dfd000 rw-p 00000000 00:00 0 
758c05dfd000-758c05dfe000 ---p 00000000 00:00 0 
758c05dfe000-758c065fe000 rw-p 00000000 00:00 0 
758c065fe000-758c065ff000 ---p 00000000 00:00 0 
758c065ff000-758c06dff000 rw-p 00000000 00:00 0 
758c06dff000-758c06e00000 ---p 00000000 00:00 0 
758c06e00000-758c07600000 rw-p 00000000 00:00 0 
758c07600000-758c07604000 ---p 00000000 00:00 0 
758c07604000-758c07622000 rw-p 00000000 00:00 0 
758c07622000-758c07625000 r--p 00000000 08:02 17589775                   /usr/lib/x86_64-linux-gnu/libopus.so.0.9.0
758c07625000-758c0766f000 r-xp 00003000 08:02 17589775                   /usr/lib/x86_64-linux-gnu/libopus.so.0.9.0
758c0766f000-758c0767f000 r--p 0004d000 08:02 17589775                   /usr/lib/x86_64-linux-gnu/libopus.so.0.9.0
758c0767f000-758c07680000 r--p 0005d000 08:02 17589775                   /usr/lib/x86_64-linux-gnu/libopus.so.0.9.0
758c07680000-758c07681000 rw-p 0005e000 08:02 17589775                   /usr/lib/x86_64-linux-gnu/libopus.so.0.9.0
758c07681000-758c07689000 r--p 00000000 08:02 17577314                   /usr/lib/x86_64-linux-gnu/libFLAC.so.12.1.0
758c07689000-758c076db000 r-xp 00008000 08:02 17577314                   /usr/lib/x86_64-linux-gnu/libFLAC.so.12.1.0
758c076db000-758c076e3000 r--p 0005a000 08:02 17577314                   /usr/lib/x86_64-linux-gnu/libFLAC.so.12.1.0
758c076e3000-758c076e4000 r--p 00062000 08:02 17577314                   /usr/lib/x86_64-linux-gnu/libFLAC.so.12.1.0
758c076e4000-758c076e5000 rw-p 00063000 08:02 17577314                   /usr/lib/x86_64-linux-gnu/libFLAC.so.12.1.0
758c076e5000-758c076e8000 r--p 00000000 08:02 17567420                   /usr/lib/x86_64-linux-gnu/libapparmor.so.1.17.1
758c076e8000-758c076f1000 r-xp 00003000 08:02 17567420                   /usr/lib/x86_64-linux-gnu/libapparmor.so.1.17.1
758c076f1000-758c076f7000 r--p 0000c000 08:02 17567420                   /usr/lib/x86_64-linux-gnu/libapparmor.so.1.17.1
758c076f7000-758c076f8000 r--p 00012000 08:02 17567420                   /usr/lib/x86_64-linux-gnu/libapparmor.so.1.17.1
758c076f8000-758c076f9000 rw-p 00013000 08:02 17567420                   /usr/lib/x86_64-linux-gnu/libapparmor.so.1.17.1
758c076f9000-758c07701000 r--p 00000000 08:02 17577318                   /usr/lib/x86_64-linux-gnu/libsndfile.so.1.0.37
758c07701000-758c07762000 r-xp 00008000 08:02 17577318                   /usr/lib/x86_64-linux-gnu/libsndfile.so.1.0.37
758c07762000-758c0777b000 r--p 00069000 08:02 17577318                   /usr/lib/x86_64-linux-gnu/libsndfile.so.1.0.37
758c0777b000-758c0777e000 r--p 00081000 08:02 17577318                   /usr/lib/x86_64-linux-gnu/libsndfile.so.1.0.37
758c0777e000-758c0777f000 rw-p 00084000 08:02 17577318                   /usr/lib/x86_64-linux-gnu/libsndfile.so.1.0.37
758c0777f000-758c07781000 rw-p 00000000 00:00 0 
758c07781000-758c07793000 r--p 00000000 08:02 17565729                   /usr/lib/x86_64-linux-gnu/pulseaudio/libpulsecommon-16.1.so
758c07793000-758c077dd000 r-xp 00012000 08:02 17565729                   /usr/lib/x86_64-linux-gnu/pulseaudio/libpulsecommon-16.1.so
758c077dd000-758c077fc000 r--p 0005c000 08:02 17565729                   /usr/lib/x86_64-linux-gnu/pulseaudio/libpulsecommon-16.1.so
758c077fc000-758c077fe000 r--p 0007a000 08:02 17565729                   /usr/lib/x86_64-linux-gnu/pulseaudio/libpulsecommon-16.1.so
758c077fe000-758c077ff000 rw-p 0007c000 08:02 17565729                   /usr/lib/x86_64-linux-gnu/pulseaudio/libpulsecommon-16.1.so
758c077ff000-758c07800000 ---p 00000000 00:00 0 
758c07800000-758c08000000 rw-p 00000000 00:00 0 
758c08000000-758c0806c000 rw-p 00000000 00:00 0 
758c0806c000-758c0c000000 ---p 00000000 00:00 0 
758c0c000000-758c0c002000 r--p 00000000 08:02 17572400                   /usr/lib/x86_64-linux-gnu/libasyncns.so.0.3.1
758c0c002000-758c0c005000 r-xp 00002000 08:02 17572400                   /usr/lib/x86_64-linux-gnu/libasyncns.so.0.3.1
758c0c005000-758c0c006000 r--p 00005000 08:02 17572400                   /usr/lib/x86_64-linux-gnu/libasyncns.so.0.3.1
758c0c006000-758c0c007000 r--p 00005000 08:02 17572400                   /usr/lib/x86_64-linux-gnu/libasyncns.so.0.3.1
758c0c007000-758c0c008000 rw-p 00006000 08:02 17572400                   /usr/lib/x86_64-linux-gnu/libasyncns.so.0.3.1
758c0c008000-758c0c014000 r--p 00000000 08:02 17565727                   /usr/lib/x86_64-linux-gnu/libpulse.so.0.24.2
758c0c014000-758c0c045000 r-xp 0000c000 08:02 17565727                   /usr/lib/x86_64-linux-gnu/libpulse.so.0.24.2
758c0c045000-758c0c056000 r--p 0003d000 08:02 17565727                   /usr/lib/x86_64-linux-gnu/libpulse.so.0.24.2
758c0c056000-758c0c058000 r--p 0004d000 08:02 17565727                   /usr/lib/x86_64-linux-gnu/libpulse.so.0.24.2
758c0c058000-758c0c059000 rw-p 0004f000 08:02 17565727                   /usr/lib/x86_64-linux-gnu/libpulse.so.0.24.2
758c0c059000-758c0c05a000 r--p 00000000 08:02 17589505                   /usr/lib/x86_64-linux-gnu/spa-0.2/support/libspa-dbus.so
758c0c05a000-758c0c05d000 r-xp 00001000 08:02 17589505                   /usr/lib/x86_64-linux-gnu/spa-0.2/support/libspa-dbus.so
758c0c05d000-758c0c05e000 r--p 00004000 08:02 17589505                   /usr/lib/x86_64-linux-gnu/spa-0.2/support/libspa-dbus.so
758c0c05e000-758c0c05f000 r--p 00004000 08:02 17589505                   /usr/lib/x86_64-linux-gnu/spa-0.2/support/libspa-dbus.so
758c0c05f000-758c0c060000 rw-p 00005000 08:02 17589505                   /usr/lib/x86_64-linux-gnu/spa-0.2/support/libspa-dbus.so
758c0c060000-758c0c061000 r--p 00000000 08:02 17589507                   /usr/lib/x86_64-linux-gnu/spa-0.2/support/libspa-journal.so
758c0c061000-758c0c063000 r-xp 00001000 08:02 17589507                   /usr/lib/x86_64-linux-gnu/spa-0.2/support/libspa-journal.so
758c0c063000-758c0c064000 r--p 00003000 08:02 17589507                   /usr/lib/x86_64-linux-gnu/spa-0.2/support/libspa-journal.so
758c0c064000-758c0c065000 r--p 00003000 08:02 17589507                   /usr/lib/x86_64-linux-gnu/spa-0.2/support/libspa-journal.so
758c0c065000-758c0c066000 rw-p 00004000 08:02 17589507                   /usr/lib/x86_64-linux-gnu/spa-0.2/support/libspa-journal.so
758c0c066000-758c0c067000 r--p 00000000 08:02 17578473                   /usr/lib/x86_64-linux-gnu/librt.so.1
758c0c067000-758c0c068000 r-xp 00001000 08:02 17578473                   /usr/lib/x86_64-linux-gnu/librt.so.1
758c0c068000-758c0c069000 r--p 00002000 08:02 17578473                   /usr/lib/x86_64-linux-gnu/librt.so.1
758c0c069000-758c0c06a000 r--p 00002000 08:02 17578473                   /usr/lib/x86_64-linux-gnu/librt.so.1
758c0c06a000-758c0c06b000 rw-p 00003000 08:02 17578473                   /usr/lib/x86_64-linux-gnu/librt.so.1
758c0c06b000-758c0c06f000 r-xp 00000000 08:02 26744193                   /home/linux/.openjfx/cache/21.0.6+3/amd64/libjavafx_font_pango.so
758c0c06f000-758c0c070000 r--p 00003000 08:02 26744193                   /home/linux/.openjfx/cache/21.0.6+3/amd64/libjavafx_font_pango.so
758c0c070000-758c0c071000 rw-p 00004000 08:02 26744193                   /home/linux/.openjfx/cache/21.0.6+3/amd64/libjavafx_font_pango.so
758c0c071000-758c0c073000 r--p 00000000 08:02 17579721                   /usr/lib/x86_64-linux-gnu/libcanberra-0.30/libcanberra-pulse.so
758c0c073000-758c0c077000 r-xp 00002000 08:02 17579721                   /usr/lib/x86_64-linux-gnu/libcanberra-0.30/libcanberra-pulse.so
758c0c077000-758c0c078000 r--p 00006000 08:02 17579721                   /usr/lib/x86_64-linux-gnu/libcanberra-0.30/libcanberra-pulse.so
758c0c078000-758c0c079000 r--p 00006000 08:02 17579721                   /usr/lib/x86_64-linux-gnu/libcanberra-0.30/libcanberra-pulse.so
758c0c079000-758c0c07a000 rw-p 00007000 08:02 17579721                   /usr/lib/x86_64-linux-gnu/libcanberra-0.30/libcanberra-pulse.so
758c0c07a000-758c0c07b000 ---p 00000000 00:00 0 
758c0c07b000-758c0c17b000 rw-p 00000000 00:00 0 
758c0c17b000-758c0c17c000 ---p 00000000 00:00 0 
758c0c17c000-758c0c27c000 rw-p 00000000 00:00 0 
758c0c27c000-758c0c280000 ---p 00000000 00:00 0 
758c0c280000-758c0c37c000 rw-p 00000000 00:00 0 
758c0c37c000-758c0c38a000 r--s 00000000 08:02 13109353                   /var/cache/fontconfig/a4e60e8d1e10d2fdff3fe3037a1845fb-le64.cache-9
758c0c38a000-758c0c3e8000 r--s 00000000 08:02 13112488                   /var/cache/fontconfig/2300eef321c393bfd76478a5c0e95b23-le64.cache-9
758c0c3e8000-758c0c3e9000 r--s 00000000 08:02 13112486                   /var/cache/fontconfig/0d8c3b2ac0904cb8a57a757ad11a4a08-le64.cache-9
758c0c3e9000-758c0c402000 r--s 00000000 08:02 13112456                   /var/cache/fontconfig/04aabc0a78ac019cf9454389977116d2-le64.cache-9
758c0c402000-758c0c403000 r--s 00000000 08:02 13112452                   /var/cache/fontconfig/1ac9eb803944fde146138c791f5cc56a-le64.cache-9
758c0c403000-758c0c40c000 r--s 00000000 08:02 13112434                   /var/cache/fontconfig/2151c34eae6ab8b65f2db52eba5f75d1-le64.cache-9
758c0c40c000-758c0c40d000 r--s 00000000 08:02 13112380                   /var/cache/fontconfig/dc05db6664285cc2f12bf69c139ae4c3-le64.cache-9
758c0c40d000-758c0c40f000 r--s 00000000 08:02 13112349                   /var/cache/fontconfig/14a5e22175779b556eaa434240950366-le64.cache-9
758c0c40f000-758c0c410000 r--s 00000000 08:02 13112339                   /var/cache/fontconfig/660208299946a285a940457d1287da33-le64.cache-9
758c0c410000-758c0c412000 r--s 00000000 08:02 13112283                   /var/cache/fontconfig/4f3e3037c9980c83b53a9351efadef62-le64.cache-9
758c0c412000-758c0c414000 r--s 00000000 08:02 13112266                   /var/cache/fontconfig/767a8244fc0220cfb567a839d0392e0b-le64.cache-9
758c0c414000-758c0c417000 r--s 00000000 08:02 13112217                   /var/cache/fontconfig/0bd3dc0958fa2205aaaa8ebb13e2872b-le64.cache-9
758c0c417000-758c0c41c000 r--s 00000000 08:02 13112216                   /var/cache/fontconfig/def309198bfa603429122923fa2bb2d4-le64.cache-9
758c0c41c000-758c0c41d000 r--s 00000000 08:02 13112215                   /var/cache/fontconfig/b872e6e592da6075ffa4ab0a1fcc0c75-le64.cache-9
758c0c41d000-758c0c41e000 r--s 00000000 08:02 13112212                   /var/cache/fontconfig/f6d4eedfaab2589bde49f7a3ff831d22-le64.cache-9
758c0c41e000-758c0c41f000 r--s 00000000 08:02 13112134                   /var/cache/fontconfig/589f83ef4c36d296ce6e1c846f468f08-le64.cache-9
758c0c41f000-758c0c420000 r--s 00000000 08:02 13112116                   /var/cache/fontconfig/bab58bb527bb656aaa9f116d68a48d89-le64.cache-9
758c0c420000-758c0c421000 r--s 00000000 08:02 13112113                   /var/cache/fontconfig/2171a34dccabdb6bcbbc728186263178-le64.cache-9
758c0c421000-758c0c422000 r--s 00000000 08:02 13111916                   /var/cache/fontconfig/c5c45a61289222e0d30b1a26ef4effbe-le64.cache-9
758c0c422000-758c0c423000 r--s 00000000 08:02 13111899                   /var/cache/fontconfig/aec30016f93e1b46d1a973dce0d74068-le64.cache-9
758c0c423000-758c0c424000 r--s 00000000 08:02 13111891                   /var/cache/fontconfig/3f589640d34b7dc9042c8d453f7c8b9c-le64.cache-9
758c0c424000-758c0c425000 r--s 00000000 08:02 13111868                   /var/cache/fontconfig/16c2fda60d1b4b719f4b3d06fd951d25-le64.cache-9
758c0c425000-758c0c426000 r--s 00000000 08:02 13111853                   /var/cache/fontconfig/a48eab177a16e4f3713381162db2f3e9-le64.cache-9
758c0c426000-758c0c427000 r--s 00000000 08:02 13111846                   /var/cache/fontconfig/564b2e68ac9bc4e36a6f7f6d6125ec1c-le64.cache-9
758c0c427000-758c0c428000 r--s 00000000 08:02 13110414                   /var/cache/fontconfig/da43223dd54fb3bb4243ae19d4b583b2-le64.cache-9
758c0c428000-758c0c430000 r--s 00000000 08:02 13111663                   /var/cache/fontconfig/3047814df9a2f067bd2d96a2b9c36e5a-le64.cache-9
758c0c430000-758c0c431000 r--s 00000000 08:02 13111645                   /var/cache/fontconfig/56cf4f4769d0f4abc89a4895d7bd3ae1-le64.cache-9
758c0c431000-758c0c432000 r--s 00000000 08:02 13111619                   /var/cache/fontconfig/b9d506c9ac06c20b433354fa67a72993-le64.cache-9
758c0c432000-758c0c439000 r--s 00000000 08:02 13111573                   /var/cache/fontconfig/b47c4e1ecd0709278f4910c18777a504-le64.cache-9
758c0c439000-758c0c450000 r--s 00000000 08:02 13111567                   /var/cache/fontconfig/d52a8644073d54c13679302ca1180695-le64.cache-9
758c0c450000-758c0c457000 r--s 00000000 08:02 13111399                   /var/cache/fontconfig/7ab2eb8330e5664a2b0e875ad8d37ad9-le64.cache-9
758c0c457000-758c0c458000 r--s 00000000 08:02 13111393                   /var/cache/fontconfig/370e5b74bf5dafc30834de68e24a87a4-le64.cache-9
758c0c458000-758c0c459000 r--s 00000000 08:02 13111353                   /var/cache/fontconfig/6b2c5944714ca7831b25bed9e85cb5c8-le64.cache-9
758c0c459000-758c0c45a000 r--s 00000000 08:02 13111308                   /var/cache/fontconfig/d5178ab6d91b49bf20a416737dcea9e8-le64.cache-9
758c0c45a000-758c0c45b000 r--s 00000000 08:02 13111299                   /var/cache/fontconfig/551ecf3b0e8b0bca0f25c0944f561853-le64.cache-9
758c0c45b000-758c0c45e000 r--s 00000000 08:02 13111259                   /var/cache/fontconfig/f259c2cffa685e28062317905db73c4a-le64.cache-9
758c0c45e000-758c0c460000 r--s 00000000 08:02 13111258                   /var/cache/fontconfig/550f3886151c940c12a5ed35f6a00586-le64.cache-9
758c0c460000-758c0c46d000 r--s 00000000 08:02 13110063                   /var/cache/fontconfig/d589a48862398ed80a3d6066f4f56f4c-le64.cache-9
758c0c46d000-758c0c47d000 r--s 00000000 08:02 13110918                   /var/cache/fontconfig/6cc790b63b123a6a96ee260fcdad32a9-le64.cache-9
758c0c47d000-758c0c48e000 r--s 00000000 08:02 13110903                   /var/cache/fontconfig/9b89f8e3dae116d678bbf48e5f21f69b-le64.cache-9
758c0c48e000-758c0c49f000 r--s 00000000 08:02 13109918                   /var/cache/fontconfig/e13b20fdb08344e0e664864cc2ede53d-le64.cache-9
758c0c49f000-758c0c4a4000 r-xp 00000000 08:02 26744192                   /home/linux/.openjfx/cache/21.0.6+3/amd64/libjavafx_font_freetype.so
758c0c4a4000-758c0c4a5000 r--p 00004000 08:02 26744192                   /home/linux/.openjfx/cache/21.0.6+3/amd64/libjavafx_font_freetype.so
758c0c4a5000-758c0c4a6000 rw-p 00005000 08:02 26744192                   /home/linux/.openjfx/cache/21.0.6+3/amd64/libjavafx_font_freetype.so
758c0c4a6000-758c0c6a6000 rw-s 138c2c000 00:05 1142                      /dev/dri/renderD128
758c0c6a6000-758c0c6a7000 ---p 00000000 00:00 0 
758c0c6a7000-758c0cea7000 rw-p 00000000 00:00 0 
758c0cea7000-758c0cea8000 ---p 00000000 00:00 0 
758c0cea8000-758c0d6a8000 rw-p 00000000 00:00 0 
758c0d6a8000-758c0d7e9000 rw-s 00000000 08:02 27023306                   /home/linux/.cache/mesa_shader_cache_db/index
758c0d7e9000-758c0d7ea000 ---p 00000000 00:00 0 
758c0d7ea000-758c0dfea000 rw-p 00000000 00:00 0 
758c0dfea000-758c0e01f000 r--p 00000000 08:02 17695112                   /usr/share/glib-2.0/schemas/gschemas.compiled
758c0e01f000-758c0e021000 r--p 00000000 08:02 17572402                   /usr/lib/x86_64-linux-gnu/libogg.so.0.8.5
758c0e021000-758c0e024000 r-xp 00002000 08:02 17572402                   /usr/lib/x86_64-linux-gnu/libogg.so.0.8.5
758c0e024000-758c0e027000 r--p 00005000 08:02 17572402                   /usr/lib/x86_64-linux-gnu/libogg.so.0.8.5
758c0e027000-758c0e028000 r--p 00007000 08:02 17572402                   /usr/lib/x86_64-linux-gnu/libogg.so.0.8.5
758c0e028000-758c0e029000 rw-p 00008000 08:02 17572402                   /usr/lib/x86_64-linux-gnu/libogg.so.0.8.5
758c0e029000-758c0e02c000 r--p 00000000 08:02 17577310                   /usr/lib/x86_64-linux-gnu/libvorbis.so.0.4.9
758c0e02c000-758c0e044000 r-xp 00003000 08:02 17577310                   /usr/lib/x86_64-linux-gnu/libvorbis.so.0.4.9
758c0e044000-758c0e055000 r--p 0001b000 08:02 17577310                   /usr/lib/x86_64-linux-gnu/libvorbis.so.0.4.9
758c0e055000-758c0e056000 r--p 0002b000 08:02 17577310                   /usr/lib/x86_64-linux-gnu/libvorbis.so.0.4.9
758c0e056000-758c0e057000 rw-p 0002c000 08:02 17577310                   /usr/lib/x86_64-linux-gnu/libvorbis.so.0.4.9
758c0e057000-758c0e059000 r--p 00000000 08:02 17567479                   /usr/lib/x86_64-linux-gnu/libltdl.so.7.3.2
758c0e059000-758c0e05e000 r-xp 00002000 08:02 17567479                   /usr/lib/x86_64-linux-gnu/libltdl.so.7.3.2
758c0e05e000-758c0e060000 r--p 00007000 08:02 17567479                   /usr/lib/x86_64-linux-gnu/libltdl.so.7.3.2
758c0e060000-758c0e061000 r--p 00008000 08:02 17567479                   /usr/lib/x86_64-linux-gnu/libltdl.so.7.3.2
758c0e061000-758c0e062000 rw-p 00009000 08:02 17567479                   /usr/lib/x86_64-linux-gnu/libltdl.so.7.3.2
758c0e062000-758c0e066000 r--p 00000000 08:02 17579394                   /usr/lib/x86_64-linux-gnu/libtdb.so.1.4.10
758c0e066000-758c0e074000 r-xp 00004000 08:02 17579394                   /usr/lib/x86_64-linux-gnu/libtdb.so.1.4.10
758c0e074000-758c0e079000 r--p 00012000 08:02 17579394                   /usr/lib/x86_64-linux-gnu/libtdb.so.1.4.10
758c0e079000-758c0e07a000 r--p 00016000 08:02 17579394                   /usr/lib/x86_64-linux-gnu/libtdb.so.1.4.10
758c0e07a000-758c0e07b000 rw-p 00017000 08:02 17579394                   /usr/lib/x86_64-linux-gnu/libtdb.so.1.4.10
758c0e07b000-758c0e07d000 r--p 00000000 08:02 17575448                   /usr/lib/x86_64-linux-gnu/libvorbisfile.so.3.3.8
758c0e07d000-758c0e082000 r-xp 00002000 08:02 17575448                   /usr/lib/x86_64-linux-gnu/libvorbisfile.so.3.3.8
758c0e082000-758c0e083000 r--p 00007000 08:02 17575448                   /usr/lib/x86_64-linux-gnu/libvorbisfile.so.3.3.8
758c0e083000-758c0e084000 r--p 00007000 08:02 17575448                   /usr/lib/x86_64-linux-gnu/libvorbisfile.so.3.3.8
758c0e084000-758c0e085000 rw-p 00008000 08:02 17575448                   /usr/lib/x86_64-linux-gnu/libvorbisfile.so.3.3.8
758c0e085000-758c0e088000 r--p 00000000 08:02 17579724                   /usr/lib/x86_64-linux-gnu/libcanberra.so.0.2.5
758c0e088000-758c0e093000 r-xp 00003000 08:02 17579724                   /usr/lib/x86_64-linux-gnu/libcanberra.so.0.2.5
758c0e093000-758c0e096000 r--p 0000e000 08:02 17579724                   /usr/lib/x86_64-linux-gnu/libcanberra.so.0.2.5
758c0e096000-758c0e097000 r--p 00010000 08:02 17579724                   /usr/lib/x86_64-linux-gnu/libcanberra.so.0.2.5
758c0e097000-758c0e098000 rw-p 00011000 08:02 17579724                   /usr/lib/x86_64-linux-gnu/libcanberra.so.0.2.5
758c0e098000-758c0e09b000 r--s 00000000 08:02 13111249                   /var/cache/fontconfig/674d1711f2d1d2a09646eb0bdcadee49-le64.cache-9
758c0e09b000-758c0e09c000 r--s 00000000 08:02 13111190                   /var/cache/fontconfig/3f7329c5293ffd510edef78f73874cfd-le64.cache-9
758c0e09c000-758c0e09f000 r-xp 00000000 08:02 26744190                   /home/linux/.openjfx/cache/21.0.6+3/amd64/libjavafx_font.so
758c0e09f000-758c0e0a0000 r--p 00002000 08:02 26744190                   /home/linux/.openjfx/cache/21.0.6+3/amd64/libjavafx_font.so
758c0e0a0000-758c0e0a1000 rw-p 00003000 08:02 26744190                   /home/linux/.openjfx/cache/21.0.6+3/amd64/libjavafx_font.so
758c0e0a1000-758c0e0a5000 r--p 00000000 08:02 17567082                   /usr/lib/x86_64-linux-gnu/gio/modules/libdconfsettings.so
758c0e0a5000-758c0e0ac000 r-xp 00004000 08:02 17567082                   /usr/lib/x86_64-linux-gnu/gio/modules/libdconfsettings.so
758c0e0ac000-758c0e0ae000 r--p 0000b000 08:02 17567082                   /usr/lib/x86_64-linux-gnu/gio/modules/libdconfsettings.so
758c0e0ae000-758c0e0af000 r--p 0000d000 08:02 17567082                   /usr/lib/x86_64-linux-gnu/gio/modules/libdconfsettings.so
758c0e0af000-758c0e0b0000 rw-p 0000e000 08:02 17567082                   /usr/lib/x86_64-linux-gnu/gio/modules/libdconfsettings.so
758c0e0b0000-758c0e0c2000 r--p 00000000 08:02 17570475                   /usr/lib/x86_64-linux-gnu/gvfs/libgvfscommon.so
758c0e0c2000-758c0e0de000 r-xp 00012000 08:02 17570475                   /usr/lib/x86_64-linux-gnu/gvfs/libgvfscommon.so
758c0e0de000-758c0e0ea000 r--p 0002e000 08:02 17570475                   /usr/lib/x86_64-linux-gnu/gvfs/libgvfscommon.so
758c0e0ea000-758c0e0f0000 r--p 00039000 08:02 17570475                   /usr/lib/x86_64-linux-gnu/gvfs/libgvfscommon.so
758c0e0f0000-758c0e0f1000 rw-p 0003f000 08:02 17570475                   /usr/lib/x86_64-linux-gnu/gvfs/libgvfscommon.so
758c0e0f1000-758c0e0fb000 r--p 00000000 08:02 17570492                   /usr/lib/x86_64-linux-gnu/gio/modules/libgvfsdbus.so
758c0e0fb000-758c0e119000 r-xp 0000a000 08:02 17570492                   /usr/lib/x86_64-linux-gnu/gio/modules/libgvfsdbus.so
758c0e119000-758c0e121000 r--p 00028000 08:02 17570492                   /usr/lib/x86_64-linux-gnu/gio/modules/libgvfsdbus.so
758c0e121000-758c0e123000 r--p 00030000 08:02 17570492                   /usr/lib/x86_64-linux-gnu/gio/modules/libgvfsdbus.so
758c0e123000-758c0e124000 rw-p 00032000 08:02 17570492                   /usr/lib/x86_64-linux-gnu/gio/modules/libgvfsdbus.so
758c0e124000-758c0e1d8000 r--p 00000000 08:02 18110619                   /usr/share/themes/Yaru/gtk-3.0/gtk.gresource
758c0e1d8000-758c0e1d9000 r--p 00000000 08:02 17578471                   /usr/lib/x86_64-linux-gnu/libpthread.so.0
758c0e1d9000-758c0e1da000 r-xp 00001000 08:02 17578471                   /usr/lib/x86_64-linux-gnu/libpthread.so.0
758c0e1da000-758c0e1db000 r--p 00002000 08:02 17578471                   /usr/lib/x86_64-linux-gnu/libpthread.so.0
758c0e1db000-758c0e1dc000 r--p 00002000 08:02 17578471                   /usr/lib/x86_64-linux-gnu/libpthread.so.0
758c0e1dc000-758c0e1dd000 rw-p 00003000 08:02 17578471                   /usr/lib/x86_64-linux-gnu/libpthread.so.0
758c0e1dd000-758c0e1df000 r--p 00000000 08:02 17580614                   /usr/lib/x86_64-linux-gnu/libXtst.so.6.1.0
758c0e1df000-758c0e1e2000 r-xp 00002000 08:02 17580614                   /usr/lib/x86_64-linux-gnu/libXtst.so.6.1.0
758c0e1e2000-758c0e1e3000 r--p 00005000 08:02 17580614                   /usr/lib/x86_64-linux-gnu/libXtst.so.6.1.0
758c0e1e3000-758c0e1e4000 r--p 00005000 08:02 17580614                   /usr/lib/x86_64-linux-gnu/libXtst.so.6.1.0
758c0e1e4000-758c0e1e5000 rw-p 00006000 08:02 17580614                   /usr/lib/x86_64-linux-gnu/libXtst.so.6.1.0
758c0e1e5000-758c0e228000 r-xp 00000000 08:02 26743363                   /home/linux/.openjfx/cache/21.0.6+3/amd64/libglassgtk3.so
758c0e228000-758c0e229000 ---p 00043000 08:02 26743363                   /home/linux/.openjfx/cache/21.0.6+3/amd64/libglassgtk3.so
758c0e229000-758c0e22b000 r--p 00043000 08:02 26743363                   /home/linux/.openjfx/cache/21.0.6+3/amd64/libglassgtk3.so
758c0e22b000-758c0e22d000 rw-p 00045000 08:02 26743363                   /home/linux/.openjfx/cache/21.0.6+3/amd64/libglassgtk3.so
758c0e22d000-758c0e231000 r--p 00000000 08:02 17567695                   /usr/lib/x86_64-linux-gnu/libgpg-error.so.0.34.0
758c0e231000-758c0e247000 r-xp 00004000 08:02 17567695                   /usr/lib/x86_64-linux-gnu/libgpg-error.so.0.34.0
758c0e247000-758c0e250000 r--p 0001a000 08:02 17567695                   /usr/lib/x86_64-linux-gnu/libgpg-error.so.0.34.0
758c0e250000-758c0e251000 r--p 00023000 08:02 17567695                   /usr/lib/x86_64-linux-gnu/libgpg-error.so.0.34.0
758c0e251000-758c0e252000 rw-p 00024000 08:02 17567695                   /usr/lib/x86_64-linux-gnu/libgpg-error.so.0.34.0
758c0e252000-758c0e255000 r--p 00000000 08:02 17567418                   /usr/lib/x86_64-linux-gnu/liblz4.so.1.9.4
758c0e255000-758c0e270000 r-xp 00003000 08:02 17567418                   /usr/lib/x86_64-linux-gnu/liblz4.so.1.9.4
758c0e270000-758c0e272000 r--p 0001e000 08:02 17567418                   /usr/lib/x86_64-linux-gnu/liblz4.so.1.9.4
758c0e272000-758c0e273000 r--p 00020000 08:02 17567418                   /usr/lib/x86_64-linux-gnu/liblz4.so.1.9.4
758c0e273000-758c0e274000 rw-p 00021000 08:02 17567418                   /usr/lib/x86_64-linux-gnu/liblz4.so.1.9.4
758c0e274000-758c0e283000 r--p 00000000 08:02 17570534                   /usr/lib/x86_64-linux-gnu/libgcrypt.so.20.4.3
758c0e283000-758c0e377000 r-xp 0000f000 08:02 17570534                   /usr/lib/x86_64-linux-gnu/libgcrypt.so.20.4.3
758c0e377000-758c0e3b2000 r--p 00103000 08:02 17570534                   /usr/lib/x86_64-linux-gnu/libgcrypt.so.20.4.3
758c0e3b2000-758c0e3b7000 r--p 0013e000 08:02 17570534                   /usr/lib/x86_64-linux-gnu/libgcrypt.so.20.4.3
758c0e3b7000-758c0e3bb000 rw-p 00143000 08:02 17570534                   /usr/lib/x86_64-linux-gnu/libgcrypt.so.20.4.3
758c0e3bb000-758c0e3bc000 rw-p 00000000 00:00 0 
758c0e3bc000-758c0e3bf000 r--p 00000000 08:02 17567706                   /usr/lib/x86_64-linux-gnu/libcap.so.2.66
758c0e3bf000-758c0e3c5000 r-xp 00003000 08:02 17567706                   /usr/lib/x86_64-linux-gnu/libcap.so.2.66
758c0e3c5000-758c0e3c7000 r--p 00009000 08:02 17567706                   /usr/lib/x86_64-linux-gnu/libcap.so.2.66
758c0e3c7000-758c0e3c8000 r--p 0000b000 08:02 17567706                   /usr/lib/x86_64-linux-gnu/libcap.so.2.66
758c0e3c8000-758c0e3c9000 rw-p 0000c000 08:02 17567706                   /usr/lib/x86_64-linux-gnu/libcap.so.2.66
758c0e3c9000-758c0e3ca000 r--p 00000000 08:02 17576314                   /usr/lib/x86_64-linux-gnu/libbrotlicommon.so.1.1.0
758c0e3ca000-758c0e3cb000 r-xp 00001000 08:02 17576314                   /usr/lib/x86_64-linux-gnu/libbrotlicommon.so.1.1.0
758c0e3cb000-758c0e3ea000 r--p 00002000 08:02 17576314                   /usr/lib/x86_64-linux-gnu/libbrotlicommon.so.1.1.0
758c0e3ea000-758c0e3eb000 r--p 00021000 08:02 17576314                   /usr/lib/x86_64-linux-gnu/libbrotlicommon.so.1.1.0
758c0e3eb000-758c0e3ec000 rw-p 00022000 08:02 17576314                   /usr/lib/x86_64-linux-gnu/libbrotlicommon.so.1.1.0
758c0e3ec000-758c0e402000 r--p 00000000 08:02 17568181                   /usr/lib/x86_64-linux-gnu/libsystemd.so.0.38.0
758c0e402000-758c0e491000 r-xp 00016000 08:02 17568181                   /usr/lib/x86_64-linux-gnu/libsystemd.so.0.38.0
758c0e491000-758c0e4bf000 r--p 000a5000 08:02 17568181                   /usr/lib/x86_64-linux-gnu/libsystemd.so.0.38.0
758c0e4bf000-758c0e4ca000 r--p 000d2000 08:02 17568181                   /usr/lib/x86_64-linux-gnu/libsystemd.so.0.38.0
758c0e4ca000-758c0e4cb000 rw-p 000dd000 08:02 17568181                   /usr/lib/x86_64-linux-gnu/libsystemd.so.0.38.0
758c0e4cb000-758c0e4cc000 rw-p 00000000 00:00 0 
758c0e4cc000-758c0e4cd000 r--p 00000000 08:02 17576315                   /usr/lib/x86_64-linux-gnu/libbrotlidec.so.1.1.0
758c0e4cd000-758c0e4d5000 r-xp 00001000 08:02 17576315                   /usr/lib/x86_64-linux-gnu/libbrotlidec.so.1.1.0
758c0e4d5000-758c0e4d8000 r--p 00009000 08:02 17576315                   /usr/lib/x86_64-linux-gnu/libbrotlidec.so.1.1.0
758c0e4d8000-758c0e4d9000 r--p 0000b000 08:02 17576315                   /usr/lib/x86_64-linux-gnu/libbrotlidec.so.1.1.0
758c0e4d9000-758c0e4da000 rw-p 0000c000 08:02 17576315                   /usr/lib/x86_64-linux-gnu/libbrotlidec.so.1.1.0
758c0e4da000-758c0e4dc000 r--p 00000000 08:02 17563775                   /usr/lib/x86_64-linux-gnu/libbz2.so.1.0.4
758c0e4dc000-758c0e4ea000 r-xp 00002000 08:02 17563775                   /usr/lib/x86_64-linux-gnu/libbz2.so.1.0.4
758c0e4ea000-758c0e4ec000 r--p 00010000 08:02 17563775                   /usr/lib/x86_64-linux-gnu/libbz2.so.1.0.4
758c0e4ec000-758c0e4ed000 r--p 00011000 08:02 17563775                   /usr/lib/x86_64-linux-gnu/libbz2.so.1.0.4
758c0e4ed000-758c0e4ee000 rw-p 00012000 08:02 17563775                   /usr/lib/x86_64-linux-gnu/libbz2.so.1.0.4
758c0e4ee000-758c0e4f0000 r--p 00000000 08:02 17563953                   /usr/lib/x86_64-linux-gnu/libdatrie.so.1.4.0
758c0e4f0000-758c0e4f4000 r-xp 00002000 08:02 17563953                   /usr/lib/x86_64-linux-gnu/libdatrie.so.1.4.0
758c0e4f4000-758c0e4f5000 r--p 00006000 08:02 17563953                   /usr/lib/x86_64-linux-gnu/libdatrie.so.1.4.0
758c0e4f5000-758c0e4f6000 r--p 00006000 08:02 17563953                   /usr/lib/x86_64-linux-gnu/libdatrie.so.1.4.0
758c0e4f6000-758c0e4f7000 rw-p 00007000 08:02 17563953                   /usr/lib/x86_64-linux-gnu/libdatrie.so.1.4.0
758c0e4f7000-758c0e4fe000 r--p 00000000 08:02 17570389                   /usr/lib/x86_64-linux-gnu/libblkid.so.1.1.0
758c0e4fe000-758c0e522000 r-xp 00007000 08:02 17570389                   /usr/lib/x86_64-linux-gnu/libblkid.so.1.1.0
758c0e522000-758c0e52b000 r--p 0002b000 08:02 17570389                   /usr/lib/x86_64-linux-gnu/libblkid.so.1.1.0
758c0e52b000-758c0e531000 r--p 00033000 08:02 17570389                   /usr/lib/x86_64-linux-gnu/libblkid.so.1.1.0
758c0e531000-758c0e532000 rw-p 00039000 08:02 17570389                   /usr/lib/x86_64-linux-gnu/libblkid.so.1.1.0
758c0e532000-758c0e53e000 r--p 00000000 08:02 17570758                   /usr/lib/x86_64-linux-gnu/libdbus-1.so.3.32.4
758c0e53e000-758c0e56e000 r-xp 0000c000 08:02 17570758                   /usr/lib/x86_64-linux-gnu/libdbus-1.so.3.32.4
758c0e56e000-758c0e57f000 r--p 0003c000 08:02 17570758                   /usr/lib/x86_64-linux-gnu/libdbus-1.so.3.32.4
758c0e57f000-758c0e580000 r--p 0004c000 08:02 17570758                   /usr/lib/x86_64-linux-gnu/libdbus-1.so.3.32.4
758c0e580000-758c0e581000 rw-p 0004d000 08:02 17570758                   /usr/lib/x86_64-linux-gnu/libdbus-1.so.3.32.4
758c0e581000-758c0e591000 r--p 00000000 08:02 17564676                   /usr/lib/x86_64-linux-gnu/libatspi.so.0.0.1
758c0e591000-758c0e5aa000 r-xp 00010000 08:02 17564676                   /usr/lib/x86_64-linux-gnu/libatspi.so.0.0.1
758c0e5aa000-758c0e5b7000 r--p 00029000 08:02 17564676                   /usr/lib/x86_64-linux-gnu/libatspi.so.0.0.1
758c0e5b7000-758c0e5ba000 r--p 00036000 08:02 17564676                   /usr/lib/x86_64-linux-gnu/libatspi.so.0.0.1
758c0e5ba000-758c0e5bb000 rw-p 00039000 08:02 17564676                   /usr/lib/x86_64-linux-gnu/libatspi.so.0.0.1
758c0e5bb000-758c0e5bf000 r--p 00000000 08:02 17570951                   /usr/lib/x86_64-linux-gnu/libjpeg.so.8.2.2
758c0e5bf000-758c0e60c000 r-xp 00004000 08:02 17570951                   /usr/lib/x86_64-linux-gnu/libjpeg.so.8.2.2
758c0e60c000-758c0e63c000 r--p 00051000 08:02 17570951                   /usr/lib/x86_64-linux-gnu/libjpeg.so.8.2.2
758c0e63c000-758c0e63d000 r--p 00081000 08:02 17570951                   /usr/lib/x86_64-linux-gnu/libjpeg.so.8.2.2
758c0e63d000-758c0e63e000 rw-p 00082000 08:02 17570951                   /usr/lib/x86_64-linux-gnu/libjpeg.so.8.2.2
758c0e63e000-758c0e648000 r--p 00000000 08:02 17576308                   /usr/lib/x86_64-linux-gnu/libpixman-1.so.0.42.2
758c0e648000-758c0e6d5000 r-xp 0000a000 08:02 17576308                   /usr/lib/x86_64-linux-gnu/libpixman-1.so.0.42.2
758c0e6d5000-758c0e6e4000 r--p 00097000 08:02 17576308                   /usr/lib/x86_64-linux-gnu/libpixman-1.so.0.42.2
758c0e6e4000-758c0e6ec000 r--p 000a5000 08:02 17576308                   /usr/lib/x86_64-linux-gnu/libpixman-1.so.0.42.2
758c0e6ec000-758c0e6ed000 rw-p 000ad000 08:02 17576308                   /usr/lib/x86_64-linux-gnu/libpixman-1.so.0.42.2
758c0e6ed000-758c0e6f2000 r--p 00000000 08:02 17576310                   /usr/lib/x86_64-linux-gnu/libxcb-render.so.0.0.0
758c0e6f2000-758c0e6f7000 r-xp 00005000 08:02 17576310                   /usr/lib/x86_64-linux-gnu/libxcb-render.so.0.0.0
758c0e6f7000-758c0e6fa000 r--p 0000a000 08:02 17576310                   /usr/lib/x86_64-linux-gnu/libxcb-render.so.0.0.0
758c0e6fa000-758c0e6fb000 r--p 0000c000 08:02 17576310                   /usr/lib/x86_64-linux-gnu/libxcb-render.so.0.0.0
758c0e6fb000-758c0e6fc000 rw-p 0000d000 08:02 17576310                   /usr/lib/x86_64-linux-gnu/libxcb-render.so.0.0.0
758c0e6fc000-758c0e701000 r--p 00000000 08:02 17564113                   /usr/lib/x86_64-linux-gnu/libpng16.so.16.43.0
758c0e701000-758c0e729000 r-xp 00005000 08:02 17564113                   /usr/lib/x86_64-linux-gnu/libpng16.so.16.43.0
758c0e729000-758c0e732000 r--p 0002d000 08:02 17564113                   /usr/lib/x86_64-linux-gnu/libpng16.so.16.43.0
758c0e732000-758c0e733000 r--p 00035000 08:02 17564113                   /usr/lib/x86_64-linux-gnu/libpng16.so.16.43.0
758c0e733000-758c0e734000 rw-p 00036000 08:02 17564113                   /usr/lib/x86_64-linux-gnu/libpng16.so.16.43.0
758c0e734000-758c0e741000 r--p 00000000 08:02 17563780                   /usr/lib/x86_64-linux-gnu/libfreetype.so.6.20.1
758c0e741000-758c0e7d2000 r-xp 0000d000 08:02 17563780                   /usr/lib/x86_64-linux-gnu/libfreetype.so.6.20.1
758c0e7d2000-758c0e7f8000 r--p 0009e000 08:02 17563780                   /usr/lib/x86_64-linux-gnu/libfreetype.so.6.20.1
758c0e7f8000-758c0e7ff000 r--p 000c4000 08:02 17563780                   /usr/lib/x86_64-linux-gnu/libfreetype.so.6.20.1
758c0e7ff000-758c0e800000 rw-p 000cb000 08:02 17563780                   /usr/lib/x86_64-linux-gnu/libfreetype.so.6.20.1
758c0e800000-758c0e883000 r--p 00000000 08:02 17589454                   /usr/lib/x86_64-linux-gnu/libgtk-3.so.0.2409.32
758c0e883000-758c0ec31000 r-xp 00083000 08:02 17589454                   /usr/lib/x86_64-linux-gnu/libgtk-3.so.0.2409.32
758c0ec31000-758c0efb6000 r--p 00431000 08:02 17589454                   /usr/lib/x86_64-linux-gnu/libgtk-3.so.0.2409.32
758c0efb6000-758c0efc6000 r--p 007b5000 08:02 17589454                   /usr/lib/x86_64-linux-gnu/libgtk-3.so.0.2409.32
758c0efc6000-758c0efc8000 rw-p 007c5000 08:02 17589454                   /usr/lib/x86_64-linux-gnu/libgtk-3.so.0.2409.32
758c0efc8000-758c0efcd000 rw-p 00000000 00:00 0 
758c0efcd000-758c0efd1000 r--s 00000000 08:02 13109183                   /var/cache/fontconfig/6afa1bb216ce958c1589e297e8008489-le64.cache-9
758c0efd1000-758c0efd7000 r--p 00000000 08:02 17570423                   /usr/lib/x86_64-linux-gnu/libselinux.so.1
758c0efd7000-758c0eff4000 r-xp 00006000 08:02 17570423                   /usr/lib/x86_64-linux-gnu/libselinux.so.1
758c0eff4000-758c0effa000 r--p 00023000 08:02 17570423                   /usr/lib/x86_64-linux-gnu/libselinux.so.1
758c0effa000-758c0effb000 r--p 00029000 08:02 17570423                   /usr/lib/x86_64-linux-gnu/libselinux.so.1
758c0effb000-758c0effc000 rw-p 0002a000 08:02 17570423                   /usr/lib/x86_64-linux-gnu/libselinux.so.1
758c0effc000-758c0effe000 rw-p 00000000 00:00 0 
758c0effe000-758c0efff000 ---p 00000000 00:00 0 
758c0efff000-758c0f7ff000 rw-p 00000000 00:00 0 
758c0f7ff000-758c0f800000 ---p 00000000 00:00 0 
758c0f800000-758c10000000 rw-p 00000000 00:00 0 
758c10000000-758c10021000 rw-p 00000000 00:00 0 
758c10021000-758c14000000 ---p 00000000 00:00 0 
758c14000000-758c140d6000 rw-p 00000000 00:00 0 
758c140d6000-758c18000000 ---p 00000000 00:00 0 
758c18000000-758c1806c000 rw-p 00000000 00:00 0 
758c1806c000-758c1c000000 ---p 00000000 00:00 0 
758c1c000000-758c1c021000 rw-p 00000000 00:00 0 
758c1c021000-758c20000000 ---p 00000000 00:00 0 
758c20000000-758c2006c000 rw-p 00000000 00:00 0 
758c2006c000-758c24000000 ---p 00000000 00:00 0 
758c24000000-758c24103000 rw-p 00000000 00:00 0 
758c24103000-758c28000000 ---p 00000000 00:00 0 
758c28000000-758c28021000 rw-p 00000000 00:00 0 
758c28021000-758c2c000000 ---p 00000000 00:00 0 
758c2c000000-758c2c002000 r--s 00000000 08:02 13111188                   /var/cache/fontconfig/9847559ead66962bfc5feeee9f80d7a0-le64.cache-9
758c2c002000-758c2c003000 r--s 00000000 08:02 13111172                   /var/cache/fontconfig/0c9eb80ebd1c36541ebe2852d3bb0c49-le64.cache-9
758c2c003000-758c2c006000 r--p 00000000 08:02 17565649                   /usr/lib/x86_64-linux-gnu/libgraphite2.so.3.2.1
758c2c006000-758c2c023000 r-xp 00003000 08:02 17565649                   /usr/lib/x86_64-linux-gnu/libgraphite2.so.3.2.1
758c2c023000-758c2c026000 r--p 00020000 08:02 17565649                   /usr/lib/x86_64-linux-gnu/libgraphite2.so.3.2.1
758c2c026000-758c2c028000 r--p 00022000 08:02 17565649                   /usr/lib/x86_64-linux-gnu/libgraphite2.so.3.2.1
758c2c028000-758c2c029000 rw-p 00024000 08:02 17565649                   /usr/lib/x86_64-linux-gnu/libgraphite2.so.3.2.1
758c2c029000-758c2c032000 r--p 00000000 08:02 17564331                   /usr/lib/x86_64-linux-gnu/libmount.so.1.1.0
758c2c032000-758c2c066000 r-xp 00009000 08:02 17564331                   /usr/lib/x86_64-linux-gnu/libmount.so.1.1.0
758c2c066000-758c2c073000 r--p 0003d000 08:02 17564331                   /usr/lib/x86_64-linux-gnu/libmount.so.1.1.0
758c2c073000-758c2c075000 r--p 00049000 08:02 17564331                   /usr/lib/x86_64-linux-gnu/libmount.so.1.1.0
758c2c075000-758c2c076000 rw-p 0004b000 08:02 17564331                   /usr/lib/x86_64-linux-gnu/libmount.so.1.1.0
758c2c076000-758c2c0d6000 r--p 00000000 08:02 17570947                   /usr/lib/x86_64-linux-gnu/libepoxy.so.0.0.0
758c2c0d6000-758c2c13c000 r-xp 00060000 08:02 17570947                   /usr/lib/x86_64-linux-gnu/libepoxy.so.0.0.0
758c2c13c000-758c2c18a000 r--p 000c6000 08:02 17570947                   /usr/lib/x86_64-linux-gnu/libepoxy.so.0.0.0
758c2c18a000-758c2c192000 r--p 00113000 08:02 17570947                   /usr/lib/x86_64-linux-gnu/libepoxy.so.0.0.0
758c2c192000-758c2c199000 rw-p 0011b000 08:02 17570947                   /usr/lib/x86_64-linux-gnu/libepoxy.so.0.0.0
758c2c199000-758c2c1ad000 r--p 00000000 08:02 17563783                   /usr/lib/x86_64-linux-gnu/libcairo.so.2.11800.0
758c2c1ad000-758c2c29e000 r-xp 00014000 08:02 17563783                   /usr/lib/x86_64-linux-gnu/libcairo.so.2.11800.0
758c2c29e000-758c2c2d6000 r--p 00105000 08:02 17563783                   /usr/lib/x86_64-linux-gnu/libcairo.so.2.11800.0
758c2c2d6000-758c2c2da000 r--p 0013d000 08:02 17563783                   /usr/lib/x86_64-linux-gnu/libcairo.so.2.11800.0
758c2c2da000-758c2c2dc000 rw-p 00141000 08:02 17563783                   /usr/lib/x86_64-linux-gnu/libcairo.so.2.11800.0
758c2c2dc000-758c2c2dd000 rw-p 00000000 00:00 0 
758c2c2dd000-758c2c2e8000 r--p 00000000 08:02 17564594                   /usr/lib/x86_64-linux-gnu/libharfbuzz.so.0.60830.0
758c2c2e8000-758c2c3b6000 r-xp 0000b000 08:02 17564594                   /usr/lib/x86_64-linux-gnu/libharfbuzz.so.0.60830.0
758c2c3b6000-758c2c3e8000 r--p 000d9000 08:02 17564594                   /usr/lib/x86_64-linux-gnu/libharfbuzz.so.0.60830.0
758c2c3e8000-758c2c3e9000 r--p 0010b000 08:02 17564594                   /usr/lib/x86_64-linux-gnu/libharfbuzz.so.0.60830.0
758c2c3e9000-758c2c3ea000 rw-p 0010c000 08:02 17564594                   /usr/lib/x86_64-linux-gnu/libharfbuzz.so.0.60830.0
758c2c3ea000-758c2c423000 r--p 00000000 08:02 17563814                   /usr/lib/x86_64-linux-gnu/libgio-2.0.so.0.8000.0
758c2c423000-758c2c53a000 r-xp 00039000 08:02 17563814                   /usr/lib/x86_64-linux-gnu/libgio-2.0.so.0.8000.0
758c2c53a000-758c2c5af000 r--p 00150000 08:02 17563814                   /usr/lib/x86_64-linux-gnu/libgio-2.0.so.0.8000.0
758c2c5af000-758c2c5b7000 r--p 001c4000 08:02 17563814                   /usr/lib/x86_64-linux-gnu/libgio-2.0.so.0.8000.0
758c2c5b7000-758c2c5b8000 rw-p 001cc000 08:02 17563814                   /usr/lib/x86_64-linux-gnu/libgio-2.0.so.0.8000.0
758c2c5b8000-758c2c5ba000 rw-p 00000000 00:00 0 
758c2c5ba000-758c2c5d8000 r--p 00000000 08:02 17571208                   /usr/lib/x86_64-linux-gnu/libglib-2.0.so.0.8000.0
758c2c5d8000-758c2c678000 r-xp 0001e000 08:02 17571208                   /usr/lib/x86_64-linux-gnu/libglib-2.0.so.0.8000.0
758c2c678000-758c2c700000 r--p 000be000 08:02 17571208                   /usr/lib/x86_64-linux-gnu/libglib-2.0.so.0.8000.0
758c2c700000-758c2c701000 r--p 00146000 08:02 17571208                   /usr/lib/x86_64-linux-gnu/libglib-2.0.so.0.8000.0
758c2c701000-758c2c702000 rw-p 00147000 08:02 17571208                   /usr/lib/x86_64-linux-gnu/libglib-2.0.so.0.8000.0
758c2c702000-758c2c703000 rw-p 00000000 00:00 0 
758c2c703000-758c2c72d000 r--p 00000000 08:02 17589453                   /usr/lib/x86_64-linux-gnu/libgdk-3.so.0.2409.32
758c2c72d000-758c2c7b1000 r-xp 0002a000 08:02 17589453                   /usr/lib/x86_64-linux-gnu/libgdk-3.so.0.2409.32
758c2c7b1000-758c2c7f3000 r--p 000ae000 08:02 17589453                   /usr/lib/x86_64-linux-gnu/libgdk-3.so.0.2409.32
758c2c7f3000-758c2c7fc000 r--p 000ef000 08:02 17589453                   /usr/lib/x86_64-linux-gnu/libgdk-3.so.0.2409.32
758c2c7fc000-758c2c7fe000 rw-p 000f8000 08:02 17589453                   /usr/lib/x86_64-linux-gnu/libgdk-3.so.0.2409.32
758c2c7fe000-758c2c7ff000 ---p 00000000 00:00 0 
758c2c7ff000-758c2cfff000 rw-p 00000000 00:00 0 
758c2cfff000-758c2d000000 ---p 00000000 00:00 0 
758c2d000000-758c2d800000 rw-p 00000000 00:00 0 
758c2d800000-758c2d801000 r--p 00000000 08:02 17563720                   /usr/lib/x86_64-linux-gnu/libicudata.so.74.2
758c2d801000-758c2d802000 r-xp 00001000 08:02 17563720                   /usr/lib/x86_64-linux-gnu/libicudata.so.74.2
758c2d802000-758c2f55e000 r--p 00002000 08:02 17563720                   /usr/lib/x86_64-linux-gnu/libicudata.so.74.2
758c2f55e000-758c2f55f000 r--p 01d5d000 08:02 17563720                   /usr/lib/x86_64-linux-gnu/libicudata.so.74.2
758c2f55f000-758c2f560000 rw-p 01d5e000 08:02 17563720                   /usr/lib/x86_64-linux-gnu/libicudata.so.74.2
758c2f560000-758c2f561000 r--s 00000000 08:02 13111152                   /var/cache/fontconfig/22368d551a680bfe5a62c02760edf4ea-le64.cache-9
758c2f561000-758c2f562000 r--p 00000000 08:02 17571211                   /usr/lib/x86_64-linux-gnu/libgthread-2.0.so.0.8000.0
758c2f562000-758c2f563000 r-xp 00001000 08:02 17571211                   /usr/lib/x86_64-linux-gnu/libgthread-2.0.so.0.8000.0
758c2f563000-758c2f564000 r--p 00002000 08:02 17571211                   /usr/lib/x86_64-linux-gnu/libgthread-2.0.so.0.8000.0
758c2f564000-758c2f565000 r--p 00002000 08:02 17571211                   /usr/lib/x86_64-linux-gnu/libgthread-2.0.so.0.8000.0
758c2f565000-758c2f566000 rw-p 00003000 08:02 17571211                   /usr/lib/x86_64-linux-gnu/libgthread-2.0.so.0.8000.0
758c2f566000-758c2f568000 r--p 00000000 08:02 17565938                   /usr/lib/x86_64-linux-gnu/libpcre2-8.so.0.11.2
758c2f568000-758c2f5d6000 r-xp 00002000 08:02 17565938                   /usr/lib/x86_64-linux-gnu/libpcre2-8.so.0.11.2
758c2f5d6000-758c2f5fe000 r--p 00070000 08:02 17565938                   /usr/lib/x86_64-linux-gnu/libpcre2-8.so.0.11.2
758c2f5fe000-758c2f5ff000 r--p 00097000 08:02 17565938                   /usr/lib/x86_64-linux-gnu/libpcre2-8.so.0.11.2
758c2f5ff000-758c2f600000 rw-p 00098000 08:02 17565938                   /usr/lib/x86_64-linux-gnu/libpcre2-8.so.0.11.2
758c2f600000-758c37808000 r-xp 00000000 08:02 17566918                   /usr/lib/x86_64-linux-gnu/libLLVM.so.20.1
758c37808000-758c37809000 ---p 08208000 08:02 17566918                   /usr/lib/x86_64-linux-gnu/libLLVM.so.20.1
758c37809000-758c37e9e000 r--p 08208000 08:02 17566918                   /usr/lib/x86_64-linux-gnu/libLLVM.so.20.1
758c37e9e000-758c37ee6000 rw-p 0889d000 08:02 17566918                   /usr/lib/x86_64-linux-gnu/libLLVM.so.20.1
758c37ee6000-758c37f8e000 rw-p 00000000 00:00 0 
758c37f8e000-758c37f90000 r--p 00000000 08:02 17567400                   /usr/lib/x86_64-linux-gnu/libXrender.so.1.3.0
758c37f90000-758c37f97000 r-xp 00002000 08:02 17567400                   /usr/lib/x86_64-linux-gnu/libXrender.so.1.3.0
758c37f97000-758c37f98000 r--p 00009000 08:02 17567400                   /usr/lib/x86_64-linux-gnu/libXrender.so.1.3.0
758c37f98000-758c37f99000 r--p 00009000 08:02 17567400                   /usr/lib/x86_64-linux-gnu/libXrender.so.1.3.0
758c37f99000-758c37f9a000 rw-p 0000a000 08:02 17567400                   /usr/lib/x86_64-linux-gnu/libXrender.so.1.3.0
758c37f9a000-758c37f9c000 r--p 00000000 08:02 17563955                   /usr/lib/x86_64-linux-gnu/libthai.so.0.3.1
758c37f9c000-758c37fa0000 r-xp 00002000 08:02 17563955                   /usr/lib/x86_64-linux-gnu/libthai.so.0.3.1
758c37fa0000-758c37fa3000 r--p 00006000 08:02 17563955                   /usr/lib/x86_64-linux-gnu/libthai.so.0.3.1
758c37fa3000-758c37fa4000 r--p 00008000 08:02 17563955                   /usr/lib/x86_64-linux-gnu/libthai.so.0.3.1
758c37fa4000-758c37fa5000 rw-p 00009000 08:02 17563955                   /usr/lib/x86_64-linux-gnu/libthai.so.0.3.1
758c37fa5000-758c37fa6000 r--p 00000000 08:02 17572398                   /usr/lib/x86_64-linux-gnu/libXinerama.so.1.0.0
758c37fa6000-758c37fa7000 r-xp 00001000 08:02 17572398                   /usr/lib/x86_64-linux-gnu/libXinerama.so.1.0.0
758c37fa7000-758c37fa8000 r--p 00002000 08:02 17572398                   /usr/lib/x86_64-linux-gnu/libXinerama.so.1.0.0
758c37fa8000-758c37fa9000 r--p 00002000 08:02 17572398                   /usr/lib/x86_64-linux-gnu/libXinerama.so.1.0.0
758c37fa9000-758c37faa000 rw-p 00003000 08:02 17572398                   /usr/lib/x86_64-linux-gnu/libXinerama.so.1.0.0
758c37faa000-758c37fac000 r--p 00000000 08:02 17567402                   /usr/lib/x86_64-linux-gnu/libXrandr.so.2.2.0
758c37fac000-758c37fb3000 r-xp 00002000 08:02 17567402                   /usr/lib/x86_64-linux-gnu/libXrandr.so.2.2.0
758c37fb3000-758c37fb5000 r--p 00009000 08:02 17567402                   /usr/lib/x86_64-linux-gnu/libXrandr.so.2.2.0
758c37fb5000-758c37fb6000 r--p 0000a000 08:02 17567402                   /usr/lib/x86_64-linux-gnu/libXrandr.so.2.2.0
758c37fb6000-758c37fb7000 rw-p 0000b000 08:02 17567402                   /usr/lib/x86_64-linux-gnu/libXrandr.so.2.2.0
758c37fb7000-758c37fbc000 r--p 00000000 08:02 17569814                   /usr/lib/x86_64-linux-gnu/libxkbcommon.so.0.0.0
758c37fbc000-758c37fdc000 r-xp 00005000 08:02 17569814                   /usr/lib/x86_64-linux-gnu/libxkbcommon.so.0.0.0
758c37fdc000-758c37ffd000 r--p 00025000 08:02 17569814                   /usr/lib/x86_64-linux-gnu/libxkbcommon.so.0.0.0
758c37ffd000-758c37fff000 r--p 00045000 08:02 17569814                   /usr/lib/x86_64-linux-gnu/libxkbcommon.so.0.0.0
758c37fff000-758c38000000 rw-p 00047000 08:02 17569814                   /usr/lib/x86_64-linux-gnu/libxkbcommon.so.0.0.0
758c38000000-758c3986a000 rw-p 00000000 00:00 0 
758c3986a000-758c3c000000 ---p 00000000 00:00 0 
758c3c000000-758c3c002000 r--p 00000000 08:02 17564349                   /usr/lib/x86_64-linux-gnu/libXcursor.so.1.0.2
758c3c002000-758c3c008000 r-xp 00002000 08:02 17564349                   /usr/lib/x86_64-linux-gnu/libXcursor.so.1.0.2
758c3c008000-758c3c00a000 r--p 00008000 08:02 17564349                   /usr/lib/x86_64-linux-gnu/libXcursor.so.1.0.2
758c3c00a000-758c3c00b000 r--p 00009000 08:02 17564349                   /usr/lib/x86_64-linux-gnu/libXcursor.so.1.0.2
758c3c00b000-758c3c00c000 rw-p 0000a000 08:02 17564349                   /usr/lib/x86_64-linux-gnu/libXcursor.so.1.0.2
758c3c00c000-758c3c011000 r--p 00000000 08:02 17578160                   /usr/lib/x86_64-linux-gnu/libwayland-client.so.0.22.0
758c3c011000-758c3c017000 r-xp 00005000 08:02 17578160                   /usr/lib/x86_64-linux-gnu/libwayland-client.so.0.22.0
758c3c017000-758c3c019000 r--p 0000b000 08:02 17578160                   /usr/lib/x86_64-linux-gnu/libwayland-client.so.0.22.0
758c3c019000-758c3c01b000 r--p 0000d000 08:02 17578160                   /usr/lib/x86_64-linux-gnu/libwayland-client.so.0.22.0
758c3c01b000-758c3c01c000 rw-p 0000f000 08:02 17578160                   /usr/lib/x86_64-linux-gnu/libwayland-client.so.0.22.0
758c3c01c000-758c3c028000 r--p 00000000 08:02 17589422                   /usr/lib/x86_64-linux-gnu/libatk-bridge-2.0.so.0.0.0
758c3c028000-758c3c042000 r-xp 0000c000 08:02 17589422                   /usr/lib/x86_64-linux-gnu/libatk-bridge-2.0.so.0.0.0
758c3c042000-758c3c055000 r--p 00026000 08:02 17589422                   /usr/lib/x86_64-linux-gnu/libatk-bridge-2.0.so.0.0.0
758c3c055000-758c3c056000 r--p 00039000 08:02 17589422                   /usr/lib/x86_64-linux-gnu/libatk-bridge-2.0.so.0.0.0
758c3c056000-758c3c058000 rw-p 0003a000 08:02 17589422                   /usr/lib/x86_64-linux-gnu/libatk-bridge-2.0.so.0.0.0
758c3c058000-758c3c063000 r--p 00000000 08:02 17563878                   /usr/lib/x86_64-linux-gnu/libatk-1.0.so.0.25209.1
758c3c063000-758c3c073000 r-xp 0000b000 08:02 17563878                   /usr/lib/x86_64-linux-gnu/libatk-1.0.so.0.25209.1
758c3c073000-758c3c07e000 r--p 0001b000 08:02 17563878                   /usr/lib/x86_64-linux-gnu/libatk-1.0.so.0.25209.1
758c3c07e000-758c3c081000 r--p 00026000 08:02 17563878                   /usr/lib/x86_64-linux-gnu/libatk-1.0.so.0.25209.1
758c3c081000-758c3c082000 rw-p 00029000 08:02 17563878                   /usr/lib/x86_64-linux-gnu/libatk-1.0.so.0.25209.1
758c3c082000-758c3c282000 rw-s 114dd8000 00:05 1142                      /dev/dri/renderD128
758c3c282000-758c3c482000 rw-s 11b202000 00:05 1142                      /dev/dri/renderD128
758c3c482000-758c3c533000 rw-p 00000000 00:00 0 
758c3c533000-758c3c534000 r--p 00000000 08:02 17563862                   /usr/lib/x86_64-linux-gnu/libXcomposite.so.1.0.0
758c3c534000-758c3c535000 r-xp 00001000 08:02 17563862                   /usr/lib/x86_64-linux-gnu/libXcomposite.so.1.0.0
758c3c535000-758c3c536000 r--p 00002000 08:02 17563862                   /usr/lib/x86_64-linux-gnu/libXcomposite.so.1.0.0
758c3c536000-758c3c537000 r--p 00002000 08:02 17563862                   /usr/lib/x86_64-linux-gnu/libXcomposite.so.1.0.0
758c3c537000-758c3c538000 rw-p 00003000 08:02 17563862                   /usr/lib/x86_64-linux-gnu/libXcomposite.so.1.0.0
758c3c538000-758c3c53a000 r--p 00000000 08:02 17565412                   /usr/lib/x86_64-linux-gnu/libwayland-cursor.so.0.22.0
758c3c53a000-758c3c53c000 r-xp 00002000 08:02 17565412                   /usr/lib/x86_64-linux-gnu/libwayland-cursor.so.0.22.0
758c3c53c000-758c3c53d000 r--p 00004000 08:02 17565412                   /usr/lib/x86_64-linux-gnu/libwayland-cursor.so.0.22.0
758c3c53d000-758c3c53e000 r--p 00004000 08:02 17565412                   /usr/lib/x86_64-linux-gnu/libwayland-cursor.so.0.22.0
758c3c53e000-758c3c542000 rw-p 00005000 08:02 17565412                   /usr/lib/x86_64-linux-gnu/libwayland-cursor.so.0.22.0
758c3c542000-758c3c545000 r--p 00000000 08:02 17563973                   /usr/lib/x86_64-linux-gnu/libXi.so.6.1.0
758c3c545000-758c3c551000 r-xp 00003000 08:02 17563973                   /usr/lib/x86_64-linux-gnu/libXi.so.6.1.0
758c3c551000-758c3c553000 r--p 0000f000 08:02 17563973                   /usr/lib/x86_64-linux-gnu/libXi.so.6.1.0
758c3c553000-758c3c554000 r--p 00011000 08:02 17563973                   /usr/lib/x86_64-linux-gnu/libXi.so.6.1.0
758c3c554000-758c3c555000 rw-p 00012000 08:02 17563973                   /usr/lib/x86_64-linux-gnu/libXi.so.6.1.0
758c3c555000-758c3c55d000 r--p 00000000 08:02 17570965                   /usr/lib/x86_64-linux-gnu/libgdk_pixbuf-2.0.so.0.4200.10
758c3c55d000-758c3c578000 r-xp 00008000 08:02 17570965                   /usr/lib/x86_64-linux-gnu/libgdk_pixbuf-2.0.so.0.4200.10
758c3c578000-758c3c581000 r--p 00023000 08:02 17570965                   /usr/lib/x86_64-linux-gnu/libgdk_pixbuf-2.0.so.0.4200.10
758c3c581000-758c3c582000 r--p 0002c000 08:02 17570965                   /usr/lib/x86_64-linux-gnu/libgdk_pixbuf-2.0.so.0.4200.10
758c3c582000-758c3c583000 rw-p 0002d000 08:02 17570965                   /usr/lib/x86_64-linux-gnu/libgdk_pixbuf-2.0.so.0.4200.10
758c3c583000-758c3c587000 r--p 00000000 08:02 17563787                   /usr/lib/x86_64-linux-gnu/libcairo-gobject.so.2.11800.0
758c3c587000-758c3c589000 r-xp 00004000 08:02 17563787                   /usr/lib/x86_64-linux-gnu/libcairo-gobject.so.2.11800.0
758c3c589000-758c3c58c000 r--p 00006000 08:02 17563787                   /usr/lib/x86_64-linux-gnu/libcairo-gobject.so.2.11800.0
758c3c58c000-758c3c58e000 r--p 00008000 08:02 17563787                   /usr/lib/x86_64-linux-gnu/libcairo-gobject.so.2.11800.0
758c3c58e000-758c3c58f000 rw-p 0000a000 08:02 17563787                   /usr/lib/x86_64-linux-gnu/libcairo-gobject.so.2.11800.0
758c3c58f000-758c3c591000 r--p 00000000 08:02 17563951                   /usr/lib/x86_64-linux-gnu/libfribidi.so.0.4.0
758c3c591000-758c3c595000 r-xp 00002000 08:02 17563951                   /usr/lib/x86_64-linux-gnu/libfribidi.so.0.4.0
758c3c595000-758c3c5ab000 r--p 00006000 08:02 17563951                   /usr/lib/x86_64-linux-gnu/libfribidi.so.0.4.0
758c3c5ab000-758c3c5ac000 r--p 0001c000 08:02 17563951                   /usr/lib/x86_64-linux-gnu/libfribidi.so.0.4.0
758c3c5ac000-758c3c5ad000 rw-p 0001d000 08:02 17563951                   /usr/lib/x86_64-linux-gnu/libfribidi.so.0.4.0
758c3c5ad000-758c3c5b5000 r--p 00000000 08:02 17576306                   /usr/lib/x86_64-linux-gnu/libfontconfig.so.1.12.1
758c3c5b5000-758c3c5e4000 r-xp 00008000 08:02 17576306                   /usr/lib/x86_64-linux-gnu/libfontconfig.so.1.12.1
758c3c5e4000-758c3c5fb000 r--p 00037000 08:02 17576306                   /usr/lib/x86_64-linux-gnu/libfontconfig.so.1.12.1
758c3c5fb000-758c3c5fd000 r--p 0004d000 08:02 17576306                   /usr/lib/x86_64-linux-gnu/libfontconfig.so.1.12.1
758c3c5fd000-758c3c5fe000 rw-p 0004f000 08:02 17576306                   /usr/lib/x86_64-linux-gnu/libfontconfig.so.1.12.1
758c3c5fe000-758c3c5ff000 ---p 00000000 00:00 0 
758c3c5ff000-758c3cdff000 rw-p 00000000 00:00 0 
758c3cdff000-758c3ce00000 ---p 00000000 00:00 0 
758c3ce00000-758c3d600000 rw-p 00000000 00:00 0 
758c3d600000-758c3d6ca000 r--p 00000000 08:02 17566930                   /usr/lib/x86_64-linux-gnu/libgallium-25.0.7-0ubuntu0.24.04.2.so
758c3d6ca000-758c3edfc000 r-xp 000ca000 08:02 17566930                   /usr/lib/x86_64-linux-gnu/libgallium-25.0.7-0ubuntu0.24.04.2.so
758c3edfc000-758c3fcac000 r--p 017fc000 08:02 17566930                   /usr/lib/x86_64-linux-gnu/libgallium-25.0.7-0ubuntu0.24.04.2.so
758c3fcac000-758c3fdb5000 r--p 026ab000 08:02 17566930                   /usr/lib/x86_64-linux-gnu/libgallium-25.0.7-0ubuntu0.24.04.2.so
758c3fdb5000-758c3fdce000 rw-p 027b4000 08:02 17566930                   /usr/lib/x86_64-linux-gnu/libgallium-25.0.7-0ubuntu0.24.04.2.so
758c3fdce000-758c3ff90000 rw-p 00000000 00:00 0 
758c3ff90000-758c3ff91000 r--p 00000000 08:02 17580610                   /usr/lib/x86_64-linux-gnu/libXdamage.so.1.1.0
758c3ff91000-758c3ff92000 r-xp 00001000 08:02 17580610                   /usr/lib/x86_64-linux-gnu/libXdamage.so.1.1.0
758c3ff92000-758c3ff93000 r--p 00002000 08:02 17580610                   /usr/lib/x86_64-linux-gnu/libXdamage.so.1.1.0
758c3ff93000-758c3ff94000 r--p 00002000 08:02 17580610                   /usr/lib/x86_64-linux-gnu/libXdamage.so.1.1.0
758c3ff94000-758c3ff95000 rw-p 00003000 08:02 17580610                   /usr/lib/x86_64-linux-gnu/libXdamage.so.1.1.0
758c3ff95000-758c3ffa8000 r--p 00000000 08:02 17577804                   /usr/lib/x86_64-linux-gnu/libpango-1.0.so.0.5200.1
758c3ffa8000-758c3ffe1000 r-xp 00013000 08:02 17577804                   /usr/lib/x86_64-linux-gnu/libpango-1.0.so.0.5200.1
758c3ffe1000-758c3fffb000 r--p 0004c000 08:02 17577804                   /usr/lib/x86_64-linux-gnu/libpango-1.0.so.0.5200.1
758c3fffb000-758c3ffff000 r--p 00065000 08:02 17577804                   /usr/lib/x86_64-linux-gnu/libpango-1.0.so.0.5200.1
758c3ffff000-758c40000000 rw-p 00069000 08:02 17577804                   /usr/lib/x86_64-linux-gnu/libpango-1.0.so.0.5200.1
758c40000000-758c40021000 rw-p 00000000 00:00 0 
758c40021000-758c44000000 ---p 00000000 00:00 0 
758c44000000-758c44147000 rw-p 00000000 00:00 0 
758c44147000-758c48000000 ---p 00000000 00:00 0 
758c48000000-758c48021000 rw-p 00000000 00:00 0 
758c48021000-758c4c000000 ---p 00000000 00:00 0 
758c4c000000-758c4c021000 rw-p 00000000 00:00 0 
758c4c021000-758c50000000 ---p 00000000 00:00 0 
758c50000000-758c50021000 rw-p 00000000 00:00 0 
758c50021000-758c54000000 ---p 00000000 00:00 0 
758c54000000-758c54072000 rw-p 00000000 00:00 0 
758c54072000-758c58000000 ---p 00000000 00:00 0 
758c58000000-758c58075000 rw-p 00000000 00:00 0 
758c58075000-758c5c000000 ---p 00000000 00:00 0 
758c5c000000-758c5c073000 rw-p 00000000 00:00 0 
758c5c073000-758c60000000 ---p 00000000 00:00 0 
758c60000000-758c60021000 rw-p 00000000 00:00 0 
758c60021000-758c64000000 ---p 00000000 00:00 0 
758c64000000-758c64074000 rw-p 00000000 00:00 0 
758c64074000-758c68000000 ---p 00000000 00:00 0 
758c68000000-758c68021000 rw-p 00000000 00:00 0 
758c68021000-758c6c000000 ---p 00000000 00:00 0 
758c6c000000-758c6c076000 rw-p 00000000 00:00 0 
758c6c076000-758c70000000 ---p 00000000 00:00 0 
758c70000000-758c7021f000 rw-p 00000000 00:00 0 
758c7021f000-758c74000000 ---p 00000000 00:00 0 
758c74000000-758c741f7000 rw-p 00000000 00:00 0 
758c741f7000-758c78000000 ---p 00000000 00:00 0 
758c78000000-758c79b1d000 rw-p 00000000 00:00 0 
758c79b1d000-758c7c000000 ---p 00000000 00:00 0 
758c7c000000-758c7c0ce000 rw-p 00000000 00:00 0 
758c7c0ce000-758c80000000 ---p 00000000 00:00 0 
758c80000000-758c8045c000 rw-p 00000000 00:00 0 
758c8045c000-758c84000000 ---p 00000000 00:00 0 
758c84000000-758c84494000 rw-p 00000000 00:00 0 
758c84494000-758c88000000 ---p 00000000 00:00 0 
758c88000000-758c88245000 rw-p 00000000 00:00 0 
758c88245000-758c8c000000 ---p 00000000 00:00 0 
758c8c000000-758c8c567000 rw-p 00000000 00:00 0 
758c8c567000-758c90000000 ---p 00000000 00:00 0 
758c90000000-758c9075a000 rw-p 00000000 00:00 0 
758c9075a000-758c94000000 ---p 00000000 00:00 0 
758c94000000-758c94315000 rw-p 00000000 00:00 0 
758c94315000-758c98000000 ---p 00000000 00:00 0 
758c98000000-758c98021000 rw-p 00000000 00:00 0 
758c98021000-758c9c000000 ---p 00000000 00:00 0 
758c9c000000-758c9c2f1000 rw-p 00000000 00:00 0 
758c9c2f1000-758ca0000000 ---p 00000000 00:00 0 
758ca0000000-758ca0001000 r--s 00000000 08:02 13111075                   /var/cache/fontconfig/4d9c95eba1cb85bbcf2878543262124a-le64.cache-9
758ca0001000-758ca0002000 r--s 00000000 08:02 13110982                   /var/cache/fontconfig/85e0a52ce643a7ba2ae53e5d6949cead-le64.cache-9
758ca0002000-758ca0003000 r--s 00000000 08:02 13110956                   /var/cache/fontconfig/49f0de54bdd920fe4f0dfd4cbac43e6b-le64.cache-9
758ca0003000-758ca0005000 r--p 00000000 08:02 17564347                   /usr/lib/x86_64-linux-gnu/libXfixes.so.3.1.0
758ca0005000-758ca0008000 r-xp 00002000 08:02 17564347                   /usr/lib/x86_64-linux-gnu/libXfixes.so.3.1.0
758ca0008000-758ca0009000 r--p 00005000 08:02 17564347                   /usr/lib/x86_64-linux-gnu/libXfixes.so.3.1.0
758ca0009000-758ca000a000 r--p 00005000 08:02 17564347                   /usr/lib/x86_64-linux-gnu/libXfixes.so.3.1.0
758ca000a000-758ca000b000 rw-p 00006000 08:02 17564347                   /usr/lib/x86_64-linux-gnu/libXfixes.so.3.1.0
758ca000b000-758ca00bc000 rw-p 00000000 00:00 0 
758ca00bc000-758ca02bc000 rw-s 105128000 00:05 1142                      /dev/dri/renderD128
758ca02bc000-758ca04bc000 rw-s 11a6fa000 00:05 1142                      /dev/dri/renderD128
758ca04bc000-758ca04bd000 ---p 00000000 00:00 0 
758ca04bd000-758ca0cbd000 rw-p 00000000 00:00 0 
758ca0cbd000-758ca0cbe000 ---p 00000000 00:00 0 
758ca0cbe000-758ca14be000 rw-p 00000000 00:00 0 
758ca14be000-758ca15ff000 rw-s 00000000 08:02 27023306                   /home/linux/.cache/mesa_shader_cache_db/index
758ca15ff000-758ca1600000 ---p 00000000 00:00 0 
758ca1600000-758ca1e00000 rw-p 00000000 00:00 0 
758ca1e00000-758ca1e68000 r--p 00000000 08:02 17564655                   /usr/lib/x86_64-linux-gnu/libicuuc.so.74.2
758ca1e68000-758ca1f6d000 r-xp 00068000 08:02 17564655                   /usr/lib/x86_64-linux-gnu/libicuuc.so.74.2
758ca1f6d000-758ca1ff7000 r--p 0016d000 08:02 17564655                   /usr/lib/x86_64-linux-gnu/libicuuc.so.74.2
758ca1ff7000-758ca200a000 r--p 001f7000 08:02 17564655                   /usr/lib/x86_64-linux-gnu/libicuuc.so.74.2
758ca200a000-758ca200b000 rw-p 0020a000 08:02 17564655                   /usr/lib/x86_64-linux-gnu/libicuuc.so.74.2
758ca200b000-758ca200d000 rw-p 00000000 00:00 0 
758ca200d000-758ca200e000 r--p 00000000 08:02 17579665                   /usr/lib/x86_64-linux-gnu/libwayland-egl.so.1.22.0
758ca200e000-758ca200f000 r-xp 00001000 08:02 17579665                   /usr/lib/x86_64-linux-gnu/libwayland-egl.so.1.22.0
758ca200f000-758ca2010000 r--p 00002000 08:02 17579665                   /usr/lib/x86_64-linux-gnu/libwayland-egl.so.1.22.0
758ca2010000-758ca2011000 r--p 00002000 08:02 17579665                   /usr/lib/x86_64-linux-gnu/libwayland-egl.so.1.22.0
758ca2011000-758ca2012000 rw-p 00003000 08:02 17579665                   /usr/lib/x86_64-linux-gnu/libwayland-egl.so.1.22.0
758ca2012000-758ca201a000 r--p 00000000 08:02 17577692                   /usr/lib/x86_64-linux-gnu/libpangoft2-1.0.so.0.5200.1
758ca201a000-758ca2027000 r-xp 00008000 08:02 17577692                   /usr/lib/x86_64-linux-gnu/libpangoft2-1.0.so.0.5200.1
758ca2027000-758ca202b000 r--p 00015000 08:02 17577692                   /usr/lib/x86_64-linux-gnu/libpangoft2-1.0.so.0.5200.1
758ca202b000-758ca202c000 r--p 00019000 08:02 17577692                   /usr/lib/x86_64-linux-gnu/libpangoft2-1.0.so.0.5200.1
758ca202c000-758ca202d000 rw-p 0001a000 08:02 17577692                   /usr/lib/x86_64-linux-gnu/libpangoft2-1.0.so.0.5200.1
758ca202d000-758ca2032000 r--p 00000000 08:02 17565653                   /usr/lib/x86_64-linux-gnu/libpangocairo-1.0.so.0.5200.1
758ca2032000-758ca203a000 r-xp 00005000 08:02 17565653                   /usr/lib/x86_64-linux-gnu/libpangocairo-1.0.so.0.5200.1
758ca203a000-758ca203c000 r--p 0000d000 08:02 17565653                   /usr/lib/x86_64-linux-gnu/libpangocairo-1.0.so.0.5200.1
758ca203c000-758ca203d000 r--p 0000f000 08:02 17565653                   /usr/lib/x86_64-linux-gnu/libpangocairo-1.0.so.0.5200.1
758ca203d000-758ca203e000 rw-p 00010000 08:02 17565653                   /usr/lib/x86_64-linux-gnu/libpangocairo-1.0.so.0.5200.1
758ca203e000-758ca204d000 r--p 00000000 08:02 17571210                   /usr/lib/x86_64-linux-gnu/libgobject-2.0.so.0.8000.0
758ca204d000-758ca2084000 r-xp 0000f000 08:02 17571210                   /usr/lib/x86_64-linux-gnu/libgobject-2.0.so.0.8000.0
758ca2084000-758ca209d000 r--p 00046000 08:02 17571210                   /usr/lib/x86_64-linux-gnu/libgobject-2.0.so.0.8000.0
758ca209d000-758ca20a0000 r--p 0005e000 08:02 17571210                   /usr/lib/x86_64-linux-gnu/libgobject-2.0.so.0.8000.0
758ca20a0000-758ca20a1000 rw-p 00061000 08:02 17571210                   /usr/lib/x86_64-linux-gnu/libgobject-2.0.so.0.8000.0
758ca20a1000-758ca20a2000 r--s 00000000 08:02 13110946                   /var/cache/fontconfig/f6e6e0a5c3d2f6ae0c0c2e0ecd42a997-le64.cache-9
758ca20a2000-758ca20a3000 r--s 00000000 08:02 13110929                   /var/cache/fontconfig/4b2eda6bb976bda485cb2176619421d5-le64.cache-9
758ca20a3000-758ca20a4000 r--s 00000000 08:02 26087786                   /home/linux/.cache/fontconfig/72684142c3482219819ba2bf88a19c68-le64.cache-9
758ca20a4000-758ca20aa000 r--p 00000000 08:02 26102234                   /home/linux/.config/dconf/user
758ca20aa000-758ca20ac000 r--p 00000000 08:02 17579681                   /usr/lib/x86_64-linux-gnu/libcanberra-gtk3.so.0.1.9
758ca20ac000-758ca20ae000 r-xp 00002000 08:02 17579681                   /usr/lib/x86_64-linux-gnu/libcanberra-gtk3.so.0.1.9
758ca20ae000-758ca20af000 r--p 00004000 08:02 17579681                   /usr/lib/x86_64-linux-gnu/libcanberra-gtk3.so.0.1.9
758ca20af000-758ca20b0000 r--p 00004000 08:02 17579681                   /usr/lib/x86_64-linux-gnu/libcanberra-gtk3.so.0.1.9
758ca20b0000-758ca20b1000 rw-p 00005000 08:02 17579681                   /usr/lib/x86_64-linux-gnu/libcanberra-gtk3.so.0.1.9
758ca20b1000-758ca20b3000 r--p 00000000 08:02 17585338                   /usr/lib/x86_64-linux-gnu/gtk-3.0/modules/libcanberra-gtk3-module.so
758ca20b3000-758ca20b6000 r-xp 00002000 08:02 17585338                   /usr/lib/x86_64-linux-gnu/gtk-3.0/modules/libcanberra-gtk3-module.so
758ca20b6000-758ca20b7000 r--p 00005000 08:02 17585338                   /usr/lib/x86_64-linux-gnu/gtk-3.0/modules/libcanberra-gtk3-module.so
758ca20b7000-758ca20b8000 r--p 00005000 08:02 17585338                   /usr/lib/x86_64-linux-gnu/gtk-3.0/modules/libcanberra-gtk3-module.so
758ca20b8000-758ca20b9000 rw-p 00006000 08:02 17585338                   /usr/lib/x86_64-linux-gnu/gtk-3.0/modules/libcanberra-gtk3-module.so
758ca20b9000-758ca20bc000 r--p 00000000 08:02 17564562                   /usr/lib/x86_64-linux-gnu/liblzma.so.5.4.5
758ca20bc000-758ca20de000 r-xp 00003000 08:02 17564562                   /usr/lib/x86_64-linux-gnu/liblzma.so.5.4.5
758ca20de000-758ca20e9000 r--p 00025000 08:02 17564562                   /usr/lib/x86_64-linux-gnu/liblzma.so.5.4.5
758ca20e9000-758ca20ea000 r--p 00030000 08:02 17564562                   /usr/lib/x86_64-linux-gnu/liblzma.so.5.4.5
758ca20ea000-758ca20eb000 rw-p 00031000 08:02 17564562                   /usr/lib/x86_64-linux-gnu/liblzma.so.5.4.5
758ca20eb000-758ca20f9000 r--p 00000000 08:02 17573228                   /usr/lib/x86_64-linux-gnu/libtinfo.so.6.4
758ca20f9000-758ca210c000 r-xp 0000e000 08:02 17573228                   /usr/lib/x86_64-linux-gnu/libtinfo.so.6.4
758ca210c000-758ca211a000 r--p 00021000 08:02 17573228                   /usr/lib/x86_64-linux-gnu/libtinfo.so.6.4
758ca211a000-758ca211e000 r--p 0002e000 08:02 17573228                   /usr/lib/x86_64-linux-gnu/libtinfo.so.6.4
758ca211e000-758ca211f000 rw-p 00032000 08:02 17573228                   /usr/lib/x86_64-linux-gnu/libtinfo.so.6.4
758ca211f000-758ca2121000 r--p 00000000 08:02 17571889                   /usr/lib/x86_64-linux-gnu/libpciaccess.so.0.11.1
758ca2121000-758ca2126000 r-xp 00002000 08:02 17571889                   /usr/lib/x86_64-linux-gnu/libpciaccess.so.0.11.1
758ca2126000-758ca2128000 r--p 00007000 08:02 17571889                   /usr/lib/x86_64-linux-gnu/libpciaccess.so.0.11.1
758ca2128000-758ca2129000 r--p 00008000 08:02 17571889                   /usr/lib/x86_64-linux-gnu/libpciaccess.so.0.11.1
758ca2129000-758ca212a000 rw-p 00009000 08:02 17571889                   /usr/lib/x86_64-linux-gnu/libpciaccess.so.0.11.1
758ca212a000-758ca2159000 r--p 00000000 08:02 17564433                   /usr/lib/x86_64-linux-gnu/libxml2.so.2.9.14
758ca2159000-758ca22bf000 r-xp 0002f000 08:02 17564433                   /usr/lib/x86_64-linux-gnu/libxml2.so.2.9.14
758ca22bf000-758ca2301000 r--p 00195000 08:02 17564433                   /usr/lib/x86_64-linux-gnu/libxml2.so.2.9.14
758ca2301000-758ca230a000 r--p 001d6000 08:02 17564433                   /usr/lib/x86_64-linux-gnu/libxml2.so.2.9.14
758ca230a000-758ca230b000 rw-p 001df000 08:02 17564433                   /usr/lib/x86_64-linux-gnu/libxml2.so.2.9.14
758ca230b000-758ca230c000 rw-p 00000000 00:00 0 
758ca230c000-758ca2314000 r--p 00000000 08:02 17566916                   /usr/lib/x86_64-linux-gnu/libedit.so.2.0.72
758ca2314000-758ca2333000 r-xp 00008000 08:02 17566916                   /usr/lib/x86_64-linux-gnu/libedit.so.2.0.72
758ca2333000-758ca233f000 r--p 00027000 08:02 17566916                   /usr/lib/x86_64-linux-gnu/libedit.so.2.0.72
758ca233f000-758ca2341000 r--p 00033000 08:02 17566916                   /usr/lib/x86_64-linux-gnu/libedit.so.2.0.72
758ca2341000-758ca2342000 rw-p 00035000 08:02 17566916                   /usr/lib/x86_64-linux-gnu/libedit.so.2.0.72
758ca2342000-758ca2346000 rw-p 00000000 00:00 0 
758ca2346000-758ca2348000 r--p 00000000 08:02 17575560                   /usr/lib/x86_64-linux-gnu/libffi.so.8.1.4
758ca2348000-758ca234f000 r-xp 00002000 08:02 17575560                   /usr/lib/x86_64-linux-gnu/libffi.so.8.1.4
758ca234f000-758ca2350000 r--p 00009000 08:02 17575560                   /usr/lib/x86_64-linux-gnu/libffi.so.8.1.4
758ca2350000-758ca2351000 r--p 0000a000 08:02 17575560                   /usr/lib/x86_64-linux-gnu/libffi.so.8.1.4
758ca2351000-758ca2352000 rw-p 0000b000 08:02 17575560                   /usr/lib/x86_64-linux-gnu/libffi.so.8.1.4
758ca2352000-758ca2355000 r--p 00000000 08:02 17566914                   /usr/lib/x86_64-linux-gnu/libdrm_intel.so.1.0.0
758ca2355000-758ca236b000 r-xp 00003000 08:02 17566914                   /usr/lib/x86_64-linux-gnu/libdrm_intel.so.1.0.0
758ca236b000-758ca2374000 r--p 00019000 08:02 17566914                   /usr/lib/x86_64-linux-gnu/libdrm_intel.so.1.0.0
758ca2374000-758ca2375000 r--p 00021000 08:02 17566914                   /usr/lib/x86_64-linux-gnu/libdrm_intel.so.1.0.0
758ca2375000-758ca2376000 rw-p 00022000 08:02 17566914                   /usr/lib/x86_64-linux-gnu/libdrm_intel.so.1.0.0
758ca2376000-758ca2379000 r--p 00000000 08:02 17566912                   /usr/lib/x86_64-linux-gnu/libdrm_amdgpu.so.1.0.0
758ca2379000-758ca237f000 r-xp 00003000 08:02 17566912                   /usr/lib/x86_64-linux-gnu/libdrm_amdgpu.so.1.0.0
758ca237f000-758ca2381000 r--p 00009000 08:02 17566912                   /usr/lib/x86_64-linux-gnu/libdrm_amdgpu.so.1.0.0
758ca2381000-758ca2382000 r--p 0000a000 08:02 17566912                   /usr/lib/x86_64-linux-gnu/libdrm_amdgpu.so.1.0.0
758ca2382000-758ca2383000 rw-p 0000b000 08:02 17566912                   /usr/lib/x86_64-linux-gnu/libdrm_amdgpu.so.1.0.0
758ca2383000-758ca2386000 r--p 00000000 08:02 17568289                   /usr/lib/x86_64-linux-gnu/libelf-0.190.so
758ca2386000-758ca239c000 r-xp 00003000 08:02 17568289                   /usr/lib/x86_64-linux-gnu/libelf-0.190.so
758ca239c000-758ca23a0000 r--p 00019000 08:02 17568289                   /usr/lib/x86_64-linux-gnu/libelf-0.190.so
758ca23a0000-758ca23a1000 r--p 0001c000 08:02 17568289                   /usr/lib/x86_64-linux-gnu/libelf-0.190.so
758ca23a1000-758ca23a2000 rw-p 0001d000 08:02 17568289                   /usr/lib/x86_64-linux-gnu/libelf-0.190.so
758ca23a2000-758ca23a9000 r--p 00000000 08:02 17566924                   /usr/lib/x86_64-linux-gnu/libxcb-randr.so.0.1.0
758ca23a9000-758ca23ae000 r-xp 00007000 08:02 17566924                   /usr/lib/x86_64-linux-gnu/libxcb-randr.so.0.1.0
758ca23ae000-758ca23b1000 r--p 0000c000 08:02 17566924                   /usr/lib/x86_64-linux-gnu/libxcb-randr.so.0.1.0
758ca23b1000-758ca23b2000 r--p 0000f000 08:02 17566924                   /usr/lib/x86_64-linux-gnu/libxcb-randr.so.0.1.0
758ca23b2000-758ca23b3000 rw-p 00010000 08:02 17566924                   /usr/lib/x86_64-linux-gnu/libxcb-randr.so.0.1.0
758ca23b3000-758ca23b5000 r--p 00000000 08:02 17566920                   /usr/lib/x86_64-linux-gnu/libsensors.so.5.0.0
758ca23b5000-758ca23bc000 r-xp 00002000 08:02 17566920                   /usr/lib/x86_64-linux-gnu/libsensors.so.5.0.0
758ca23bc000-758ca23c0000 r--p 00009000 08:02 17566920                   /usr/lib/x86_64-linux-gnu/libsensors.so.5.0.0
758ca23c0000-758ca23c1000 r--p 0000d000 08:02 17566920                   /usr/lib/x86_64-linux-gnu/libsensors.so.5.0.0
758ca23c1000-758ca23c2000 rw-p 0000e000 08:02 17566920                   /usr/lib/x86_64-linux-gnu/libsensors.so.5.0.0
758ca23c2000-758ca23c6000 r--p 00000000 08:02 17566201                   /usr/lib/x86_64-linux-gnu/libzstd.so.1.5.5
758ca23c6000-758ca246d000 r-xp 00004000 08:02 17566201                   /usr/lib/x86_64-linux-gnu/libzstd.so.1.5.5
758ca246d000-758ca247a000 r--p 000ab000 08:02 17566201                   /usr/lib/x86_64-linux-gnu/libzstd.so.1.5.5
758ca247a000-758ca247b000 r--p 000b7000 08:02 17566201                   /usr/lib/x86_64-linux-gnu/libzstd.so.1.5.5
758ca247b000-758ca247c000 rw-p 000b8000 08:02 17566201                   /usr/lib/x86_64-linux-gnu/libzstd.so.1.5.5
758ca247c000-758ca2480000 r--p 00000000 08:02 17574493                   /usr/lib/x86_64-linux-gnu/libexpat.so.1.9.1
758ca2480000-758ca249d000 r-xp 00004000 08:02 17574493                   /usr/lib/x86_64-linux-gnu/libexpat.so.1.9.1
758ca249d000-758ca24a5000 r--p 00021000 08:02 17574493                   /usr/lib/x86_64-linux-gnu/libexpat.so.1.9.1
758ca24a5000-758ca24a7000 r--p 00028000 08:02 17574493                   /usr/lib/x86_64-linux-gnu/libexpat.so.1.9.1
758ca24a7000-758ca24a8000 rw-p 0002a000 08:02 17574493                   /usr/lib/x86_64-linux-gnu/libexpat.so.1.9.1
758ca24a8000-758ca24e9000 r--p 00000000 08:02 17587632                   /usr/lib/x86_64-linux-gnu/libGLdispatch.so.0.0.0
758ca24e9000-758ca2528000 r-xp 00041000 08:02 17587632                   /usr/lib/x86_64-linux-gnu/libGLdispatch.so.0.0.0
758ca2528000-758ca253b000 r--p 00080000 08:02 17587632                   /usr/lib/x86_64-linux-gnu/libGLdispatch.so.0.0.0
758ca253b000-758ca2557000 r--p 00093000 08:02 17587632                   /usr/lib/x86_64-linux-gnu/libGLdispatch.so.0.0.0
758ca2557000-758ca2558000 rw-p 000af000 08:02 17587632                   /usr/lib/x86_64-linux-gnu/libGLdispatch.so.0.0.0
758ca2558000-758ca2560000 rw-p 00000000 00:00 0 
758ca2560000-758ca25a3000 r--p 00000000 08:02 17587114                   /usr/lib/x86_64-linux-gnu/libGL.so.1.7.0
758ca25a3000-758ca25c3000 r-xp 00043000 08:02 17587114                   /usr/lib/x86_64-linux-gnu/libGL.so.1.7.0
758ca25c3000-758ca25d7000 r--p 00063000 08:02 17587114                   /usr/lib/x86_64-linux-gnu/libGL.so.1.7.0
758ca25d7000-758ca25e5000 r--p 00077000 08:02 17587114                   /usr/lib/x86_64-linux-gnu/libGL.so.1.7.0
758ca25e5000-758ca25e6000 rw-p 00085000 08:02 17587114                   /usr/lib/x86_64-linux-gnu/libGL.so.1.7.0
758ca25e6000-758ca25e7000 rw-p 00000000 00:00 0 
758ca25e7000-758ca2600000 r--p 00000000 08:02 17565899                   /usr/lib/x86_64-linux-gnu/libX11.so.6.4.0
758ca2600000-758ca2690000 r-xp 00019000 08:02 17565899                   /usr/lib/x86_64-linux-gnu/libX11.so.6.4.0
758ca2690000-758ca271f000 r--p 000a9000 08:02 17565899                   /usr/lib/x86_64-linux-gnu/libX11.so.6.4.0
758ca271f000-758ca2720000 r--p 00138000 08:02 17565899                   /usr/lib/x86_64-linux-gnu/libX11.so.6.4.0
758ca2720000-758ca2724000 rw-p 00139000 08:02 17565899                   /usr/lib/x86_64-linux-gnu/libX11.so.6.4.0
758ca2724000-758ca2728000 ---p 00000000 00:00 0 
758ca2728000-758ca2824000 rw-p 00000000 00:00 0 
758ca2824000-758ca2825000 ---p 00000000 00:00 0 
758ca2825000-758ca2925000 rw-p 00000000 00:00 0 
758ca2925000-758ca2926000 ---p 00000000 00:00 0 
758ca2926000-758ca2a26000 rw-p 00000000 00:00 0 
758ca2a26000-758ca2a27000 ---p 00000000 00:00 0 
758ca2a27000-758ca2b27000 rw-p 00000000 00:00 0 
758ca2b27000-758ca2b28000 ---p 00000000 00:00 0 
758ca2b28000-758ca2c28000 rw-p 00000000 00:00 0 
758ca2c28000-758ca2c29000 ---p 00000000 00:00 0 
758ca2c29000-758ca2d29000 rw-p 00000000 00:00 0 
758ca2d29000-758ca2d2a000 ---p 00000000 00:00 0 
758ca2d2a000-758ca2e2a000 rw-p 00000000 00:00 0 
758ca2e2a000-758ca2e2b000 ---p 00000000 00:00 0 
758ca2e2b000-758ca2f2b000 rw-p 00000000 00:00 0 
758ca2f2b000-758ca2f2c000 ---p 00000000 00:00 0 
758ca2f2c000-758ca302c000 rw-p 00000000 00:00 0 
758ca302c000-758ca302d000 ---p 00000000 00:00 0 
758ca302d000-758ca312d000 rw-p 00000000 00:00 0 
758ca312d000-758ca312e000 ---p 00000000 00:00 0 
758ca312e000-758ca322e000 rw-p 00000000 00:00 0 
758ca322e000-758ca322f000 ---p 00000000 00:00 0 
758ca322f000-758ca332f000 rw-p 00000000 00:00 0 
758ca332f000-758ca3333000 ---p 00000000 00:00 0 
758ca3333000-758ca342f000 rw-p 00000000 00:00 0 
758ca342f000-758ca3433000 ---p 00000000 00:00 0 
758ca3433000-758ca352f000 rw-p 00000000 00:00 0 
758ca352f000-758ca3533000 ---p 00000000 00:00 0 
758ca3533000-758ca362f000 rw-p 00000000 00:00 0 
758ca362f000-758ca3633000 ---p 00000000 00:00 0 
758ca3633000-758ca372f000 rw-p 00000000 00:00 0 
758ca372f000-758ca3733000 ---p 00000000 00:00 0 
758ca3733000-758ca382f000 rw-p 00000000 00:00 0 
758ca382f000-758ca3833000 ---p 00000000 00:00 0 
758ca3833000-758ca392f000 rw-p 00000000 00:00 0 
758ca392f000-758ca3933000 ---p 00000000 00:00 0 
758ca3933000-758ca3a2f000 rw-p 00000000 00:00 0 
758ca3a2f000-758ca3a33000 ---p 00000000 00:00 0 
758ca3a33000-758ca3b2f000 rw-p 00000000 00:00 0 
758ca3b2f000-758ca3b33000 ---p 00000000 00:00 0 
758ca3b33000-758ca3c2f000 rw-p 00000000 00:00 0 
758ca3c2f000-758ca3c33000 ---p 00000000 00:00 0 
758ca3c33000-758ca3d2f000 rw-p 00000000 00:00 0 
758ca3d2f000-758ca3d33000 ---p 00000000 00:00 0 
758ca3d33000-758ca3e2f000 rw-p 00000000 00:00 0 
758ca3e2f000-758ca3e33000 ---p 00000000 00:00 0 
758ca3e33000-758ca3f2f000 rw-p 00000000 00:00 0 
758ca3f2f000-758ca3f34000 r--p 00000000 08:02 18234291                   /usr/lib/jvm/java-21-openjdk-amd64/lib/libjsvml.so
758ca3f34000-758ca3f75000 r-xp 00005000 08:02 18234291                   /usr/lib/jvm/java-21-openjdk-amd64/lib/libjsvml.so
758ca3f75000-758ca3ffe000 r--p 00046000 08:02 18234291                   /usr/lib/jvm/java-21-openjdk-amd64/lib/libjsvml.so
758ca3ffe000-758ca3fff000 r--p 000ce000 08:02 18234291                   /usr/lib/jvm/java-21-openjdk-amd64/lib/libjsvml.so
758ca3fff000-758ca4000000 rw-p 000cf000 08:02 18234291                   /usr/lib/jvm/java-21-openjdk-amd64/lib/libjsvml.so
758ca4000000-758ca4021000 rw-p 00000000 00:00 0 
758ca4021000-758ca8000000 ---p 00000000 00:00 0 
758ca8000000-758caa481000 rw-p 00000000 00:00 0 
758caa481000-758cac000000 ---p 00000000 00:00 0 
758cac000000-758cac021000 rw-p 00000000 00:00 0 
758cac021000-758cb0000000 ---p 00000000 00:00 0 
758cb0000000-758cb0021000 rw-p 00000000 00:00 0 
758cb0021000-758cb4000000 ---p 00000000 00:00 0 
758cb4000000-758cb4021000 rw-p 00000000 00:00 0 
758cb4021000-758cb8000000 ---p 00000000 00:00 0 
758cb8000000-758cb8148000 rw-p 00000000 00:00 0 
758cb8148000-758cbc000000 ---p 00000000 00:00 0 
758cbc000000-758cbc3f0000 rw-p 00000000 00:00 0 
758cbc3f0000-758cbc410000 rw-p 00000000 00:00 0 
758cbc410000-758cbc430000 rw-p 00000000 00:00 0 
758cbc430000-758cbc470000 rw-p 00000000 00:00 0 
758cbc470000-758cbc4f0000 rw-p 00000000 00:00 0 
758cbc4f0000-758cbc6f0000 rw-p 00000000 00:00 0 
758cbc6f0000-758cbc770000 rw-p 00000000 00:00 0 
758cbc770000-758cbc8f0000 rw-p 00000000 00:00 0 
758cbc8f0000-758cbcaf0000 rw-p 00000000 00:00 0 
758cbcaf0000-758cbcbf0000 rw-p 00000000 00:00 0 
758cbcbf0000-758cbccf0000 rw-p 00000000 00:00 0 
758cbccf0000-758cbcdf0000 rw-p 00000000 00:00 0 
758cbcdf0000-758cbcff0000 rw-p 00000000 00:00 0 
758cbcff0000-758cbd0f0000 rw-p 00000000 00:00 0 
758cbd0f0000-758cbd1f0000 rw-p 00000000 00:00 0 
758cbd1f0000-758cbd2f0000 rw-p 00000000 00:00 0 
758cbd2f0000-758cbd3f0000 rw-p 00000000 00:00 0 
758cbd3f0000-758cbd8f0000 rw-p 00000000 00:00 0 
758cbd8f0000-758cbd9f0000 rw-p 00000000 00:00 0 
758cbd9f0000-758cbdb70000 rw-p 00000000 00:00 0 
758cbdb70000-758cbdbf0000 rw-p 00000000 00:00 0 
758cbdbf0000-758cbddf0000 rw-p 00000000 00:00 0 
758cbddf0000-758cbdef0000 rw-p 00000000 00:00 0 
758cbdef0000-758cbdff0000 rw-p 00000000 00:00 0 
758cbdff0000-758cbe2a0000 rw-p 00000000 00:00 0 
758cbe2a0000-758cbe300000 ---p 00000000 00:00 0 
758cbe300000-758cbe340000 rw-p 00000000 00:00 0 
758cbe340000-758cc0000000 ---p 00000000 00:00 0 
758cc0000000-758cc006d000 rw-p 00000000 00:00 0 
758cc006d000-758cc4000000 ---p 00000000 00:00 0 
758cc4000000-758cc404d000 rw-p 00000000 00:00 0 
758cc404d000-758cc8000000 ---p 00000000 00:00 0 
758cc8000000-758cc806c000 rw-p 00000000 00:00 0 
758cc806c000-758ccc000000 ---p 00000000 00:00 0 
758ccc000000-758ccc0d6000 rw-p 00000000 00:00 0 
758ccc0d6000-758cd0000000 ---p 00000000 00:00 0 
758cd0000000-758cd006e000 rw-p 00000000 00:00 0 
758cd006e000-758cd4000000 ---p 00000000 00:00 0 
758cd4000000-758cd4021000 rw-p 00000000 00:00 0 
758cd4021000-758cd8000000 ---p 00000000 00:00 0 
758cd8000000-758cd8071000 rw-p 00000000 00:00 0 
758cd8071000-758cdc004000 ---p 00000000 00:00 0 
758cdc004000-758cdc100000 rw-p 00000000 00:00 0 
758cdc100000-758cdc104000 ---p 00000000 00:00 0 
758cdc104000-758cdc200000 rw-p 00000000 00:00 0 
758cdc200000-758cdc204000 ---p 00000000 00:00 0 
758cdc204000-758cdc300000 rw-p 00000000 00:00 0 
758cdc300000-758cdc304000 ---p 00000000 00:00 0 
758cdc304000-758cdc400000 rw-p 00000000 00:00 0 
758cdc400000-758cdc404000 ---p 00000000 00:00 0 
758cdc404000-758cdc500000 rw-p 00000000 00:00 0 
758cdc500000-758cdc504000 ---p 00000000 00:00 0 
758cdc504000-758cdc600000 rw-p 00000000 00:00 0 
758cdc600000-758cdcb76000 r--p 00000000 08:02 17565860                   /usr/lib/locale/locale-archive
758cdcb76000-758cdcb79000 r--p 00000000 08:02 17566926                   /usr/lib/x86_64-linux-gnu/libxcb-sync.so.1.0.0
758cdcb79000-758cdcb7c000 r-xp 00003000 08:02 17566926                   /usr/lib/x86_64-linux-gnu/libxcb-sync.so.1.0.0
758cdcb7c000-758cdcb7d000 r--p 00006000 08:02 17566926                   /usr/lib/x86_64-linux-gnu/libxcb-sync.so.1.0.0
758cdcb7d000-758cdcb7e000 r--p 00007000 08:02 17566926                   /usr/lib/x86_64-linux-gnu/libxcb-sync.so.1.0.0
758cdcb7e000-758cdcb7f000 rw-p 00008000 08:02 17566926                   /usr/lib/x86_64-linux-gnu/libxcb-sync.so.1.0.0
758cdcb7f000-758cdcb82000 r--p 00000000 08:02 17564128                   /usr/lib/x86_64-linux-gnu/libxcb-xfixes.so.0.0.0
758cdcb82000-758cdcb85000 r-xp 00003000 08:02 17564128                   /usr/lib/x86_64-linux-gnu/libxcb-xfixes.so.0.0.0
758cdcb85000-758cdcb87000 r--p 00006000 08:02 17564128                   /usr/lib/x86_64-linux-gnu/libxcb-xfixes.so.0.0.0
758cdcb87000-758cdcb88000 r--p 00007000 08:02 17564128                   /usr/lib/x86_64-linux-gnu/libxcb-xfixes.so.0.0.0
758cdcb88000-758cdcb89000 rw-p 00008000 08:02 17564128                   /usr/lib/x86_64-linux-gnu/libxcb-xfixes.so.0.0.0
758cdcb89000-758cdcba2000 r--p 00000000 08:02 17587104                   /usr/lib/x86_64-linux-gnu/libGLX_mesa.so.0.0.0
758cdcba2000-758cdcbdb000 r-xp 00019000 08:02 17587104                   /usr/lib/x86_64-linux-gnu/libGLX_mesa.so.0.0.0
758cdcbdb000-758cdcbed000 r--p 00052000 08:02 17587104                   /usr/lib/x86_64-linux-gnu/libGLX_mesa.so.0.0.0
758cdcbed000-758cdcbf1000 r--p 00063000 08:02 17587104                   /usr/lib/x86_64-linux-gnu/libGLX_mesa.so.0.0.0
758cdcbf1000-758cdcbf2000 rw-p 00067000 08:02 17587104                   /usr/lib/x86_64-linux-gnu/libGLX_mesa.so.0.0.0
758cdcbf2000-758cdcbf3000 rw-p 00000000 00:00 0 
758cdcbf3000-758cdcbf7000 ---p 00000000 00:00 0 
758cdcbf7000-758cdccf3000 rw-p 00000000 00:00 0 
758cdccf3000-758cdccf4000 ---p 00000000 00:00 0 
758cdccf4000-758cdcdf4000 rw-p 00000000 00:00 0 
758cdcdf4000-758cdcdf5000 ---p 00000000 00:00 0 
758cdcdf5000-758cdcef5000 rw-p 00000000 00:00 0 
758cdcef5000-758cdcef6000 ---p 00000000 00:00 0 
758cdcef6000-758cdcff6000 rw-p 00000000 00:00 0 
758cdcff6000-758cdcff7000 ---p 00000000 00:00 0 
758cdcff7000-758cdd0f7000 rw-p 00000000 00:00 0 
758cdd0f7000-758cdfa00000 rw-p 00000000 00:00 0 
758cdfa00000-758cdfa01000 rw-s 00000000 00:01 153281                     /memfd:xshmfence (deleted)
758cdfa01000-758cdfa02000 r--p 00000000 08:02 17566928                   /usr/lib/x86_64-linux-gnu/libxshmfence.so.1.0.0
758cdfa02000-758cdfa03000 r-xp 00001000 08:02 17566928                   /usr/lib/x86_64-linux-gnu/libxshmfence.so.1.0.0
758cdfa03000-758cdfa04000 r--p 00002000 08:02 17566928                   /usr/lib/x86_64-linux-gnu/libxshmfence.so.1.0.0
758cdfa04000-758cdfa05000 r--p 00002000 08:02 17566928                   /usr/lib/x86_64-linux-gnu/libxshmfence.so.1.0.0
758cdfa05000-758cdfa06000 rw-p 00003000 08:02 17566928                   /usr/lib/x86_64-linux-gnu/libxshmfence.so.1.0.0
758cdfa06000-758cdfa07000 r--p 00000000 08:02 17563665                   /usr/lib/x86_64-linux-gnu/libxcb-present.so.0.0.0
758cdfa07000-758cdfa08000 r-xp 00001000 08:02 17563665                   /usr/lib/x86_64-linux-gnu/libxcb-present.so.0.0.0
758cdfa08000-758cdfa09000 r--p 00002000 08:02 17563665                   /usr/lib/x86_64-linux-gnu/libxcb-present.so.0.0.0
758cdfa09000-758cdfa0a000 r--p 00002000 08:02 17563665                   /usr/lib/x86_64-linux-gnu/libxcb-present.so.0.0.0
758cdfa0a000-758cdfa0b000 rw-p 00003000 08:02 17563665                   /usr/lib/x86_64-linux-gnu/libxcb-present.so.0.0.0
758cdfa0b000-758cdfa16000 r--p 00000000 08:02 17566937                   /usr/lib/x86_64-linux-gnu/libxcb-glx.so.0.0.0
758cdfa16000-758cdfa1f000 r-xp 0000b000 08:02 17566937                   /usr/lib/x86_64-linux-gnu/libxcb-glx.so.0.0.0
758cdfa1f000-758cdfa24000 r--p 00014000 08:02 17566937                   /usr/lib/x86_64-linux-gnu/libxcb-glx.so.0.0.0
758cdfa24000-758cdfa26000 r--p 00019000 08:02 17566937                   /usr/lib/x86_64-linux-gnu/libxcb-glx.so.0.0.0
758cdfa26000-758cdfa27000 rw-p 0001b000 08:02 17566937                   /usr/lib/x86_64-linux-gnu/libxcb-glx.so.0.0.0
758cdfa27000-758cdfa2c000 r--p 00000000 08:02 17579726                   /usr/lib/x86_64-linux-gnu/libdrm.so.2.4.0
758cdfa2c000-758cdfa38000 r-xp 00005000 08:02 17579726                   /usr/lib/x86_64-linux-gnu/libdrm.so.2.4.0
758cdfa38000-758cdfa3c000 r--p 00011000 08:02 17579726                   /usr/lib/x86_64-linux-gnu/libdrm.so.2.4.0
758cdfa3c000-758cdfa3d000 r--p 00014000 08:02 17579726                   /usr/lib/x86_64-linux-gnu/libdrm.so.2.4.0
758cdfa3d000-758cdfa3e000 rw-p 00015000 08:02 17579726                   /usr/lib/x86_64-linux-gnu/libdrm.so.2.4.0
758cdfa3e000-758cdfa40000 r--p 00000000 08:02 17567377                   /usr/lib/x86_64-linux-gnu/libmd.so.0.1.0
758cdfa40000-758cdfa49000 r-xp 00002000 08:02 17567377                   /usr/lib/x86_64-linux-gnu/libmd.so.0.1.0
758cdfa49000-758cdfa4b000 r--p 0000b000 08:02 17567377                   /usr/lib/x86_64-linux-gnu/libmd.so.0.1.0
758cdfa4b000-758cdfa4c000 r--p 0000c000 08:02 17567377                   /usr/lib/x86_64-linux-gnu/libmd.so.0.1.0
758cdfa4c000-758cdfa4d000 rw-p 0000d000 08:02 17567377                   /usr/lib/x86_64-linux-gnu/libmd.so.0.1.0
758cdfa4d000-758ce037e000 rw-p 00000000 00:00 0 
758ce037e000-758ce05be000 ---p 00000000 00:00 0 
758ce05be000-758ce05de000 rw-p 00000000 00:00 0 
758ce05de000-758ce77ce000 ---p 00000000 00:00 0 
758ce77ce000-758ce77de000 rw-p 00000000 00:00 0 
758ce77de000-758ce785e000 ---p 00000000 00:00 0 
758ce785e000-758ce7964000 rw-p 00000000 00:00 0 
758ce7964000-758ce79ac000 ---p 00000000 00:00 0 
758ce79ac000-758ce79b0000 rw-p 00000000 00:00 0 
758ce79b0000-758ce87ee000 ---p 00000000 00:00 0 
758ce87ee000-758ce87f0000 rw-p 00000000 00:00 0 
758ce87f0000-758ce8800000 ---p 00000000 00:00 0 
758ce8800000-758ce9470000 rwxp 00000000 00:00 0 
758ce9470000-758cefc5f000 ---p 00000000 00:00 0 
758cefc5f000-758cf006f000 rwxp 00000000 00:00 0 
758cf006f000-758cf03a0000 ---p 00000000 00:00 0 
758cf03a0000-758cf0720000 rwxp 00000000 00:00 0 
758cf0720000-758cf7800000 ---p 00000000 00:00 0 
758cf7800000-758cffe34000 r--s 00000000 08:02 18236537                   /usr/lib/jvm/java-21-openjdk-amd64/lib/modules
758cffe34000-758cffe35000 rw-s 13a3eb000 00:05 1142                      /dev/dri/renderD128
758cffe35000-758cffe39000 r--p 00000000 08:02 17567379                   /usr/lib/x86_64-linux-gnu/libbsd.so.0.12.1
758cffe39000-758cffe45000 r-xp 00004000 08:02 17567379                   /usr/lib/x86_64-linux-gnu/libbsd.so.0.12.1
758cffe45000-758cffe48000 r--p 00010000 08:02 17567379                   /usr/lib/x86_64-linux-gnu/libbsd.so.0.12.1
758cffe48000-758cffe49000 r--p 00012000 08:02 17567379                   /usr/lib/x86_64-linux-gnu/libbsd.so.0.12.1
758cffe49000-758cffe4a000 rw-p 00013000 08:02 17567379                   /usr/lib/x86_64-linux-gnu/libbsd.so.0.12.1
758cffe4a000-758cffe4b000 rw-p 00000000 00:00 0 
758cffe4b000-758cffe4e000 r--p 00000000 08:02 17587115                   /usr/lib/x86_64-linux-gnu/libGLX.so.0.0.0
758cffe4e000-758cffe69000 r-xp 00003000 08:02 17587115                   /usr/lib/x86_64-linux-gnu/libGLX.so.0.0.0
758cffe69000-758cffe6c000 r--p 0001e000 08:02 17587115                   /usr/lib/x86_64-linux-gnu/libGLX.so.0.0.0
758cffe6c000-758cffe6d000 r--p 00020000 08:02 17587115                   /usr/lib/x86_64-linux-gnu/libGLX.so.0.0.0
758cffe6d000-758cffe6e000 rw-p 00021000 08:02 17587115                   /usr/lib/x86_64-linux-gnu/libGLX.so.0.0.0
758cffe6e000-758d009ab000 rw-p 00000000 00:00 0 
758d009ab000-758d04000000 ---p 00000000 00:00 0 
758d04000000-758d04001000 rw-s 13a3ea000 00:05 1142                      /dev/dri/renderD128
758d04001000-758d04003000 r--p 00000000 08:02 17566922                   /usr/lib/x86_64-linux-gnu/libxcb-dri3.so.0.1.0
758d04003000-758d04005000 r-xp 00002000 08:02 17566922                   /usr/lib/x86_64-linux-gnu/libxcb-dri3.so.0.1.0
758d04005000-758d04006000 r--p 00004000 08:02 17566922                   /usr/lib/x86_64-linux-gnu/libxcb-dri3.so.0.1.0
758d04006000-758d04007000 r--p 00004000 08:02 17566922                   /usr/lib/x86_64-linux-gnu/libxcb-dri3.so.0.1.0
758d04007000-758d04008000 rw-p 00005000 08:02 17566922                   /usr/lib/x86_64-linux-gnu/libxcb-dri3.so.0.1.0
758d04008000-758d04009000 r--p 00000000 08:02 17576312                   /usr/lib/x86_64-linux-gnu/libxcb-shm.so.0.0.0
758d04009000-758d0400a000 r-xp 00001000 08:02 17576312                   /usr/lib/x86_64-linux-gnu/libxcb-shm.so.0.0.0
758d0400a000-758d0400b000 r--p 00002000 08:02 17576312                   /usr/lib/x86_64-linux-gnu/libxcb-shm.so.0.0.0
758d0400b000-758d0400c000 r--p 00002000 08:02 17576312                   /usr/lib/x86_64-linux-gnu/libxcb-shm.so.0.0.0
758d0400c000-758d0400d000 rw-p 00003000 08:02 17576312                   /usr/lib/x86_64-linux-gnu/libxcb-shm.so.0.0.0
758d0400d000-758d0400f000 r--p 00000000 08:02 17567385                   /usr/lib/x86_64-linux-gnu/libXdmcp.so.6.0.0
758d0400f000-758d04011000 r-xp 00002000 08:02 17567385                   /usr/lib/x86_64-linux-gnu/libXdmcp.so.6.0.0
758d04011000-758d04013000 r--p 00004000 08:02 17567385                   /usr/lib/x86_64-linux-gnu/libXdmcp.so.6.0.0
758d04013000-758d04014000 r--p 00005000 08:02 17567385                   /usr/lib/x86_64-linux-gnu/libXdmcp.so.6.0.0
758d04014000-758d04015000 rw-p 00006000 08:02 17567385                   /usr/lib/x86_64-linux-gnu/libXdmcp.so.6.0.0
758d04015000-758d04016000 r--p 00000000 08:02 17567413                   /usr/lib/x86_64-linux-gnu/libXau.so.6.0.0
758d04016000-758d04018000 r-xp 00001000 08:02 17567413                   /usr/lib/x86_64-linux-gnu/libXau.so.6.0.0
758d04018000-758d04019000 r--p 00003000 08:02 17567413                   /usr/lib/x86_64-linux-gnu/libXau.so.6.0.0
758d04019000-758d0401a000 r--p 00003000 08:02 17567413                   /usr/lib/x86_64-linux-gnu/libXau.so.6.0.0
758d0401a000-758d0401b000 rw-p 00004000 08:02 17567413                   /usr/lib/x86_64-linux-gnu/libXau.so.6.0.0
758d0401b000-758d0401f000 r--p 00000000 08:02 17567396                   /usr/lib/x86_64-linux-gnu/libXext.so.6.4.0
758d0401f000-758d0402a000 r-xp 00004000 08:02 17567396                   /usr/lib/x86_64-linux-gnu/libXext.so.6.4.0
758d0402a000-758d0402d000 r--p 0000f000 08:02 17567396                   /usr/lib/x86_64-linux-gnu/libXext.so.6.4.0
758d0402d000-758d0402e000 r--p 00011000 08:02 17567396                   /usr/lib/x86_64-linux-gnu/libXext.so.6.4.0
758d0402e000-758d0402f000 rw-p 00012000 08:02 17567396                   /usr/lib/x86_64-linux-gnu/libXext.so.6.4.0
758d0402f000-758d0403a000 r--p 00000000 08:02 17567391                   /usr/lib/x86_64-linux-gnu/libxcb.so.1.1.0
758d0403a000-758d0404d000 r-xp 0000b000 08:02 17567391                   /usr/lib/x86_64-linux-gnu/libxcb.so.1.1.0
758d0404d000-758d04056000 r--p 0001e000 08:02 17567391                   /usr/lib/x86_64-linux-gnu/libxcb.so.1.1.0
758d04056000-758d04057000 r--p 00026000 08:02 17567391                   /usr/lib/x86_64-linux-gnu/libxcb.so.1.1.0
758d04057000-758d04058000 rw-p 00027000 08:02 17567391                   /usr/lib/x86_64-linux-gnu/libxcb.so.1.1.0
758d04058000-758d04059000 r--p 00000000 08:02 17566939                   /usr/lib/x86_64-linux-gnu/libXxf86vm.so.1.0.0
758d04059000-758d0405c000 r-xp 00001000 08:02 17566939                   /usr/lib/x86_64-linux-gnu/libXxf86vm.so.1.0.0
758d0405c000-758d0405d000 r--p 00004000 08:02 17566939                   /usr/lib/x86_64-linux-gnu/libXxf86vm.so.1.0.0
758d0405d000-758d0405e000 r--p 00004000 08:02 17566939                   /usr/lib/x86_64-linux-gnu/libXxf86vm.so.1.0.0
758d0405e000-758d0405f000 rw-p 00005000 08:02 17566939                   /usr/lib/x86_64-linux-gnu/libXxf86vm.so.1.0.0
758d0405f000-758d042bc000 rw-p 00000000 00:00 0 
758d042bc000-758d042bd000 ---p 00000000 00:00 0 
758d042bd000-758d043bd000 rw-p 00000000 00:00 0 
758d043bd000-758d043be000 ---p 00000000 00:00 0 
758d043be000-758d044be000 rw-p 00000000 00:00 0 
758d044be000-758d044bf000 ---p 00000000 00:00 0 
758d044bf000-758d045bf000 rw-p 00000000 00:00 0 
758d045bf000-758d04785000 rw-p 00000000 00:00 0 
758d04785000-758d047cd000 ---p 00000000 00:00 0 
758d047cd000-758d047d1000 rw-p 00000000 00:00 0 
758d047d1000-758d0560f000 ---p 00000000 00:00 0 
758d0560f000-758d05611000 rw-p 00000000 00:00 0 
758d05611000-758d05621000 ---p 00000000 00:00 0 
758d05621000-758d06335000 rw-p 00000000 00:00 0 
758d06335000-758d06417000 ---p 00000000 00:00 0 
758d06417000-758d06430000 rw-p 00000000 00:00 0 
758d06430000-758d06500000 ---p 00000000 00:00 0 
758d06500000-758d06504000 ---p 00000000 00:00 0 
758d06504000-758d06600000 rw-p 00000000 00:00 0 
758d06600000-758d0669d000 r--p 00000000 08:02 17567481                   /usr/lib/x86_64-linux-gnu/libstdc++.so.6.0.33
758d0669d000-758d067e5000 r-xp 0009d000 08:02 17567481                   /usr/lib/x86_64-linux-gnu/libstdc++.so.6.0.33
758d067e5000-758d0686c000 r--p 001e5000 08:02 17567481                   /usr/lib/x86_64-linux-gnu/libstdc++.so.6.0.33
758d0686c000-758d06877000 r--p 0026b000 08:02 17567481                   /usr/lib/x86_64-linux-gnu/libstdc++.so.6.0.33
758d06877000-758d0687a000 rw-p 00276000 08:02 17567481                   /usr/lib/x86_64-linux-gnu/libstdc++.so.6.0.33
758d0687a000-758d0687e000 rw-p 00000000 00:00 0 
758d0687e000-758d0687f000 rw-s 138957000 00:05 1142                      /dev/dri/renderD128
758d0687f000-758d06880000 rw-s 138956000 00:05 1142                      /dev/dri/renderD128
758d06880000-758d06881000 r--s 00000000 00:2e 353                        /run/user/1000/dconf/user
758d06881000-758d06883000 r--p 00000000 08:02 17571209                   /usr/lib/x86_64-linux-gnu/libgmodule-2.0.so.0.8000.0
758d06883000-758d06885000 r-xp 00002000 08:02 17571209                   /usr/lib/x86_64-linux-gnu/libgmodule-2.0.so.0.8000.0
758d06885000-758d06886000 r--p 00004000 08:02 17571209                   /usr/lib/x86_64-linux-gnu/libgmodule-2.0.so.0.8000.0
758d06886000-758d06887000 r--p 00004000 08:02 17571209                   /usr/lib/x86_64-linux-gnu/libgmodule-2.0.so.0.8000.0
758d06887000-758d06888000 rw-p 00005000 08:02 17571209                   /usr/lib/x86_64-linux-gnu/libgmodule-2.0.so.0.8000.0
758d06888000-758d06889000 r--p 00000000 08:02 17578461                   /usr/lib/x86_64-linux-gnu/libdl.so.2
758d06889000-758d0688a000 r-xp 00001000 08:02 17578461                   /usr/lib/x86_64-linux-gnu/libdl.so.2
758d0688a000-758d0688b000 r--p 00002000 08:02 17578461                   /usr/lib/x86_64-linux-gnu/libdl.so.2
758d0688b000-758d0688c000 r--p 00002000 08:02 17578461                   /usr/lib/x86_64-linux-gnu/libdl.so.2
758d0688c000-758d0688d000 rw-p 00003000 08:02 17578461                   /usr/lib/x86_64-linux-gnu/libdl.so.2
758d0688d000-758d0688e000 r-xp 00000000 08:02 26743341                   /home/linux/.openjfx/cache/21.0.6+3/amd64/libglass.so
758d0688e000-758d0688f000 ---p 00001000 08:02 26743341                   /home/linux/.openjfx/cache/21.0.6+3/amd64/libglass.so
758d0688f000-758d06890000 r--p 00001000 08:02 26743341                   /home/linux/.openjfx/cache/21.0.6+3/amd64/libglass.so
758d06890000-758d06891000 rw-p 00002000 08:02 26743341                   /home/linux/.openjfx/cache/21.0.6+3/amd64/libglass.so
758d06891000-758d06898000 r--s 00000000 08:02 17578448                   /usr/lib/x86_64-linux-gnu/gconv/gconv-modules.cache
758d06898000-758d068a4000 r-xp 00000000 08:02 26743335                   /home/linux/.openjfx/cache/21.0.6+3/amd64/libprism_es2.so
758d068a4000-758d068a5000 r--p 0000b000 08:02 26743335                   /home/linux/.openjfx/cache/21.0.6+3/amd64/libprism_es2.so
758d068a5000-758d068a6000 rw-p 0000c000 08:02 26743335                   /home/linux/.openjfx/cache/21.0.6+3/amd64/libprism_es2.so
758d068a6000-758d068a8000 r--p 00000000 08:02 18236536                   /usr/lib/jvm/java-21-openjdk-amd64/lib/libzip.so
758d068a8000-758d068ad000 r-xp 00002000 08:02 18236536                   /usr/lib/jvm/java-21-openjdk-amd64/lib/libzip.so
758d068ad000-758d068af000 r--p 00007000 08:02 18236536                   /usr/lib/jvm/java-21-openjdk-amd64/lib/libzip.so
758d068af000-758d068b0000 r--p 00008000 08:02 18236536                   /usr/lib/jvm/java-21-openjdk-amd64/lib/libzip.so
758d068b0000-758d068b1000 rw-p 00009000 08:02 18236536                   /usr/lib/jvm/java-21-openjdk-amd64/lib/libzip.so
758d068b1000-758d068b4000 r--p 00000000 08:02 18234312                   /usr/lib/jvm/java-21-openjdk-amd64/lib/libnet.so
758d068b4000-758d068bc000 r-xp 00003000 08:02 18234312                   /usr/lib/jvm/java-21-openjdk-amd64/lib/libnet.so
758d068bc000-758d068be000 r--p 0000b000 08:02 18234312                   /usr/lib/jvm/java-21-openjdk-amd64/lib/libnet.so
758d068be000-758d068bf000 r--p 0000c000 08:02 18234312                   /usr/lib/jvm/java-21-openjdk-amd64/lib/libnet.so
758d068bf000-758d068c0000 rw-p 0000d000 08:02 18234312                   /usr/lib/jvm/java-21-openjdk-amd64/lib/libnet.so
758d068c0000-758d068c7000 r--p 00000000 08:02 18234316                   /usr/lib/jvm/java-21-openjdk-amd64/lib/libnio.so
758d068c7000-758d068d0000 r-xp 00007000 08:02 18234316                   /usr/lib/jvm/java-21-openjdk-amd64/lib/libnio.so
758d068d0000-758d068d4000 r--p 00010000 08:02 18234316                   /usr/lib/jvm/java-21-openjdk-amd64/lib/libnio.so
758d068d4000-758d068d5000 r--p 00014000 08:02 18234316                   /usr/lib/jvm/java-21-openjdk-amd64/lib/libnio.so
758d068d5000-758d068d6000 rw-p 00015000 08:02 18234316                   /usr/lib/jvm/java-21-openjdk-amd64/lib/libnio.so
758d068d6000-758d06917000 rw-p 00000000 00:00 0 
758d06917000-758d06927000 r--p 00000000 08:02 17578462                   /usr/lib/x86_64-linux-gnu/libm.so.6
758d06927000-758d069a6000 r-xp 00010000 08:02 17578462                   /usr/lib/x86_64-linux-gnu/libm.so.6
758d069a6000-758d069fe000 r--p 0008f000 08:02 17578462                   /usr/lib/x86_64-linux-gnu/libm.so.6
758d069fe000-758d069ff000 r--p 000e7000 08:02 17578462                   /usr/lib/x86_64-linux-gnu/libm.so.6
758d069ff000-758d06a00000 rw-p 000e8000 08:02 17578462                   /usr/lib/x86_64-linux-gnu/libm.so.6
758d06a00000-758d06ca2000 r--p 00000000 08:02 18236541                   /usr/lib/jvm/java-21-openjdk-amd64/lib/server/libjvm.so
758d06ca2000-758d07b18000 r-xp 002a2000 08:02 18236541                   /usr/lib/jvm/java-21-openjdk-amd64/lib/server/libjvm.so
758d07b18000-758d07df2000 r--p 01118000 08:02 18236541                   /usr/lib/jvm/java-21-openjdk-amd64/lib/server/libjvm.so
758d07df2000-758d07ec6000 r--p 013f2000 08:02 18236541                   /usr/lib/jvm/java-21-openjdk-amd64/lib/server/libjvm.so
758d07ec6000-758d07ef6000 rw-p 014c6000 08:02 18236541                   /usr/lib/jvm/java-21-openjdk-amd64/lib/server/libjvm.so
758d07ef6000-758d07f5c000 rw-p 00000000 00:00 0 
758d07f5c000-758d07f5d000 r--p 00000000 08:02 18090745                   /usr/share/locale-langpack/en/LC_MESSAGES/gtk30.mo
758d07f5d000-758d07f5e000 rw-s 132fbd000 00:05 1142                      /dev/dri/renderD128
758d07f5e000-758d07fdc000 rw-p 00000000 00:00 0 
758d07fdc000-758d07fe9000 r--p 00000000 08:02 18234276                   /usr/lib/jvm/java-21-openjdk-amd64/lib/libjava.so
758d07fe9000-758d07ff8000 r-xp 0000d000 08:02 18234276                   /usr/lib/jvm/java-21-openjdk-amd64/lib/libjava.so
758d07ff8000-758d07ffd000 r--p 0001c000 08:02 18234276                   /usr/lib/jvm/java-21-openjdk-amd64/lib/libjava.so
758d07ffd000-758d07ffe000 r--p 00021000 08:02 18234276                   /usr/lib/jvm/java-21-openjdk-amd64/lib/libjava.so
758d07ffe000-758d07fff000 rw-p 00022000 08:02 18234276                   /usr/lib/jvm/java-21-openjdk-amd64/lib/libjava.so
758d07fff000-758d08000000 rw-p 00000000 00:00 0 
758d08000000-758d08028000 r--p 00000000 08:02 17578459                   /usr/lib/x86_64-linux-gnu/libc.so.6
758d08028000-758d081b0000 r-xp 00028000 08:02 17578459                   /usr/lib/x86_64-linux-gnu/libc.so.6
758d081b0000-758d081ff000 r--p 001b0000 08:02 17578459                   /usr/lib/x86_64-linux-gnu/libc.so.6
758d081ff000-758d08203000 r--p 001fe000 08:02 17578459                   /usr/lib/x86_64-linux-gnu/libc.so.6
758d08203000-758d08205000 rw-p 00202000 08:02 17578459                   /usr/lib/x86_64-linux-gnu/libc.so.6
758d08205000-758d08212000 rw-p 00000000 00:00 0 
758d08212000-758d08213000 rw-s 132fbc000 00:05 1142                      /dev/dri/renderD128
758d08213000-758d08214000 rw-s 105126000 00:05 1142                      /dev/dri/renderD128
758d08214000-758d0821d000 rw-p 00000000 00:00 0 
758d0821d000-758d08223000 ---p 00000000 00:00 0 
758d08223000-758d08227000 r--p 00000000 08:02 17567407                   /usr/lib/x86_64-linux-gnu/libgcc_s.so.1
758d08227000-758d0824b000 r-xp 00004000 08:02 17567407                   /usr/lib/x86_64-linux-gnu/libgcc_s.so.1
758d0824b000-758d0824f000 r--p 00028000 08:02 17567407                   /usr/lib/x86_64-linux-gnu/libgcc_s.so.1
758d0824f000-758d08250000 r--p 0002b000 08:02 17567407                   /usr/lib/x86_64-linux-gnu/libgcc_s.so.1
758d08250000-758d08251000 rw-p 0002c000 08:02 17567407                   /usr/lib/x86_64-linux-gnu/libgcc_s.so.1
758d08251000-758d08253000 rw-p 00000000 00:00 0 
758d08253000-758d08255000 r--p 00000000 08:02 18234285                   /usr/lib/jvm/java-21-openjdk-amd64/lib/libjli.so
758d08255000-758d0825f000 r-xp 00002000 08:02 18234285                   /usr/lib/jvm/java-21-openjdk-amd64/lib/libjli.so
758d0825f000-758d08262000 r--p 0000c000 08:02 18234285                   /usr/lib/jvm/java-21-openjdk-amd64/lib/libjli.so
758d08262000-758d08263000 r--p 0000f000 08:02 18234285                   /usr/lib/jvm/java-21-openjdk-amd64/lib/libjli.so
758d08263000-758d08264000 rw-p 00010000 08:02 18234285                   /usr/lib/jvm/java-21-openjdk-amd64/lib/libjli.so
758d08264000-758d08266000 r--p 00000000 08:02 17567404                   /usr/lib/x86_64-linux-gnu/libz.so.1.3
758d08266000-758d08278000 r-xp 00002000 08:02 17567404                   /usr/lib/x86_64-linux-gnu/libz.so.1.3
758d08278000-758d0827e000 r--p 00014000 08:02 17567404                   /usr/lib/x86_64-linux-gnu/libz.so.1.3
758d0827e000-758d0827f000 r--p 0001a000 08:02 17567404                   /usr/lib/x86_64-linux-gnu/libz.so.1.3
758d0827f000-758d08280000 rw-p 0001b000 08:02 17567404                   /usr/lib/x86_64-linux-gnu/libz.so.1.3
758d08280000-758d08281000 r--p 00000000 08:02 17569119                   /usr/lib/x86_64-linux-gnu/libX11-xcb.so.1.0.0
758d08281000-758d08282000 r-xp 00001000 08:02 17569119                   /usr/lib/x86_64-linux-gnu/libX11-xcb.so.1.0.0
758d08282000-758d08283000 r--p 00002000 08:02 17569119                   /usr/lib/x86_64-linux-gnu/libX11-xcb.so.1.0.0
758d08283000-758d08284000 r--p 00002000 08:02 17569119                   /usr/lib/x86_64-linux-gnu/libX11-xcb.so.1.0.0
758d08284000-758d08285000 rw-p 00003000 08:02 17569119                   /usr/lib/x86_64-linux-gnu/libX11-xcb.so.1.0.0
758d08285000-758d0828d000 rw-s 00000000 08:02 21758969                   /tmp/hsperfdata_linux/175576
758d0828d000-758d0828e000 ---p 00000000 00:00 0 
758d0828e000-758d0828f000 r--p 00000000 00:00 0 
758d0828f000-758d08290000 ---p 00000000 00:00 0 
758d08290000-758d08292000 r--p 00000000 08:02 18234283                   /usr/lib/jvm/java-21-openjdk-amd64/lib/libjimage.so
758d08292000-758d08295000 r-xp 00002000 08:02 18234283                   /usr/lib/jvm/java-21-openjdk-amd64/lib/libjimage.so
758d08295000-758d08296000 r--p 00005000 08:02 18234283                   /usr/lib/jvm/java-21-openjdk-amd64/lib/libjimage.so
758d08296000-758d08297000 r--p 00006000 08:02 18234283                   /usr/lib/jvm/java-21-openjdk-amd64/lib/libjimage.so
758d08297000-758d08298000 rw-p 00007000 08:02 18234283                   /usr/lib/jvm/java-21-openjdk-amd64/lib/libjimage.so
758d08298000-758d0829a000 rw-p 00000000 00:00 0 
758d0829a000-758d0829b000 r--p 00000000 08:02 17578456                   /usr/lib/x86_64-linux-gnu/ld-linux-x86-64.so.2
758d0829b000-758d082c6000 r-xp 00001000 08:02 17578456                   /usr/lib/x86_64-linux-gnu/ld-linux-x86-64.so.2
758d082c6000-758d082d0000 r--p 0002c000 08:02 17578456                   /usr/lib/x86_64-linux-gnu/ld-linux-x86-64.so.2
758d082d0000-758d082d2000 r--p 00036000 08:02 17578456                   /usr/lib/x86_64-linux-gnu/ld-linux-x86-64.so.2
758d082d2000-758d082d4000 rw-p 00038000 08:02 17578456                   /usr/lib/x86_64-linux-gnu/ld-linux-x86-64.so.2
7ffc94679000-7ffc9469d000 rw-p 00000000 00:00 0                          [stack]
7ffc947df000-7ffc947e3000 r--p 00000000 00:00 0                          [vvar]
7ffc947e3000-7ffc947e5000 r-xp 00000000 00:00 0                          [vdso]
ffffffffff600000-ffffffffff601000 --xp 00000000 00:00 0                  [vsyscall]
Total number of mappings: 3005

JVMTI agents: none


VM Arguments:
jvm_args: --module-path=/home/linux/Documents/Projets/VoiceChat-Desktop/client/build/libs/client.jar:/home/linux/.gradle/caches/modules-2/files-2.1/shared-lib/voicechat-common/1.0.69/de37d2b850701251ca9f53ea06132262e926c9fd/voicechat-common-1.0.69.jar:/home/linux/.gradle/caches/modules-2/files-2.1/de.maxhenkel.opus4j/opus4j/2.1.0/71b4a98d2f53f03bc06272a4101d643bcdaaec70/opus4j-2.1.0.jar:/home/linux/.gradle/caches/modules-2/files-2.1/org.neo4j/neo4j-ogm-core/4.0.19/1e2d21e8ba46104c40bfc16f1a3cbf420c54b37d/neo4j-ogm-core-4.0.19.jar:/home/linux/.gradle/caches/modules-2/files-2.1/org.neo4j/neo4j-ogm-bolt-driver/4.0.19/d05dbe5db979e498f15a863af3429618d7346b04/neo4j-ogm-bolt-driver-4.0.19.jar:/home/linux/.gradle/caches/modules-2/files-2.1/org.neo4j/neo4j-ogm-api/4.0.19/f588d6bbe583e57d21e6860940c09b631063cc24/neo4j-ogm-api-4.0.19.jar:/home/linux/.gradle/caches/modules-2/files-2.1/com.fasterxml.jackson.datatype/jackson-datatype-jdk8/2.19.1/eabbc99d0e146b1a7085fddd02568faf1d3b4ab1/jackson-datatype-jdk8-2.19.1.jar:/home/linux/.gradle/caches/modules-2/files-2.1/com.fasterxml.jackson.core/jackson-databind/2.19.1/e8cb8e76faea3e0791165f5d3614fc45933b2ee0/jackson-databind-2.19.1.jar:/home/linux/.gradle/caches/modules-2/files-2.1/com.fasterxml.jackson.core/jackson-annotations/2.19.1/37e4f0c5dba684e00137defdb04ad9df95920c44/jackson-annotations-2.19.1.jar:/home/linux/.gradle/caches/modules-2/files-2.1/com.fasterxml.jackson.core/jackson-core/2.19.1/6e5a8cb8a6cada322497cefb7726657d98aaee15/jackson-core-2.19.1.jar:/home/linux/.gradle/caches/modules-2/files-2.1/com.fasterxml.jackson.datatype/jackson-datatype-jsr310/2.19.1/e9df57105f3b0730040ad7f3a1b603684a3329f4/jackson-datatype-jsr310-2.19.1.jar:/home/linux/.gradle/caches/modules-2/files-2.1/io.github.resilience4j/resilience4j-all/1.7.0/9300a162db7a081e9db23e151015f1dbb0828514/resilience4j-all-1.7.0.jar:/home/linux/.gradle/caches/modules-2/files-2.1/org.apache.commons/commons-collections4/4.4/62ebe7544cb7164d87e0637a2a6a2bdc981395e8/commons-col--patch-module=com.voicechat.client=/home/linux/Documents/Projets/VoiceChat-Desktop/client/build/resources/main -Dfile.encoding=UTF-8 -Duser.country=US -Duser.language=en -Duser.variant -Djdk.module.main=com.voicechat.client 
java_command: com.voicechat.client/com.voicechat.client.VoiceChatApplication
java_class_path (initial): <not set>
Launcher Type: SUN_STANDARD

[Global flags]
     intx CICompilerCount                          = 12                                        {product} {ergonomic}
     uint ConcGCThreads                            = 3                                         {product} {ergonomic}
     uint G1ConcRefinementThreads                  = 13                                        {product} {ergonomic}
   size_t G1HeapRegionSize                         = 4194304                                   {product} {ergonomic}
    uintx GCDrainStackTargetSize                   = 64                                        {product} {ergonomic}
   size_t InitialHeapSize                          = 528482304                                 {product} {ergonomic}
   size_t MarkStackSize                            = 4194304                                   {product} {ergonomic}
   size_t MaxHeapSize                              = 8392802304                                {product} {ergonomic}
   size_t MaxNewSize                               = 5033164800                                {product} {ergonomic}
   size_t MinHeapDeltaBytes                        = 4194304                                   {product} {ergonomic}
   size_t MinHeapSize                              = 8388608                                   {product} {ergonomic}
    uintx NonNMethodCodeHeapSize                   = 7602480                                {pd product} {ergonomic}
    uintx NonProfiledCodeHeapSize                  = 122027880                              {pd product} {ergonomic}
    uintx ProfiledCodeHeapSize                     = 122027880                              {pd product} {ergonomic}
    uintx ReservedCodeCacheSize                    = 251658240                              {pd product} {ergonomic}
     bool SegmentedCodeCache                       = true                                      {product} {ergonomic}
   size_t SoftMaxHeapSize                          = 8392802304                             {manageable} {ergonomic}
     bool UseCompressedOops                        = true                           {product lp64_product} {ergonomic}
     bool UseG1GC                                  = true                                      {product} {ergonomic}

Logging:
Log output configuration:
 #0: stdout all=warning uptime,level,tags foldmultilines=false
 #1: stderr all=off uptime,level,tags foldmultilines=false

Release file:
IMPLEMENTOR="Ubuntu"
JAVA_RUNTIME_VERSION="21.0.9+10-Ubuntu-124.04"
JAVA_VERSION="21.0.9"
JAVA_VERSION_DATE="2025-10-21"
LIBC="gnu"
MODULES="java.base java.compiler java.datatransfer java.xml java.prefs java.desktop java.instrument java.logging java.management java.security.sasl java.naming java.rmi java.management.rmi java.net.http java.scripting java.security.jgss java.transaction.xa java.sql java.sql.rowset java.xml.crypto java.se java.smartcardio jdk.accessibility jdk.internal.jvmstat jdk.attach jdk.charsets jdk.internal.opt jdk.zipfs jdk.compiler jdk.crypto.ec jdk.crypto.cryptoki jdk.dynalink jdk.internal.ed jdk.editpad jdk.hotspot.agent jdk.httpserver jdk.incubator.vector jdk.internal.le jdk.internal.vm.ci jdk.internal.vm.compiler jdk.internal.vm.compiler.management jdk.jartool jdk.javadoc jdk.jcmd jdk.management jdk.management.agent jdk.jconsole jdk.jdeps jdk.jdwp.agent jdk.jdi jdk.jfr jdk.jlink jdk.jpackage jdk.jshell jdk.jsobject jdk.jstatd jdk.localedata jdk.management.jfr jdk.naming.dns jdk.naming.rmi jdk.net jdk.nio.mapmode jdk.random jdk.sctp jdk.security.auth jdk.security.jgss jdk.unsupported jdk.unsupported.desktop jdk.xml.dom"
OS_ARCH="x86_64"
OS_NAME="Linux"
SOURCE=""

Environment Variables:
JAVA_HOME=/usr/lib/jvm/java-1.21.0-openjdk-amd64
PATH=/home/linux/.sdkman/candidates/gradle/current/bin:/home/linux/.nvm/versions/node/v22.12.0/bin:/usr/local/sbin:/usr/local/bin:/usr/sbin:/usr/bin:/sbin:/bin:/usr/games:/usr/local/games:/snap/bin:/snap/bin:/usr/lib/jvm/java-1.21.0-openjdk-amd64/bin
USERNAME=linux
SHELL=/bin/bash
DISPLAY=:0
LANG=en_US.UTF-8
LC_NUMERIC=fr_FR.UTF-8
LC_TIME=fr_FR.UTF-8
TERM=xterm-256color

Active Locale:
LC_ALL=LC_CTYPE=en_US.UTF-8;LC_NUMERIC=fr_FR.UTF-8;LC_TIME=fr_FR.UTF-8;LC_COLLATE=en_US.UTF-8;LC_MONETARY=fr_FR.UTF-8;LC_MESSAGES=en_US.UTF-8;LC_PAPER=fr_FR.UTF-8;LC_NAME=fr_FR.UTF-8;LC_ADDRESS=fr_FR.UTF-8;LC_TELEPHONE=fr_FR.UTF-8;LC_MEASUREMENT=fr_FR.UTF-8;LC_IDENTIFICATION=fr_FR.UTF-8
LC_COLLATE=en_US.UTF-8
LC_CTYPE=en_US.UTF-8
LC_MESSAGES=en_US.UTF-8
LC_MONETARY=fr_FR.UTF-8
LC_NUMERIC=fr_FR.UTF-8
LC_TIME=fr_FR.UTF-8

Signal Handlers:
   SIGSEGV: crash_handler in libjvm.so, mask=11100100010111111101111111111110, flags=SA_RESTART|SA_SIGINFO, unblocked
    SIGBUS: crash_handler in libjvm.so, mask=11100100010111111101111111111110, flags=SA_RESTART|SA_SIGINFO, unblocked
    SIGFPE: crash_handler in libjvm.so, mask=11100100010111111101111111111110, flags=SA_RESTART|SA_SIGINFO, unblocked
   SIGPIPE: SIG_IGN, mask=00000000000010000000000000000000, flags=SA_RESTART, blocked
  *** Handler was modified!
  *** Expected: javaSignalHandler in libjvm.so, mask=11100100110111111111111111111110, flags=SA_RESTART|SA_SIGINFO
   SIGXFSZ: javaSignalHandler in libjvm.so, mask=11100100010111111101111111111110, flags=SA_RESTART|SA_SIGINFO, blocked
    SIGILL: crash_handler in libjvm.so, mask=11100100010111111101111111111110, flags=SA_RESTART|SA_SIGINFO, unblocked
   SIGUSR2: SR_handler in libjvm.so, mask=00000000000000000000000000000000, flags=SA_RESTART|SA_SIGINFO, blocked
    SIGHUP: UserHandler in libjvm.so, mask=11100100010111111101111111111110, flags=SA_RESTART|SA_SIGINFO, blocked
    SIGINT: UserHandler in libjvm.so, mask=11100100010111111101111111111110, flags=SA_RESTART|SA_SIGINFO, blocked
   SIGTERM: UserHandler in libjvm.so, mask=11100100010111111101111111111110, flags=SA_RESTART|SA_SIGINFO, blocked
   SIGQUIT: UserHandler in libjvm.so, mask=11100100010111111101111111111110, flags=SA_RESTART|SA_SIGINFO, blocked
   SIGTRAP: crash_handler in libjvm.so, mask=11100100010111111101111111111110, flags=SA_RESTART|SA_SIGINFO, unblocked


Periodic native trim disabled

---------------  S Y S T E M  ---------------

OS:
DISTRIB_ID=Ubuntu
DISTRIB_RELEASE=24.04
DISTRIB_CODENAME=noble
DISTRIB_DESCRIPTION="Ubuntu 24.04.3 LTS"
uname: Linux 6.8.0-90-generic #91-Ubuntu SMP PREEMPT_DYNAMIC Tue Nov 18 14:14:30 UTC 2025 x86_64
OS uptime: 0 days 8:22 hours
libc: glibc 2.39 NPTL 2.39 
rlimit (soft/hard): STACK 8192k/infinity , CORE 0k/infinity , NPROC 127730/127730 , NOFILE 1048576/1048576 , AS infinity/infinity , CPU infinity/infinity , DATA infinity/infinity , FSIZE infinity/infinity , MEMLOCK 4097416k/4097416k
load average: 4,70 3,46 2,24

/proc/meminfo:
MemTotal:       32779344 kB
MemFree:         6263952 kB
MemAvailable:   20481448 kB
Buffers:          349468 kB
Cached:         13361284 kB
SwapCached:            0 kB
Active:         14568664 kB
Inactive:       10301788 kB
Active(anon):   10594032 kB
Inactive(anon):        0 kB
Active(file):    3974632 kB
Inactive(file): 10301788 kB
Unevictable:        9444 kB
Mlocked:            9444 kB
SwapTotal:       2097148 kB
SwapFree:        2097148 kB
Zswap:                 0 kB
Zswapped:              0 kB
Dirty:              2636 kB
Writeback:             8 kB
AnonPages:      11168684 kB
Mapped:          2399904 kB
Shmem:            149888 kB
KReclaimable:     406384 kB
Slab:             812824 kB
SReclaimable:     406384 kB
SUnreclaim:       406440 kB
KernelStack:       44748 kB
PageTables:        86372 kB
SecPageTables:         0 kB
NFS_Unstable:          0 kB
Bounce:                0 kB
WritebackTmp:          0 kB
CommitLimit:    18486820 kB
Committed_AS:   28142132 kB
VmallocTotal:   34359738367 kB
VmallocUsed:      101896 kB
VmallocChunk:          0 kB
Percpu:            43904 kB
HardwareCorrupted:     0 kB
AnonHugePages:         0 kB
ShmemHugePages:        0 kB
ShmemPmdMapped:        0 kB
FileHugePages:         0 kB
FilePmdMapped:         0 kB
Unaccepted:            0 kB
HugePages_Total:       0
HugePages_Free:        0
HugePages_Rsvd:        0
HugePages_Surp:        0
Hugepagesize:       2048 kB
Hugetlb:               0 kB
DirectMap4k:      788288 kB
DirectMap2M:    20105216 kB
DirectMap1G:    12582912 kB

/sys/kernel/mm/transparent_hugepage/enabled: always [madvise] never
/sys/kernel/mm/transparent_hugepage/hpage_pmd_size: 2097152
/sys/kernel/mm/transparent_hugepage/defrag (defrag/compaction efforts parameter): always defer defer+madvise [madvise] never

Process Memory:
Virtual Size: 22389856K (peak: 22389860K)
Resident Set Size: 1072468K (peak: 1072468K) (anon: 914592K, file: 129972K, shmem: 27904K)
Swapped out: 0K
C-Heap outstanding allocations: 210357K, retained: 137894K
glibc malloc tunables: (default)

/proc/sys/kernel/threads-max (system-wide limit on the number of threads): 255461
/proc/sys/vm/max_map_count (maximum number of memory map areas a process may have): 1048576
/proc/sys/vm/swappiness (control to define how aggressively the kernel swaps out anonymous memory): 60
/proc/sys/kernel/pid_max (system-wide limit on number of process identifiers): 4194304

container information not found.
Steal ticks since vm start: 0
Steal ticks percentage since vm start:  0,000

CPU: total 32 (initial active 16) (16 cores per cpu, 2 threads per core) family 25 model 33 stepping 2 microcode 0xa201210, cx8, cmov, fxsr, ht, mmx, 3dnowpref, sse, sse2, sse3, ssse3, sse4a, sse4.1, sse4.2, popcnt, lzcnt, tsc, tscinvbit, avx, avx2, aes, erms, clmul, bmi1, bmi2, adx, sha, fma, vzeroupper, clflush, clflushopt, rdtscp, rdpid, fsrm, f16c, pku, ospke, cet_ss
CPU Model and flags from /proc/cpuinfo:
model name	: AMD Ryzen 7 5700X 8-Core Processor
flags		: fpu vme de pse tsc msr pae mce cx8 apic sep mtrr pge mca cmov pat pse36 clflush mmx fxsr sse sse2 ht syscall nx mmxext fxsr_opt pdpe1gb rdtscp lm constant_tsc rep_good nopl nonstop_tsc cpuid extd_apicid aperfmperf rapl pni pclmulqdq monitor ssse3 fma cx16 sse4_1 sse4_2 x2apic movbe popcnt aes xsave avx f16c rdrand lahf_lm cmp_legacy extapic cr8_legacy abm sse4a misalignsse 3dnowprefetch osvw ibs skinit wdt tce topoext perfctr_core perfctr_nb bpext perfctr_llc mwaitx cpb cat_l3 cdp_l3 hw_pstate ssbd mba ibrs ibpb stibp vmmcall fsgsbase bmi1 avx2 smep bmi2 erms invpcid cqm rdt_a rdseed adx smap clflushopt clwb sha_ni xsaveopt xsavec xgetbv1 xsaves cqm_llc cqm_occup_llc cqm_mbm_total cqm_mbm_local user_shstk clzero irperf xsaveerptr rdpru wbnoinvd arat npt lbrv svm_lock nrip_save tsc_scale vmcb_clean flushbyasid decodeassists pausefilter pfthreshold avic v_vmsave_vmload vgif v_spec_ctrl umip pku ospke vaes vpclmulqdq rdpid overflow_recov succor smca fsrm debug_swap ibpb_exit_to_user

Online cpus: 0-15
Offline cpus: 16-31
BIOS frequency limitation: 3400000
Frequency switch latency (ns): 0
Available cpu frequencies: 3400000 2800000 2200000 
Current governor: schedutil
Core performance/turbo boost: 1

Memory: 4k page, physical 32779344k(20481448k free), swap 2097148k(2097148k free)
Page Sizes: 4k

vm_info: OpenJDK 64-Bit Server VM (21.0.9+10-Ubuntu-124.04) for linux-amd64 JRE (21.0.9+10-Ubuntu-124.04), built on 2025-10-23T12:36:23Z by "buildd" with gcc 13.3.0

END.
