2025-08-26 09:40:41 [main] INFO  org.server.Server - Server started, waiting for clients...
2025-08-26 09:41:08 [pool-1-thread-1] INFO  org.server.Server - {"messageType":"USER_LOG_IN","payload":"{\"@json_id\":\"7128b059-3b53-456a-b7e8-961455a97538\",\"id\":null,\"userName\":null,\"displayName\":null,\"password\":\"toto\",\"emailAddress\":\"toto.toto@yahoo.fr\",\"avatar\":null,\"messages\":[],\"conversation\":[]}"}
2025-08-26 09:41:09 [pool-1-thread-1] INFO  org.neo4j.ogm.metadata.DomainInfo - Starting Post-processing phase
2025-08-26 09:41:09 [pool-1-thread-1] INFO  org.neo4j.ogm.metadata.DomainInfo - Building byLabel lookup maps
2025-08-26 09:41:09 [pool-1-thread-1] INFO  org.neo4j.ogm.metadata.DomainInfo - Building interface class map for 4 classes
2025-08-26 09:41:09 [pool-1-thread-1] INFO  org.neo4j.ogm.metadata.DomainInfo - Post-processing complete
2025-08-26 09:41:10 [pool-1-thread-1] INFO  o.n.o.drivers.bolt.driver.BoltDriver - Shutting down Bolt driver org.neo4j.driver.internal.InternalDriver@6b9ed5e 
2025-08-26 09:41:11 [pool-1-thread-1] INFO  org.server.action.UserAction - User connected !
2025-08-26 09:41:11 [pool-1-thread-1] INFO  org.server.Server - {"messageType":"CONVERSATION_DISPLAY","payload":"{\"@json_id\":\"e0c0669d-3c89-48dd-81ee-9f1866d9007b\",\"id\":3,\"userName\":null,\"displayName\":\"toto\",\"password\":\"$2a$10$QET0aBXPOZ.Qpfzbcyj22OtxUpPZRpQICEyTE4aVwUGzyK8rGVTjq\",\"emailAddress\":\"toto.toto@yahoo.fr\",\"avatar\":\"/images/avatar/avatar_default.png\",\"messages\":[],\"conversation\":[]}"}
2025-08-26 09:41:11 [pool-1-thread-1] INFO  org.neo4j.ogm.metadata.DomainInfo - Starting Post-processing phase
2025-08-26 09:41:11 [pool-1-thread-1] INFO  org.neo4j.ogm.metadata.DomainInfo - Building byLabel lookup maps
2025-08-26 09:41:11 [pool-1-thread-1] INFO  org.neo4j.ogm.metadata.DomainInfo - Building interface class map for 4 classes
2025-08-26 09:41:11 [pool-1-thread-1] INFO  org.neo4j.ogm.metadata.DomainInfo - Post-processing complete
2025-08-26 09:41:11 [pool-1-thread-1] INFO  o.n.o.drivers.bolt.driver.BoltDriver - Shutting down Bolt driver org.neo4j.driver.internal.InternalDriver@19fc38fe 
2025-08-26 09:41:11 [pool-1-thread-1] INFO  o.server.action.ConversationAction - Conversations found !
2025-08-26 09:41:11 [pool-1-thread-1] INFO  org.server.Server - {"messageType":"READ_TARGET_AVATAR","payload":"{\"@json_id\":\"5e98c30a-13c0-4550-a9b8-dfabd9ef3326\",\"id\":0,\"userName\":null,\"displayName\":\"toto\",\"password\":\"$2a$10$U9qpjYgWdBnqsGjux934kuky3CVGEC.VBsxWybAezoy.nBOcbc7Im\",\"emailAddress\":\"toto1.toto@yahoo.fr\",\"avatar\":\"/images/avatar/avatar_default.png\",\"messages\":[],\"conversation\":[]}"}
2025-08-26 09:41:16 [pool-1-thread-1] INFO  org.server.Server - {"messageType":"ONLINE_USERS_FETCH","payload":null}
2025-08-26 09:41:21 [pool-1-thread-2] INFO  org.server.Server - {"messageType":"USER_LOG_IN","payload":"{\"@json_id\":\"d1fdc5a9-facd-4495-b51f-814fd852e86c\",\"id\":null,\"userName\":null,\"displayName\":null,\"password\":\"toto\",\"emailAddress\":\"toto1.toto@yahoo.fr\",\"avatar\":null,\"messages\":[],\"conversation\":[]}"}
2025-08-26 09:41:21 [pool-1-thread-2] INFO  org.neo4j.ogm.metadata.DomainInfo - Starting Post-processing phase
2025-08-26 09:41:21 [pool-1-thread-2] INFO  org.neo4j.ogm.metadata.DomainInfo - Building byLabel lookup maps
2025-08-26 09:41:21 [pool-1-thread-2] INFO  org.neo4j.ogm.metadata.DomainInfo - Building interface class map for 4 classes
2025-08-26 09:41:21 [pool-1-thread-2] INFO  org.neo4j.ogm.metadata.DomainInfo - Post-processing complete
2025-08-26 09:41:21 [pool-1-thread-2] INFO  o.n.o.drivers.bolt.driver.BoltDriver - Shutting down Bolt driver org.neo4j.driver.internal.InternalDriver@539525da 
2025-08-26 09:41:22 [pool-1-thread-2] INFO  org.server.action.UserAction - User connected !
2025-08-26 09:41:22 [pool-1-thread-2] INFO  org.server.Server - {"messageType":"CONVERSATION_DISPLAY","payload":"{\"@json_id\":\"f95ce806-912b-47a3-8ed3-450599c0043d\",\"id\":0,\"userName\":null,\"displayName\":\"toto\",\"password\":\"$2a$10$U9qpjYgWdBnqsGjux934kuky3CVGEC.VBsxWybAezoy.nBOcbc7Im\",\"emailAddress\":\"toto1.toto@yahoo.fr\",\"avatar\":\"/images/avatar/avatar_default.png\",\"messages\":[],\"conversation\":[]}"}
2025-08-26 09:41:22 [pool-1-thread-2] INFO  org.neo4j.ogm.metadata.DomainInfo - Starting Post-processing phase
2025-08-26 09:41:22 [pool-1-thread-2] INFO  org.neo4j.ogm.metadata.DomainInfo - Building byLabel lookup maps
2025-08-26 09:41:22 [pool-1-thread-2] INFO  org.neo4j.ogm.metadata.DomainInfo - Building interface class map for 4 classes
2025-08-26 09:41:22 [pool-1-thread-2] INFO  org.neo4j.ogm.metadata.DomainInfo - Post-processing complete
2025-08-26 09:41:22 [pool-1-thread-2] INFO  o.n.o.drivers.bolt.driver.BoltDriver - Shutting down Bolt driver org.neo4j.driver.internal.InternalDriver@60986829 
2025-08-26 09:41:22 [pool-1-thread-2] INFO  o.server.action.ConversationAction - Conversations found !
2025-08-26 09:41:22 [pool-1-thread-2] INFO  org.server.Server - {"messageType":"READ_TARGET_AVATAR","payload":"{\"@json_id\":\"69c38275-e9d2-41bd-959e-a610b27dcd72\",\"id\":3,\"userName\":null,\"displayName\":\"toto\",\"password\":\"$2a$10$QET0aBXPOZ.Qpfzbcyj22OtxUpPZRpQICEyTE4aVwUGzyK8rGVTjq\",\"emailAddress\":\"toto.toto@yahoo.fr\",\"avatar\":\"/images/avatar/avatar_default.png\",\"messages\":[],\"conversation\":[]}"}
2025-08-26 09:41:26 [pool-1-thread-1] INFO  org.server.Server - {"messageType":"ONLINE_USERS_FETCH","payload":null}
2025-08-26 09:41:27 [pool-1-thread-2] INFO  org.server.Server - {"messageType":"ONLINE_USERS_FETCH","payload":null}
2025-08-26 09:41:36 [pool-1-thread-1] INFO  org.server.Server - {"messageType":"ONLINE_USERS_FETCH","payload":null}
2025-08-26 09:41:37 [pool-1-thread-2] INFO  org.server.Server - {"messageType":"ONLINE_USERS_FETCH","payload":null}
2025-08-26 09:42:52 [pool-1-thread-3] INFO  org.server.Server - {"messageType":"USER_LOG_IN","payload":"{\"@json_id\":\"bc455b7f-1ee3-4f46-a979-1761240da2b2\",\"id\":null,\"userName\":null,\"displayName\":null,\"password\":\"toto\",\"emailAddress\":\"toto.toto@yahoo.fr\",\"avatar\":null,\"messages\":[],\"conversation\":[]}"}
2025-08-26 09:42:52 [pool-1-thread-3] INFO  org.neo4j.ogm.metadata.DomainInfo - Starting Post-processing phase
2025-08-26 09:42:52 [pool-1-thread-3] INFO  org.neo4j.ogm.metadata.DomainInfo - Building byLabel lookup maps
2025-08-26 09:42:52 [pool-1-thread-3] INFO  org.neo4j.ogm.metadata.DomainInfo - Building interface class map for 4 classes
2025-08-26 09:42:52 [pool-1-thread-3] INFO  org.neo4j.ogm.metadata.DomainInfo - Post-processing complete
2025-08-26 09:42:52 [pool-1-thread-3] INFO  o.n.o.drivers.bolt.driver.BoltDriver - Shutting down Bolt driver org.neo4j.driver.internal.InternalDriver@4e0fb488 
2025-08-26 09:42:52 [pool-1-thread-3] INFO  org.server.action.UserAction - User connected !
2025-08-26 09:42:52 [pool-1-thread-3] INFO  org.server.Server - {"messageType":"CONVERSATION_DISPLAY","payload":"{\"@json_id\":\"0f810e86-37e5-4e5a-82f1-e15d00f822c6\",\"id\":3,\"userName\":null,\"displayName\":\"toto\",\"password\":\"$2a$10$QET0aBXPOZ.Qpfzbcyj22OtxUpPZRpQICEyTE4aVwUGzyK8rGVTjq\",\"emailAddress\":\"toto.toto@yahoo.fr\",\"avatar\":\"/images/avatar/avatar_default.png\",\"messages\":[],\"conversation\":[]}"}
2025-08-26 09:42:52 [pool-1-thread-3] INFO  org.neo4j.ogm.metadata.DomainInfo - Starting Post-processing phase
2025-08-26 09:42:52 [pool-1-thread-3] INFO  org.neo4j.ogm.metadata.DomainInfo - Building byLabel lookup maps
2025-08-26 09:42:52 [pool-1-thread-3] INFO  org.neo4j.ogm.metadata.DomainInfo - Building interface class map for 4 classes
2025-08-26 09:42:52 [pool-1-thread-3] INFO  org.neo4j.ogm.metadata.DomainInfo - Post-processing complete
2025-08-26 09:42:52 [pool-1-thread-3] INFO  o.n.o.drivers.bolt.driver.BoltDriver - Shutting down Bolt driver org.neo4j.driver.internal.InternalDriver@5531da6f 
2025-08-26 09:42:53 [pool-1-thread-3] INFO  o.server.action.ConversationAction - Conversations found !
2025-08-26 09:42:53 [pool-1-thread-3] INFO  org.server.Server - {"messageType":"READ_TARGET_AVATAR","payload":"{\"@json_id\":\"d5a106b2-991b-4408-84d9-30cef02a55d4\",\"id\":0,\"userName\":null,\"displayName\":\"toto\",\"password\":\"$2a$10$U9qpjYgWdBnqsGjux934kuky3CVGEC.VBsxWybAezoy.nBOcbc7Im\",\"emailAddress\":\"toto1.toto@yahoo.fr\",\"avatar\":\"/images/avatar/avatar_default.png\",\"messages\":[],\"conversation\":[]}"}
2025-08-26 09:42:57 [pool-1-thread-3] INFO  org.server.Server - {"messageType":"ONLINE_USERS_FETCH","payload":null}
2025-08-26 09:52:33 [main] INFO  org.server.Server - Server started, waiting for clients...
2025-08-26 09:52:51 [pool-1-thread-1] INFO  org.server.Server - {"messageType":"USER_LOG_IN","payload":"{\"@json_id\":\"a944bffa-7e35-4e72-9251-84d1e99c011c\",\"id\":null,\"userName\":null,\"displayName\":null,\"password\":\"toto\",\"emailAddress\":\"toto.toto@yahoo.fr\",\"avatar\":null,\"messages\":[],\"conversation\":[]}"}
2025-08-26 09:52:51 [pool-1-thread-1] INFO  org.neo4j.ogm.metadata.DomainInfo - Starting Post-processing phase
2025-08-26 09:52:51 [pool-1-thread-1] INFO  org.neo4j.ogm.metadata.DomainInfo - Building byLabel lookup maps
2025-08-26 09:52:51 [pool-1-thread-1] INFO  org.neo4j.ogm.metadata.DomainInfo - Building interface class map for 4 classes
2025-08-26 09:52:51 [pool-1-thread-1] INFO  org.neo4j.ogm.metadata.DomainInfo - Post-processing complete
2025-08-26 09:52:52 [pool-1-thread-1] INFO  o.n.o.drivers.bolt.driver.BoltDriver - Shutting down Bolt driver org.neo4j.driver.internal.InternalDriver@5d479ab0 
2025-08-26 09:52:52 [pool-1-thread-1] INFO  org.server.action.UserAction - User connected !
2025-08-26 09:52:52 [pool-1-thread-1] INFO  org.server.Server - {"messageType":"CONVERSATION_DISPLAY","payload":"{\"@json_id\":\"1224268a-cd12-40ec-8153-eb8df478c41b\",\"id\":3,\"userName\":null,\"displayName\":\"toto\",\"password\":\"$2a$10$QET0aBXPOZ.Qpfzbcyj22OtxUpPZRpQICEyTE4aVwUGzyK8rGVTjq\",\"emailAddress\":\"toto.toto@yahoo.fr\",\"avatar\":\"/images/avatar/avatar_default.png\",\"messages\":[],\"conversation\":[]}"}
2025-08-26 09:52:52 [pool-1-thread-1] INFO  org.neo4j.ogm.metadata.DomainInfo - Starting Post-processing phase
2025-08-26 09:52:52 [pool-1-thread-1] INFO  org.neo4j.ogm.metadata.DomainInfo - Building byLabel lookup maps
2025-08-26 09:52:52 [pool-1-thread-1] INFO  org.neo4j.ogm.metadata.DomainInfo - Building interface class map for 4 classes
2025-08-26 09:52:52 [pool-1-thread-1] INFO  org.neo4j.ogm.metadata.DomainInfo - Post-processing complete
2025-08-26 09:52:52 [pool-1-thread-1] INFO  o.n.o.drivers.bolt.driver.BoltDriver - Shutting down Bolt driver org.neo4j.driver.internal.InternalDriver@4fc8dfb0 
2025-08-26 09:52:52 [pool-1-thread-1] INFO  o.server.action.ConversationAction - Conversations found !
2025-08-26 09:52:52 [pool-1-thread-1] INFO  org.server.Server - {"messageType":"READ_TARGET_AVATAR","payload":"{\"@json_id\":\"6462555d-ec84-4907-b941-93cf18c901e1\",\"id\":0,\"userName\":null,\"displayName\":\"toto\",\"password\":\"$2a$10$U9qpjYgWdBnqsGjux934kuky3CVGEC.VBsxWybAezoy.nBOcbc7Im\",\"emailAddress\":\"toto1.toto@yahoo.fr\",\"avatar\":\"/images/avatar/avatar_default.png\",\"messages\":[],\"conversation\":[]}"}
2025-08-26 09:52:57 [pool-1-thread-1] INFO  org.server.Server - {"messageType":"ONLINE_USERS_FETCH","payload":null}
2025-08-26 09:53:07 [pool-1-thread-1] INFO  org.server.Server - {"messageType":"ONLINE_USERS_FETCH","payload":null}
2025-08-26 09:53:17 [pool-1-thread-1] INFO  org.server.Server - {"messageType":"ONLINE_USERS_FETCH","payload":null}
2025-08-26 09:53:27 [pool-1-thread-1] INFO  org.server.Server - {"messageType":"ONLINE_USERS_FETCH","payload":null}
2025-08-26 09:53:37 [pool-1-thread-1] INFO  org.server.Server - {"messageType":"ONLINE_USERS_FETCH","payload":null}
2025-08-26 09:54:17 [pool-1-thread-1] INFO  org.server.Server - {"messageType":"USER_LOG_IN","payload":"{\"@json_id\":\"46a25b3c-f8a8-4c5d-b5a7-e5217b25458a\",\"id\":null,\"userName\":null,\"displayName\":null,\"password\":\"toto\",\"emailAddress\":\"toto.toto@yahoo.fr\",\"avatar\":null,\"messages\":[],\"conversation\":[]}"}
2025-08-26 09:54:17 [pool-1-thread-1] INFO  org.neo4j.ogm.metadata.DomainInfo - Starting Post-processing phase
2025-08-26 09:54:17 [pool-1-thread-1] INFO  org.neo4j.ogm.metadata.DomainInfo - Building byLabel lookup maps
2025-08-26 09:54:17 [pool-1-thread-1] INFO  org.neo4j.ogm.metadata.DomainInfo - Building interface class map for 4 classes
2025-08-26 09:54:17 [pool-1-thread-1] INFO  org.neo4j.ogm.metadata.DomainInfo - Post-processing complete
2025-08-26 09:54:18 [pool-1-thread-1] INFO  o.n.o.drivers.bolt.driver.BoltDriver - Shutting down Bolt driver org.neo4j.driver.internal.InternalDriver@425a9606 
2025-08-26 09:54:18 [pool-1-thread-1] INFO  org.server.action.UserAction - User connected !
2025-08-26 09:54:18 [pool-1-thread-1] INFO  org.server.Server - {"messageType":"CONVERSATION_DISPLAY","payload":"{\"@json_id\":\"8f959336-d96d-40be-bbae-30c5662d6748\",\"id\":3,\"userName\":null,\"displayName\":\"toto\",\"password\":\"$2a$10$QET0aBXPOZ.Qpfzbcyj22OtxUpPZRpQICEyTE4aVwUGzyK8rGVTjq\",\"emailAddress\":\"toto.toto@yahoo.fr\",\"avatar\":\"/images/avatar/avatar_default.png\",\"messages\":[],\"conversation\":[]}"}
2025-08-26 09:54:18 [pool-1-thread-1] INFO  org.neo4j.ogm.metadata.DomainInfo - Starting Post-processing phase
2025-08-26 09:54:18 [pool-1-thread-1] INFO  org.neo4j.ogm.metadata.DomainInfo - Building byLabel lookup maps
2025-08-26 09:54:18 [pool-1-thread-1] INFO  org.neo4j.ogm.metadata.DomainInfo - Building interface class map for 4 classes
2025-08-26 09:54:18 [pool-1-thread-1] INFO  org.neo4j.ogm.metadata.DomainInfo - Post-processing complete
2025-08-26 09:54:18 [pool-1-thread-1] INFO  o.n.o.drivers.bolt.driver.BoltDriver - Shutting down Bolt driver org.neo4j.driver.internal.InternalDriver@1e2ea5cc 
2025-08-26 09:54:18 [pool-1-thread-1] INFO  o.server.action.ConversationAction - Conversations found !
2025-08-26 09:54:18 [pool-1-thread-1] INFO  org.server.Server - {"messageType":"READ_TARGET_AVATAR","payload":"{\"@json_id\":\"8bc472bb-f5d4-40cc-8ac8-3e5664988c7b\",\"id\":0,\"userName\":null,\"displayName\":\"toto\",\"password\":\"$2a$10$U9qpjYgWdBnqsGjux934kuky3CVGEC.VBsxWybAezoy.nBOcbc7Im\",\"emailAddress\":\"toto1.toto@yahoo.fr\",\"avatar\":\"/images/avatar/avatar_default.png\",\"messages\":[],\"conversation\":[]}"}
2025-08-26 09:54:23 [pool-1-thread-1] INFO  org.server.Server - {"messageType":"ONLINE_USERS_FETCH","payload":null}
2025-08-26 09:54:32 [pool-1-thread-1] INFO  org.server.Server - {"messageType":"CONVERSATION_GET","payload":"{\"@json_id\":\"b3869571-77a4-451a-8736-3e211637a021\",\"id\":14,\"messages\":[],\"participants\":[]}"}
2025-08-26 09:54:32 [pool-1-thread-1] INFO  org.neo4j.ogm.metadata.DomainInfo - Starting Post-processing phase
2025-08-26 09:54:32 [pool-1-thread-1] INFO  org.neo4j.ogm.metadata.DomainInfo - Building byLabel lookup maps
2025-08-26 09:54:32 [pool-1-thread-1] INFO  org.neo4j.ogm.metadata.DomainInfo - Building interface class map for 4 classes
2025-08-26 09:54:32 [pool-1-thread-1] INFO  org.neo4j.ogm.metadata.DomainInfo - Post-processing complete
2025-08-26 09:54:32 [pool-1-thread-1] INFO  o.n.o.drivers.bolt.driver.BoltDriver - Shutting down Bolt driver org.neo4j.driver.internal.InternalDriver@6dba9 
2025-08-26 09:54:32 [pool-1-thread-1] INFO  o.server.action.ConversationAction - Conversation found !
2025-08-26 09:54:32 [pool-1-thread-1] INFO  org.server.Server - {"messageType":"READ_TARGET_AVATAR","payload":"{\"@json_id\":\"1ffa8e1d-e4af-4b93-ba26-e9278c403d99\",\"id\":0,\"userName\":null,\"displayName\":\"toto\",\"password\":\"$2a$10$U9qpjYgWdBnqsGjux934kuky3CVGEC.VBsxWybAezoy.nBOcbc7Im\",\"emailAddress\":\"toto1.toto@yahoo.fr\",\"avatar\":\"/images/avatar/avatar_default.png\",\"messages\":[],\"conversation\":[]}"}
2025-08-26 09:54:33 [pool-1-thread-1] INFO  org.server.Server - {"messageType":"READ_TARGET_AVATAR","payload":"{\"@json_id\":\"270f57a9-6dd1-418d-9431-deb649610a2b\",\"id\":3,\"userName\":null,\"displayName\":\"toto\",\"password\":\"$2a$10$QET0aBXPOZ.Qpfzbcyj22OtxUpPZRpQICEyTE4aVwUGzyK8rGVTjq\",\"emailAddress\":\"toto.toto@yahoo.fr\",\"avatar\":\"/images/avatar/avatar_default.png\",\"messages\":[],\"conversation\":[]}"}
2025-08-26 09:54:33 [pool-1-thread-1] INFO  org.server.Server - {"messageType":"ONLINE_USERS_FETCH","payload":null}
2025-08-26 09:54:43 [pool-1-thread-1] INFO  org.server.Server - {"messageType":"ONLINE_USERS_FETCH","payload":null}
2025-08-26 09:54:53 [pool-1-thread-1] INFO  org.server.Server - {"messageType":"ONLINE_USERS_FETCH","payload":null}
2025-08-26 09:55:03 [pool-1-thread-1] INFO  org.server.Server - {"messageType":"ONLINE_USERS_FETCH","payload":null}
2025-08-26 09:55:13 [pool-1-thread-1] INFO  org.server.Server - {"messageType":"ONLINE_USERS_FETCH","payload":null}
2025-08-26 09:55:23 [pool-1-thread-1] INFO  org.server.Server - {"messageType":"ONLINE_USERS_FETCH","payload":null}
2025-08-26 10:08:44 [main] INFO  org.server.Server - Server started, waiting for clients...
2025-08-26 10:09:22 [pool-1-thread-1] INFO  org.server.Server - {"messageType":"USER_LOG_IN","payload":"{\"@json_id\":\"55deb746-bc89-49f6-ada9-9f13b4483ef1\",\"id\":null,\"userName\":null,\"displayName\":null,\"password\":\"toto\",\"emailAddress\":\"toto.toto@yahoo.fr\",\"avatar\":null,\"messages\":[],\"conversation\":[]}"}
2025-08-26 10:09:22 [pool-1-thread-1] INFO  org.neo4j.ogm.metadata.DomainInfo - Starting Post-processing phase
2025-08-26 10:09:22 [pool-1-thread-1] INFO  org.neo4j.ogm.metadata.DomainInfo - Building byLabel lookup maps
2025-08-26 10:09:22 [pool-1-thread-1] INFO  org.neo4j.ogm.metadata.DomainInfo - Building interface class map for 4 classes
2025-08-26 10:09:22 [pool-1-thread-1] INFO  org.neo4j.ogm.metadata.DomainInfo - Post-processing complete
2025-08-26 10:09:23 [pool-1-thread-1] INFO  o.n.o.drivers.bolt.driver.BoltDriver - Shutting down Bolt driver org.neo4j.driver.internal.InternalDriver@7e671f8e 
2025-08-26 10:09:23 [pool-1-thread-1] INFO  org.server.action.UserAction - User connected !
2025-08-26 10:09:23 [pool-1-thread-1] INFO  org.server.Server - {"messageType":"CONVERSATION_DISPLAY","payload":"{\"@json_id\":\"9376a0fc-4e35-42b7-a342-9d85f925290d\",\"id\":3,\"userName\":null,\"displayName\":\"toto\",\"password\":\"$2a$10$QET0aBXPOZ.Qpfzbcyj22OtxUpPZRpQICEyTE4aVwUGzyK8rGVTjq\",\"emailAddress\":\"toto.toto@yahoo.fr\",\"avatar\":\"/images/avatar/avatar_default.png\",\"messages\":[],\"conversation\":[]}"}
2025-08-26 10:09:23 [pool-1-thread-1] INFO  org.neo4j.ogm.metadata.DomainInfo - Starting Post-processing phase
2025-08-26 10:09:23 [pool-1-thread-1] INFO  org.neo4j.ogm.metadata.DomainInfo - Building byLabel lookup maps
2025-08-26 10:09:23 [pool-1-thread-1] INFO  org.neo4j.ogm.metadata.DomainInfo - Building interface class map for 4 classes
2025-08-26 10:09:23 [pool-1-thread-1] INFO  org.neo4j.ogm.metadata.DomainInfo - Post-processing complete
2025-08-26 10:09:23 [pool-1-thread-1] INFO  o.n.o.drivers.bolt.driver.BoltDriver - Shutting down Bolt driver org.neo4j.driver.internal.InternalDriver@29f8647a 
2025-08-26 10:09:23 [pool-1-thread-1] INFO  o.server.action.ConversationAction - Conversations found !
2025-08-26 10:09:23 [pool-1-thread-1] INFO  org.server.Server - {"messageType":"READ_TARGET_AVATAR","payload":"{\"@json_id\":\"6c2ebe36-287f-4135-b68f-7331d8803eb9\",\"id\":0,\"userName\":null,\"displayName\":\"toto\",\"password\":\"$2a$10$U9qpjYgWdBnqsGjux934kuky3CVGEC.VBsxWybAezoy.nBOcbc7Im\",\"emailAddress\":\"toto1.toto@yahoo.fr\",\"avatar\":\"/images/avatar/avatar_default.png\",\"messages\":[],\"conversation\":[]}"}
2025-08-26 10:09:28 [pool-1-thread-1] INFO  org.server.Server - {"messageType":"ONLINE_USERS_FETCH","payload":null}
2025-08-26 10:09:38 [pool-1-thread-1] INFO  org.server.Server - {"messageType":"ONLINE_USERS_FETCH","payload":null}
2025-08-26 10:09:44 [pool-1-thread-2] INFO  org.server.Server - {"messageType":"USER_LOG_IN","payload":"{\"@json_id\":\"a3911230-44f3-4d6f-90cb-823f8446cf71\",\"id\":null,\"userName\":null,\"displayName\":null,\"password\":\"toto\",\"emailAddress\":\"toto1.toto@yahoo.fr\",\"avatar\":null,\"messages\":[],\"conversation\":[]}"}
2025-08-26 10:09:44 [pool-1-thread-2] INFO  org.neo4j.ogm.metadata.DomainInfo - Starting Post-processing phase
2025-08-26 10:09:44 [pool-1-thread-2] INFO  org.neo4j.ogm.metadata.DomainInfo - Building byLabel lookup maps
2025-08-26 10:09:44 [pool-1-thread-2] INFO  org.neo4j.ogm.metadata.DomainInfo - Building interface class map for 4 classes
2025-08-26 10:09:44 [pool-1-thread-2] INFO  org.neo4j.ogm.metadata.DomainInfo - Post-processing complete
2025-08-26 10:09:44 [pool-1-thread-2] INFO  o.n.o.drivers.bolt.driver.BoltDriver - Shutting down Bolt driver org.neo4j.driver.internal.InternalDriver@43cd2cbc 
2025-08-26 10:09:44 [pool-1-thread-2] INFO  org.server.action.UserAction - User connected !
2025-08-26 10:09:45 [pool-1-thread-2] INFO  org.server.Server - {"messageType":"CONVERSATION_DISPLAY","payload":"{\"@json_id\":\"5ac5806a-5a53-4f88-8cef-b7e5facef3dd\",\"id\":0,\"userName\":null,\"displayName\":\"toto\",\"password\":\"$2a$10$U9qpjYgWdBnqsGjux934kuky3CVGEC.VBsxWybAezoy.nBOcbc7Im\",\"emailAddress\":\"toto1.toto@yahoo.fr\",\"avatar\":\"/images/avatar/avatar_default.png\",\"messages\":[],\"conversation\":[]}"}
2025-08-26 10:09:45 [pool-1-thread-2] INFO  org.neo4j.ogm.metadata.DomainInfo - Starting Post-processing phase
2025-08-26 10:09:45 [pool-1-thread-2] INFO  org.neo4j.ogm.metadata.DomainInfo - Building byLabel lookup maps
2025-08-26 10:09:45 [pool-1-thread-2] INFO  org.neo4j.ogm.metadata.DomainInfo - Building interface class map for 4 classes
2025-08-26 10:09:45 [pool-1-thread-2] INFO  org.neo4j.ogm.metadata.DomainInfo - Post-processing complete
2025-08-26 10:09:45 [pool-1-thread-2] INFO  o.n.o.drivers.bolt.driver.BoltDriver - Shutting down Bolt driver org.neo4j.driver.internal.InternalDriver@64c9cb4f 
2025-08-26 10:09:45 [pool-1-thread-2] INFO  o.server.action.ConversationAction - Conversations found !
2025-08-26 10:09:45 [pool-1-thread-2] INFO  org.server.Server - {"messageType":"READ_TARGET_AVATAR","payload":"{\"@json_id\":\"7a16a846-b7c6-44d5-993c-d0e6dbe97f14\",\"id\":3,\"userName\":null,\"displayName\":\"toto\",\"password\":\"$2a$10$QET0aBXPOZ.Qpfzbcyj22OtxUpPZRpQICEyTE4aVwUGzyK8rGVTjq\",\"emailAddress\":\"toto.toto@yahoo.fr\",\"avatar\":\"/images/avatar/avatar_default.png\",\"messages\":[],\"conversation\":[]}"}
2025-08-26 10:09:48 [pool-1-thread-1] INFO  org.server.Server - {"messageType":"ONLINE_USERS_FETCH","payload":null}
2025-08-26 10:09:50 [pool-1-thread-2] INFO  org.server.Server - {"messageType":"ONLINE_USERS_FETCH","payload":null}
2025-08-26 10:09:58 [pool-1-thread-1] INFO  org.server.Server - {"messageType":"ONLINE_USERS_FETCH","payload":null}
2025-08-26 10:10:00 [pool-1-thread-2] INFO  org.server.Server - {"messageType":"ONLINE_USERS_FETCH","payload":null}
2025-08-26 10:10:01 [pool-1-thread-2] INFO  org.server.Server - {"messageType":"CONVERSATION_GET","payload":"{\"@json_id\":\"2580d95d-d0d7-4265-a8b1-7abb09c38f7c\",\"id\":14,\"messages\":[],\"participants\":[]}"}
2025-08-26 10:10:01 [pool-1-thread-2] INFO  org.neo4j.ogm.metadata.DomainInfo - Starting Post-processing phase
2025-08-26 10:10:01 [pool-1-thread-2] INFO  org.neo4j.ogm.metadata.DomainInfo - Building byLabel lookup maps
2025-08-26 10:10:01 [pool-1-thread-2] INFO  org.neo4j.ogm.metadata.DomainInfo - Building interface class map for 4 classes
2025-08-26 10:10:01 [pool-1-thread-2] INFO  org.neo4j.ogm.metadata.DomainInfo - Post-processing complete
2025-08-26 10:10:01 [pool-1-thread-2] INFO  o.n.o.drivers.bolt.driver.BoltDriver - Shutting down Bolt driver org.neo4j.driver.internal.InternalDriver@339ce32b 
2025-08-26 10:10:01 [pool-1-thread-2] INFO  o.server.action.ConversationAction - Conversation found !
2025-08-26 10:10:01 [pool-1-thread-2] INFO  org.server.Server - {"messageType":"READ_TARGET_AVATAR","payload":"{\"@json_id\":\"a23fa7e9-1c16-4101-9838-9dd6d8866699\",\"id\":3,\"userName\":null,\"displayName\":\"toto\",\"password\":\"$2a$10$QET0aBXPOZ.Qpfzbcyj22OtxUpPZRpQICEyTE4aVwUGzyK8rGVTjq\",\"emailAddress\":\"toto.toto@yahoo.fr\",\"avatar\":\"/images/avatar/avatar_default.png\",\"messages\":[],\"conversation\":[]}"}
2025-08-26 10:10:01 [pool-1-thread-2] INFO  org.server.Server - {"messageType":"READ_TARGET_AVATAR","payload":"{\"@json_id\":\"d5f6422d-4fba-4d9c-9e8b-b9b0b91e8ac8\",\"id\":3,\"userName\":null,\"displayName\":\"toto\",\"password\":\"$2a$10$QET0aBXPOZ.Qpfzbcyj22OtxUpPZRpQICEyTE4aVwUGzyK8rGVTjq\",\"emailAddress\":\"toto.toto@yahoo.fr\",\"avatar\":\"/images/avatar/avatar_default.png\",\"messages\":[],\"conversation\":[]}"}
2025-08-26 10:10:03 [pool-1-thread-1] INFO  org.server.Server - {"messageType":"CONVERSATION_GET","payload":"{\"@json_id\":\"fa25e22e-f387-41b5-8680-1f22bf1975b3\",\"id\":14,\"messages\":[],\"participants\":[]}"}
2025-08-26 10:10:03 [pool-1-thread-1] INFO  org.neo4j.ogm.metadata.DomainInfo - Starting Post-processing phase
2025-08-26 10:10:03 [pool-1-thread-1] INFO  org.neo4j.ogm.metadata.DomainInfo - Building byLabel lookup maps
2025-08-26 10:10:03 [pool-1-thread-1] INFO  org.neo4j.ogm.metadata.DomainInfo - Building interface class map for 4 classes
2025-08-26 10:10:03 [pool-1-thread-1] INFO  org.neo4j.ogm.metadata.DomainInfo - Post-processing complete
2025-08-26 10:10:03 [pool-1-thread-1] INFO  o.n.o.drivers.bolt.driver.BoltDriver - Shutting down Bolt driver org.neo4j.driver.internal.InternalDriver@55c2d3c1 
2025-08-26 10:10:03 [pool-1-thread-1] INFO  o.server.action.ConversationAction - Conversation found !
2025-08-26 10:10:03 [pool-1-thread-1] INFO  org.server.Server - {"messageType":"READ_TARGET_AVATAR","payload":"{\"@json_id\":\"1403e8a2-7580-4dc5-892a-ce35ecee4c99\",\"id\":0,\"userName\":null,\"displayName\":\"toto\",\"password\":\"$2a$10$U9qpjYgWdBnqsGjux934kuky3CVGEC.VBsxWybAezoy.nBOcbc7Im\",\"emailAddress\":\"toto1.toto@yahoo.fr\",\"avatar\":\"/images/avatar/avatar_default.png\",\"messages\":[],\"conversation\":[]}"}
2025-08-26 10:10:03 [pool-1-thread-1] INFO  org.server.Server - {"messageType":"READ_TARGET_AVATAR","payload":"{\"@json_id\":\"837a154e-9d61-4b4f-ad22-e943df0fe1cd\",\"id\":3,\"userName\":null,\"displayName\":\"toto\",\"password\":\"$2a$10$QET0aBXPOZ.Qpfzbcyj22OtxUpPZRpQICEyTE4aVwUGzyK8rGVTjq\",\"emailAddress\":\"toto.toto@yahoo.fr\",\"avatar\":\"/images/avatar/avatar_default.png\",\"messages\":[],\"conversation\":[]}"}
2025-08-26 10:10:08 [pool-1-thread-1] INFO  org.server.Server - {"messageType":"ONLINE_USERS_FETCH","payload":null}
2025-08-26 10:10:10 [pool-1-thread-2] INFO  org.server.Server - {"messageType":"ONLINE_USERS_FETCH","payload":null}
2025-08-26 10:10:18 [pool-1-thread-1] INFO  org.server.Server - {"messageType":"ONLINE_USERS_FETCH","payload":null}
2025-08-26 10:10:20 [pool-1-thread-2] INFO  org.server.Server - {"messageType":"ONLINE_USERS_FETCH","payload":null}
2025-08-26 10:10:24 [pool-1-thread-2] INFO  org.server.Server - {"messageType":"USER_EXIT","payload":"{\"@json_id\":\"d3271f18-68ba-4c9a-b9fa-8234cc61be00\",\"id\":0,\"userName\":null,\"displayName\":\"toto\",\"password\":\"$2a$10$U9qpjYgWdBnqsGjux934kuky3CVGEC.VBsxWybAezoy.nBOcbc7Im\",\"emailAddress\":\"toto1.toto@yahoo.fr\",\"avatar\":\"/images/avatar/avatar_default.png\",\"messages\":[],\"conversation\":[{\"@json_id\":\"7379f5a7-d8bf-461d-8ca2-af15106fb7a5\",\"id\":14,\"messages\":[{\"@json_id\":\"3000a58c-246b-4391-b248-3c73e83d1148\",\"id\":13,\"time\":[2025,8,24,18,34,42,319695466],\"content\":\"test\",\"readStatuses\":[],\"sender\":null}],\"participants\":[{\"@json_id\":\"ffd655e7-33ab-4210-b504-2d147c6599ef\",\"id\":3,\"userName\":null,\"displayName\":\"toto\",\"password\":\"$2a$10$QET0aBXPOZ.Qpfzbcyj22OtxUpPZRpQICEyTE4aVwUGzyK8rGVTjq\",\"emailAddress\":\"toto.toto@yahoo.fr\",\"avatar\":\"/images/avatar/avatar_default.png\",\"messages\":[],\"conversation\":[]},{\"@json_id\":\"f9b5ac13-6f94-4f42-93e7-cb87172e375a\",\"id\":0,\"userName\":null,\"displayName\":\"toto\",\"password\":\"$2a$10$U9qpjYgWdBnqsGjux934kuky3CVGEC.VBsxWybAezoy.nBOcbc7Im\",\"emailAddress\":\"toto1.toto@yahoo.fr\",\"avatar\":\"/images/avatar/avatar_default.png\",\"messages\":[],\"conversation\":[]}]}]}"}
2025-08-26 10:10:28 [pool-1-thread-1] INFO  org.server.Server - {"messageType":"ONLINE_USERS_FETCH","payload":null}
2025-08-26 10:10:30 [pool-1-thread-1] INFO  org.server.Server - {"messageType":"USER_EXIT","payload":"{\"@json_id\":\"070b2664-7814-47b8-937c-e6e362fee2f9\",\"id\":3,\"userName\":null,\"displayName\":\"toto\",\"password\":\"$2a$10$QET0aBXPOZ.Qpfzbcyj22OtxUpPZRpQICEyTE4aVwUGzyK8rGVTjq\",\"emailAddress\":\"toto.toto@yahoo.fr\",\"avatar\":\"/images/avatar/avatar_default.png\",\"messages\":[],\"conversation\":[{\"@json_id\":\"1b25bccd-4f09-4ba3-ae80-0e4e1c295291\",\"id\":14,\"messages\":[{\"@json_id\":\"e57696f4-663c-4489-a515-921cf62b364f\",\"id\":13,\"time\":[2025,8,24,18,34,42,319695466],\"content\":\"test\",\"readStatuses\":[],\"sender\":null}],\"participants\":[{\"@json_id\":\"c00211a7-fe0b-4a15-b54e-c4eabacb1151\",\"id\":3,\"userName\":null,\"displayName\":\"toto\",\"password\":\"$2a$10$QET0aBXPOZ.Qpfzbcyj22OtxUpPZRpQICEyTE4aVwUGzyK8rGVTjq\",\"emailAddress\":\"toto.toto@yahoo.fr\",\"avatar\":\"/images/avatar/avatar_default.png\",\"messages\":[],\"conversation\":[]},{\"@json_id\":\"d35c7524-16a8-4e33-88f8-60fdcd150335\",\"id\":0,\"userName\":null,\"displayName\":\"toto\",\"password\":\"$2a$10$U9qpjYgWdBnqsGjux934kuky3CVGEC.VBsxWybAezoy.nBOcbc7Im\",\"emailAddress\":\"toto1.toto@yahoo.fr\",\"avatar\":\"/images/avatar/avatar_default.png\",\"messages\":[],\"conversation\":[]}]}]}"}
2025-08-26 10:11:28 [pool-1-thread-2] INFO  org.server.Server - {"messageType":"USER_LOG_IN","payload":"{\"@json_id\":\"6879dc98-ebfc-4723-9504-24b3f384b656\",\"id\":null,\"userName\":null,\"displayName\":null,\"password\":\"toto\",\"emailAddress\":\"toto.toto@yahoo.fr\",\"avatar\":null,\"messages\":[],\"conversation\":[]}"}
2025-08-26 10:11:28 [pool-1-thread-2] INFO  org.neo4j.ogm.metadata.DomainInfo - Starting Post-processing phase
2025-08-26 10:11:28 [pool-1-thread-2] INFO  org.neo4j.ogm.metadata.DomainInfo - Building byLabel lookup maps
2025-08-26 10:11:28 [pool-1-thread-2] INFO  org.neo4j.ogm.metadata.DomainInfo - Building interface class map for 4 classes
2025-08-26 10:11:28 [pool-1-thread-2] INFO  org.neo4j.ogm.metadata.DomainInfo - Post-processing complete
2025-08-26 10:11:28 [pool-1-thread-2] INFO  o.n.o.drivers.bolt.driver.BoltDriver - Shutting down Bolt driver org.neo4j.driver.internal.InternalDriver@3a90cea1 
2025-08-26 10:11:28 [pool-1-thread-2] INFO  org.server.action.UserAction - User connected !
2025-08-26 10:11:28 [pool-1-thread-2] INFO  org.server.Server - {"messageType":"CONVERSATION_DISPLAY","payload":"{\"@json_id\":\"10b54f9c-d479-4e93-98f2-af675a3fc6b6\",\"id\":3,\"userName\":null,\"displayName\":\"toto\",\"password\":\"$2a$10$QET0aBXPOZ.Qpfzbcyj22OtxUpPZRpQICEyTE4aVwUGzyK8rGVTjq\",\"emailAddress\":\"toto.toto@yahoo.fr\",\"avatar\":\"/images/avatar/avatar_default.png\",\"messages\":[],\"conversation\":[]}"}
2025-08-26 10:11:28 [pool-1-thread-2] INFO  org.neo4j.ogm.metadata.DomainInfo - Starting Post-processing phase
2025-08-26 10:11:28 [pool-1-thread-2] INFO  org.neo4j.ogm.metadata.DomainInfo - Building byLabel lookup maps
2025-08-26 10:11:28 [pool-1-thread-2] INFO  org.neo4j.ogm.metadata.DomainInfo - Building interface class map for 4 classes
2025-08-26 10:11:28 [pool-1-thread-2] INFO  org.neo4j.ogm.metadata.DomainInfo - Post-processing complete
2025-08-26 10:11:28 [pool-1-thread-2] INFO  o.n.o.drivers.bolt.driver.BoltDriver - Shutting down Bolt driver org.neo4j.driver.internal.InternalDriver@1ce3b55b 
2025-08-26 10:11:29 [pool-1-thread-2] INFO  o.server.action.ConversationAction - Conversations found !
2025-08-26 10:11:29 [pool-1-thread-2] INFO  org.server.Server - {"messageType":"READ_TARGET_AVATAR","payload":"{\"@json_id\":\"86b3a4f3-e6ab-400b-965b-bf5919680e93\",\"id\":0,\"userName\":null,\"displayName\":\"toto\",\"password\":\"$2a$10$U9qpjYgWdBnqsGjux934kuky3CVGEC.VBsxWybAezoy.nBOcbc7Im\",\"emailAddress\":\"toto1.toto@yahoo.fr\",\"avatar\":\"/images/avatar/avatar_default.png\",\"messages\":[],\"conversation\":[]}"}
2025-08-26 10:11:33 [pool-1-thread-2] INFO  org.server.Server - {"messageType":"ONLINE_USERS_FETCH","payload":null}
2025-08-26 10:11:35 [pool-1-thread-1] INFO  org.server.Server - {"messageType":"USER_LOG_IN","payload":"{\"@json_id\":\"c06272be-dc44-4904-827e-05f5c4e7ba2e\",\"id\":null,\"userName\":null,\"displayName\":null,\"password\":\"toto\",\"emailAddress\":\"toto1.toto@yahoo.fr\",\"avatar\":null,\"messages\":[],\"conversation\":[]}"}
2025-08-26 10:11:35 [pool-1-thread-1] INFO  org.neo4j.ogm.metadata.DomainInfo - Starting Post-processing phase
2025-08-26 10:11:35 [pool-1-thread-1] INFO  org.neo4j.ogm.metadata.DomainInfo - Building byLabel lookup maps
2025-08-26 10:11:35 [pool-1-thread-1] INFO  org.neo4j.ogm.metadata.DomainInfo - Building interface class map for 4 classes
2025-08-26 10:11:35 [pool-1-thread-1] INFO  org.neo4j.ogm.metadata.DomainInfo - Post-processing complete
2025-08-26 10:11:35 [pool-1-thread-1] INFO  o.n.o.drivers.bolt.driver.BoltDriver - Shutting down Bolt driver org.neo4j.driver.internal.InternalDriver@60d12b95 
2025-08-26 10:11:36 [pool-1-thread-1] INFO  org.server.action.UserAction - User connected !
2025-08-26 10:11:36 [pool-1-thread-1] INFO  org.server.Server - {"messageType":"CONVERSATION_DISPLAY","payload":"{\"@json_id\":\"681ec2e5-2d63-45b2-8c0d-96c9086e27de\",\"id\":0,\"userName\":null,\"displayName\":\"toto\",\"password\":\"$2a$10$U9qpjYgWdBnqsGjux934kuky3CVGEC.VBsxWybAezoy.nBOcbc7Im\",\"emailAddress\":\"toto1.toto@yahoo.fr\",\"avatar\":\"/images/avatar/avatar_default.png\",\"messages\":[],\"conversation\":[]}"}
2025-08-26 10:11:36 [pool-1-thread-1] INFO  org.neo4j.ogm.metadata.DomainInfo - Starting Post-processing phase
2025-08-26 10:11:36 [pool-1-thread-1] INFO  org.neo4j.ogm.metadata.DomainInfo - Building byLabel lookup maps
2025-08-26 10:11:36 [pool-1-thread-1] INFO  org.neo4j.ogm.metadata.DomainInfo - Building interface class map for 4 classes
2025-08-26 10:11:36 [pool-1-thread-1] INFO  org.neo4j.ogm.metadata.DomainInfo - Post-processing complete
2025-08-26 10:11:36 [pool-1-thread-1] INFO  o.n.o.drivers.bolt.driver.BoltDriver - Shutting down Bolt driver org.neo4j.driver.internal.InternalDriver@5e73706d 
2025-08-26 10:11:36 [pool-1-thread-1] INFO  o.server.action.ConversationAction - Conversations found !
2025-08-26 10:11:36 [pool-1-thread-1] INFO  org.server.Server - {"messageType":"READ_TARGET_AVATAR","payload":"{\"@json_id\":\"d2cefe87-28ff-4c15-8f37-a513993d9a3a\",\"id\":3,\"userName\":null,\"displayName\":\"toto\",\"password\":\"$2a$10$QET0aBXPOZ.Qpfzbcyj22OtxUpPZRpQICEyTE4aVwUGzyK8rGVTjq\",\"emailAddress\":\"toto.toto@yahoo.fr\",\"avatar\":\"/images/avatar/avatar_default.png\",\"messages\":[],\"conversation\":[]}"}
2025-08-26 10:11:41 [pool-1-thread-1] INFO  org.server.Server - {"messageType":"ONLINE_USERS_FETCH","payload":null}
2025-08-26 10:11:43 [pool-1-thread-2] INFO  org.server.Server - {"messageType":"ONLINE_USERS_FETCH","payload":null}
2025-08-26 10:11:51 [pool-1-thread-1] INFO  org.server.Server - {"messageType":"ONLINE_USERS_FETCH","payload":null}
2025-08-26 10:11:53 [pool-1-thread-2] INFO  org.server.Server - {"messageType":"ONLINE_USERS_FETCH","payload":null}
2025-08-26 10:12:01 [pool-1-thread-1] INFO  org.server.Server - {"messageType":"ONLINE_USERS_FETCH","payload":null}
2025-08-26 10:12:03 [pool-1-thread-2] INFO  org.server.Server - {"messageType":"ONLINE_USERS_FETCH","payload":null}
2025-08-26 10:12:11 [pool-1-thread-1] INFO  org.server.Server - {"messageType":"ONLINE_USERS_FETCH","payload":null}
2025-08-26 10:12:13 [pool-1-thread-2] INFO  org.server.Server - {"messageType":"ONLINE_USERS_FETCH","payload":null}
2025-08-26 10:12:20 [pool-1-thread-2] INFO  org.server.Server - {"messageType":"USER_EXIT","payload":"{\"@json_id\":\"62ca5c8d-8579-4611-a7ab-aeeb48279ee5\",\"id\":3,\"userName\":null,\"displayName\":\"toto\",\"password\":\"$2a$10$QET0aBXPOZ.Qpfzbcyj22OtxUpPZRpQICEyTE4aVwUGzyK8rGVTjq\",\"emailAddress\":\"toto.toto@yahoo.fr\",\"avatar\":\"/images/avatar/avatar_default.png\",\"messages\":[],\"conversation\":[{\"@json_id\":\"5a55a887-e840-4b49-9434-3392e4b836e2\",\"id\":14,\"messages\":[{\"@json_id\":\"f4e1077a-16f1-4cf5-bc65-57fcdd13fefc\",\"id\":13,\"time\":[2025,8,24,18,34,42,319695466],\"content\":\"test\",\"readStatuses\":[],\"sender\":null}],\"participants\":[{\"@json_id\":\"ad1cc455-1ee4-48cb-b7f7-8c68333d3d91\",\"id\":0,\"userName\":null,\"displayName\":\"toto\",\"password\":\"$2a$10$U9qpjYgWdBnqsGjux934kuky3CVGEC.VBsxWybAezoy.nBOcbc7Im\",\"emailAddress\":\"toto1.toto@yahoo.fr\",\"avatar\":\"/images/avatar/avatar_default.png\",\"messages\":[],\"conversation\":[]},{\"@json_id\":\"21aec414-8717-4607-a15d-c55affa56b32\",\"id\":3,\"userName\":null,\"displayName\":\"toto\",\"password\":\"$2a$10$QET0aBXPOZ.Qpfzbcyj22OtxUpPZRpQICEyTE4aVwUGzyK8rGVTjq\",\"emailAddress\":\"toto.toto@yahoo.fr\",\"avatar\":\"/images/avatar/avatar_default.png\",\"messages\":[],\"conversation\":[]}]}]}"}
2025-08-26 10:12:20 [pool-1-thread-1] INFO  org.server.Server - {"messageType":"USER_EXIT","payload":"{\"@json_id\":\"cfa105be-719f-4ccf-869f-a450a6b5cd13\",\"id\":0,\"userName\":null,\"displayName\":\"toto\",\"password\":\"$2a$10$U9qpjYgWdBnqsGjux934kuky3CVGEC.VBsxWybAezoy.nBOcbc7Im\",\"emailAddress\":\"toto1.toto@yahoo.fr\",\"avatar\":\"/images/avatar/avatar_default.png\",\"messages\":[],\"conversation\":[{\"@json_id\":\"1165a33c-3eff-43d6-8b1f-f0515c2f1d52\",\"id\":14,\"messages\":[{\"@json_id\":\"79291aee-868d-4716-b27f-4ca4de172d17\",\"id\":13,\"time\":[2025,8,24,18,34,42,319695466],\"content\":\"test\",\"readStatuses\":[],\"sender\":null}],\"participants\":[{\"@json_id\":\"33a5d9ba-38f4-45b7-84b2-dd2423d9cb30\",\"id\":0,\"userName\":null,\"displayName\":\"toto\",\"password\":\"$2a$10$U9qpjYgWdBnqsGjux934kuky3CVGEC.VBsxWybAezoy.nBOcbc7Im\",\"emailAddress\":\"toto1.toto@yahoo.fr\",\"avatar\":\"/images/avatar/avatar_default.png\",\"messages\":[],\"conversation\":[]},{\"@json_id\":\"11653a7a-0829-48a5-8722-e9a06391fe2a\",\"id\":3,\"userName\":null,\"displayName\":\"toto\",\"password\":\"$2a$10$QET0aBXPOZ.Qpfzbcyj22OtxUpPZRpQICEyTE4aVwUGzyK8rGVTjq\",\"emailAddress\":\"toto.toto@yahoo.fr\",\"avatar\":\"/images/avatar/avatar_default.png\",\"messages\":[],\"conversation\":[]}]}]}"}
2025-08-26 10:14:19 [pool-1-thread-3] INFO  org.server.Server - {"messageType":"USER_LOG_IN","payload":"{\"@json_id\":\"8fcff743-5686-4032-afab-e2197480b52b\",\"id\":null,\"userName\":null,\"displayName\":null,\"password\":\"toto\",\"emailAddress\":\"toto.toto@yahoo.fr\",\"avatar\":null,\"messages\":[],\"conversation\":[]}"}
2025-08-26 10:14:19 [pool-1-thread-3] INFO  org.neo4j.ogm.metadata.DomainInfo - Starting Post-processing phase
2025-08-26 10:14:19 [pool-1-thread-3] INFO  org.neo4j.ogm.metadata.DomainInfo - Building byLabel lookup maps
2025-08-26 10:14:19 [pool-1-thread-3] INFO  org.neo4j.ogm.metadata.DomainInfo - Building interface class map for 4 classes
2025-08-26 10:14:19 [pool-1-thread-3] INFO  org.neo4j.ogm.metadata.DomainInfo - Post-processing complete
2025-08-26 10:14:19 [pool-1-thread-3] INFO  o.n.o.drivers.bolt.driver.BoltDriver - Shutting down Bolt driver org.neo4j.driver.internal.InternalDriver@6ad9bdd1 
2025-08-26 10:14:19 [pool-1-thread-3] INFO  org.server.action.UserAction - User connected !
2025-08-26 10:14:20 [pool-1-thread-3] INFO  org.server.Server - {"messageType":"CONVERSATION_DISPLAY","payload":"{\"@json_id\":\"e9fcf64f-8605-4f02-88cc-4899fc689d91\",\"id\":3,\"userName\":null,\"displayName\":\"toto\",\"password\":\"$2a$10$QET0aBXPOZ.Qpfzbcyj22OtxUpPZRpQICEyTE4aVwUGzyK8rGVTjq\",\"emailAddress\":\"toto.toto@yahoo.fr\",\"avatar\":\"/images/avatar/avatar_default.png\",\"messages\":[],\"conversation\":[]}"}
2025-08-26 10:14:20 [pool-1-thread-3] INFO  org.neo4j.ogm.metadata.DomainInfo - Starting Post-processing phase
2025-08-26 10:14:20 [pool-1-thread-3] INFO  org.neo4j.ogm.metadata.DomainInfo - Building byLabel lookup maps
2025-08-26 10:14:20 [pool-1-thread-3] INFO  org.neo4j.ogm.metadata.DomainInfo - Building interface class map for 4 classes
2025-08-26 10:14:20 [pool-1-thread-3] INFO  org.neo4j.ogm.metadata.DomainInfo - Post-processing complete
2025-08-26 10:14:20 [pool-1-thread-3] INFO  o.n.o.drivers.bolt.driver.BoltDriver - Shutting down Bolt driver org.neo4j.driver.internal.InternalDriver@cba24e 
2025-08-26 10:14:20 [pool-1-thread-3] INFO  o.server.action.ConversationAction - Conversations found !
2025-08-26 10:14:20 [pool-1-thread-3] INFO  org.server.Server - {"messageType":"READ_TARGET_AVATAR","payload":"{\"@json_id\":\"a40b6cb5-6183-40d5-a763-a3ce5fd3d8da\",\"id\":0,\"userName\":null,\"displayName\":\"toto\",\"password\":\"$2a$10$U9qpjYgWdBnqsGjux934kuky3CVGEC.VBsxWybAezoy.nBOcbc7Im\",\"emailAddress\":\"toto1.toto@yahoo.fr\",\"avatar\":\"/images/avatar/avatar_default.png\",\"messages\":[],\"conversation\":[]}"}
2025-08-26 10:14:25 [pool-1-thread-3] INFO  org.server.Server - {"messageType":"ONLINE_USERS_FETCH","payload":null}
2025-08-26 10:14:35 [pool-1-thread-3] INFO  org.server.Server - {"messageType":"ONLINE_USERS_FETCH","payload":null}
2025-08-26 10:14:44 [pool-1-thread-4] INFO  org.server.Server - {"messageType":"USER_LOG_IN","payload":"{\"@json_id\":\"12cfea05-1d71-421a-a61a-803620244a30\",\"id\":null,\"userName\":null,\"displayName\":null,\"password\":\"toto\",\"emailAddress\":\"toto1.toto@yahoo.fr\",\"avatar\":null,\"messages\":[],\"conversation\":[]}"}
2025-08-26 10:14:44 [pool-1-thread-4] INFO  org.neo4j.ogm.metadata.DomainInfo - Starting Post-processing phase
2025-08-26 10:14:44 [pool-1-thread-4] INFO  org.neo4j.ogm.metadata.DomainInfo - Building byLabel lookup maps
2025-08-26 10:14:44 [pool-1-thread-4] INFO  org.neo4j.ogm.metadata.DomainInfo - Building interface class map for 4 classes
2025-08-26 10:14:44 [pool-1-thread-4] INFO  org.neo4j.ogm.metadata.DomainInfo - Post-processing complete
2025-08-26 10:14:44 [pool-1-thread-4] INFO  o.n.o.drivers.bolt.driver.BoltDriver - Shutting down Bolt driver org.neo4j.driver.internal.InternalDriver@5659e056 
2025-08-26 10:14:44 [pool-1-thread-4] INFO  org.server.action.UserAction - User connected !
2025-08-26 10:14:45 [pool-1-thread-3] INFO  org.server.Server - {"messageType":"ONLINE_USERS_FETCH","payload":null}
2025-08-26 10:14:45 [pool-1-thread-4] INFO  org.server.Server - {"messageType":"CONVERSATION_DISPLAY","payload":"{\"@json_id\":\"cc1871ed-eb46-415e-8084-47b176a57a55\",\"id\":0,\"userName\":null,\"displayName\":\"toto\",\"password\":\"$2a$10$U9qpjYgWdBnqsGjux934kuky3CVGEC.VBsxWybAezoy.nBOcbc7Im\",\"emailAddress\":\"toto1.toto@yahoo.fr\",\"avatar\":\"/images/avatar/avatar_default.png\",\"messages\":[],\"conversation\":[]}"}
2025-08-26 10:14:45 [pool-1-thread-4] INFO  org.neo4j.ogm.metadata.DomainInfo - Starting Post-processing phase
2025-08-26 10:14:45 [pool-1-thread-4] INFO  org.neo4j.ogm.metadata.DomainInfo - Building byLabel lookup maps
2025-08-26 10:14:45 [pool-1-thread-4] INFO  org.neo4j.ogm.metadata.DomainInfo - Building interface class map for 4 classes
2025-08-26 10:14:45 [pool-1-thread-4] INFO  org.neo4j.ogm.metadata.DomainInfo - Post-processing complete
2025-08-26 10:14:45 [pool-1-thread-4] INFO  o.n.o.drivers.bolt.driver.BoltDriver - Shutting down Bolt driver org.neo4j.driver.internal.InternalDriver@15decb51 
2025-08-26 10:14:45 [pool-1-thread-4] INFO  o.server.action.ConversationAction - Conversations found !
2025-08-26 10:14:45 [pool-1-thread-4] INFO  org.server.Server - {"messageType":"READ_TARGET_AVATAR","payload":"{\"@json_id\":\"8f5c2955-bde0-4c6b-9b41-7b28956645a3\",\"id\":3,\"userName\":null,\"displayName\":\"toto\",\"password\":\"$2a$10$QET0aBXPOZ.Qpfzbcyj22OtxUpPZRpQICEyTE4aVwUGzyK8rGVTjq\",\"emailAddress\":\"toto.toto@yahoo.fr\",\"avatar\":\"/images/avatar/avatar_default.png\",\"messages\":[],\"conversation\":[]}"}
2025-08-26 10:14:50 [pool-1-thread-4] INFO  org.server.Server - {"messageType":"ONLINE_USERS_FETCH","payload":null}
2025-08-26 10:14:55 [pool-1-thread-3] INFO  org.server.Server - {"messageType":"ONLINE_USERS_FETCH","payload":null}
2025-08-26 10:15:00 [pool-1-thread-4] INFO  org.server.Server - {"messageType":"ONLINE_USERS_FETCH","payload":null}
2025-08-26 10:15:05 [pool-1-thread-3] INFO  org.server.Server - {"messageType":"ONLINE_USERS_FETCH","payload":null}
2025-08-26 10:15:10 [pool-1-thread-4] INFO  org.server.Server - {"messageType":"ONLINE_USERS_FETCH","payload":null}
2025-08-26 10:15:15 [pool-1-thread-3] INFO  org.server.Server - {"messageType":"ONLINE_USERS_FETCH","payload":null}
2025-08-26 10:15:20 [pool-1-thread-4] INFO  org.server.Server - {"messageType":"ONLINE_USERS_FETCH","payload":null}
2025-08-26 10:15:25 [pool-1-thread-3] INFO  org.server.Server - {"messageType":"ONLINE_USERS_FETCH","payload":null}
2025-08-26 10:15:30 [pool-1-thread-4] INFO  org.server.Server - {"messageType":"ONLINE_USERS_FETCH","payload":null}
2025-08-26 10:15:34 [pool-1-thread-3] INFO  org.server.Server - {"messageType":"USER_EXIT","payload":"{\"@json_id\":\"cd966347-2c88-4dcb-89c0-1275d52f2444\",\"id\":3,\"userName\":null,\"displayName\":\"toto\",\"password\":\"$2a$10$QET0aBXPOZ.Qpfzbcyj22OtxUpPZRpQICEyTE4aVwUGzyK8rGVTjq\",\"emailAddress\":\"toto.toto@yahoo.fr\",\"avatar\":\"/images/avatar/avatar_default.png\",\"messages\":[],\"conversation\":[{\"@json_id\":\"3f7cdd27-18c1-4075-a650-63573a2ad8f9\",\"id\":14,\"messages\":[{\"@json_id\":\"428da1c0-5e9c-4bab-874d-e2c5128ee9c6\",\"id\":13,\"time\":[2025,8,24,18,34,42,319695466],\"content\":\"test\",\"readStatuses\":[],\"sender\":null}],\"participants\":[{\"@json_id\":\"38c6a4ab-7947-4599-9cd3-24ccbc02a464\",\"id\":0,\"userName\":null,\"displayName\":\"toto\",\"password\":\"$2a$10$U9qpjYgWdBnqsGjux934kuky3CVGEC.VBsxWybAezoy.nBOcbc7Im\",\"emailAddress\":\"toto1.toto@yahoo.fr\",\"avatar\":\"/images/avatar/avatar_default.png\",\"messages\":[],\"conversation\":[]},{\"@json_id\":\"76b2f580-5293-470e-b43b-6adff0337f54\",\"id\":3,\"userName\":null,\"displayName\":\"toto\",\"password\":\"$2a$10$QET0aBXPOZ.Qpfzbcyj22OtxUpPZRpQICEyTE4aVwUGzyK8rGVTjq\",\"emailAddress\":\"toto.toto@yahoo.fr\",\"avatar\":\"/images/avatar/avatar_default.png\",\"messages\":[],\"conversation\":[]}]}]}"}
2025-08-26 10:15:36 [pool-1-thread-4] INFO  org.server.Server - {"messageType":"USER_EXIT","payload":"{\"@json_id\":\"afbe5c26-0575-4e7b-8bd5-62dec9da5d23\",\"id\":0,\"userName\":null,\"displayName\":\"toto\",\"password\":\"$2a$10$U9qpjYgWdBnqsGjux934kuky3CVGEC.VBsxWybAezoy.nBOcbc7Im\",\"emailAddress\":\"toto1.toto@yahoo.fr\",\"avatar\":\"/images/avatar/avatar_default.png\",\"messages\":[],\"conversation\":[{\"@json_id\":\"5bb90d6c-fea5-4088-b7ae-0ef842ce35e2\",\"id\":14,\"messages\":[{\"@json_id\":\"d0056ea8-bdb9-4fd6-b829-8c7ab5cdc885\",\"id\":13,\"time\":[2025,8,24,18,34,42,319695466],\"content\":\"test\",\"readStatuses\":[],\"sender\":null}],\"participants\":[{\"@json_id\":\"0e67592a-a0f0-43a5-b553-34d3da5ecff9\",\"id\":0,\"userName\":null,\"displayName\":\"toto\",\"password\":\"$2a$10$U9qpjYgWdBnqsGjux934kuky3CVGEC.VBsxWybAezoy.nBOcbc7Im\",\"emailAddress\":\"toto1.toto@yahoo.fr\",\"avatar\":\"/images/avatar/avatar_default.png\",\"messages\":[],\"conversation\":[]},{\"@json_id\":\"7c07383c-78e4-4fcb-8f17-94cfe00d8e45\",\"id\":3,\"userName\":null,\"displayName\":\"toto\",\"password\":\"$2a$10$QET0aBXPOZ.Qpfzbcyj22OtxUpPZRpQICEyTE4aVwUGzyK8rGVTjq\",\"emailAddress\":\"toto.toto@yahoo.fr\",\"avatar\":\"/images/avatar/avatar_default.png\",\"messages\":[],\"conversation\":[]}]}]}"}
2025-08-26 10:17:05 [pool-1-thread-6] INFO  org.server.Server - {"messageType":"USER_LOG_IN","payload":"{\"@json_id\":\"dec65954-23e7-48f3-a7cf-3258cd3dad01\",\"id\":null,\"userName\":null,\"displayName\":null,\"password\":\"toto\",\"emailAddress\":\"toto.toto@yahoo.fr\",\"avatar\":null,\"messages\":[],\"conversation\":[]}"}
2025-08-26 10:17:05 [pool-1-thread-6] INFO  org.neo4j.ogm.metadata.DomainInfo - Starting Post-processing phase
2025-08-26 10:17:05 [pool-1-thread-6] INFO  org.neo4j.ogm.metadata.DomainInfo - Building byLabel lookup maps
2025-08-26 10:17:05 [pool-1-thread-6] INFO  org.neo4j.ogm.metadata.DomainInfo - Building interface class map for 4 classes
2025-08-26 10:17:05 [pool-1-thread-6] INFO  org.neo4j.ogm.metadata.DomainInfo - Post-processing complete
2025-08-26 10:17:05 [pool-1-thread-6] INFO  o.n.o.drivers.bolt.driver.BoltDriver - Shutting down Bolt driver org.neo4j.driver.internal.InternalDriver@dbba540 
2025-08-26 10:17:05 [pool-1-thread-6] INFO  org.server.action.UserAction - User connected !
2025-08-26 10:17:05 [pool-1-thread-6] INFO  org.server.Server - {"messageType":"CONVERSATION_DISPLAY","payload":"{\"@json_id\":\"f5a30c27-ae05-4b78-8773-604f87548f8c\",\"id\":3,\"userName\":null,\"displayName\":\"toto\",\"password\":\"$2a$10$QET0aBXPOZ.Qpfzbcyj22OtxUpPZRpQICEyTE4aVwUGzyK8rGVTjq\",\"emailAddress\":\"toto.toto@yahoo.fr\",\"avatar\":\"/images/avatar/avatar_default.png\",\"messages\":[],\"conversation\":[]}"}
2025-08-26 10:17:05 [pool-1-thread-6] INFO  org.neo4j.ogm.metadata.DomainInfo - Starting Post-processing phase
2025-08-26 10:17:05 [pool-1-thread-6] INFO  org.neo4j.ogm.metadata.DomainInfo - Building byLabel lookup maps
2025-08-26 10:17:05 [pool-1-thread-6] INFO  org.neo4j.ogm.metadata.DomainInfo - Building interface class map for 4 classes
2025-08-26 10:17:05 [pool-1-thread-6] INFO  org.neo4j.ogm.metadata.DomainInfo - Post-processing complete
2025-08-26 10:17:06 [pool-1-thread-6] INFO  o.n.o.drivers.bolt.driver.BoltDriver - Shutting down Bolt driver org.neo4j.driver.internal.InternalDriver@63a2e389 
2025-08-26 10:17:06 [pool-1-thread-6] INFO  o.server.action.ConversationAction - Conversations found !
2025-08-26 10:17:06 [pool-1-thread-6] INFO  org.server.Server - {"messageType":"READ_TARGET_AVATAR","payload":"{\"@json_id\":\"9b45eb5c-d1ed-4e8d-9c8a-575b101031af\",\"id\":0,\"userName\":null,\"displayName\":\"toto\",\"password\":\"$2a$10$U9qpjYgWdBnqsGjux934kuky3CVGEC.VBsxWybAezoy.nBOcbc7Im\",\"emailAddress\":\"toto1.toto@yahoo.fr\",\"avatar\":\"/images/avatar/avatar_default.png\",\"messages\":[],\"conversation\":[]}"}
2025-08-26 10:17:10 [pool-1-thread-6] INFO  org.server.Server - {"messageType":"ONLINE_USERS_FETCH","payload":null}
2025-08-26 10:17:14 [pool-1-thread-5] INFO  org.server.Server - {"messageType":"USER_LOG_IN","payload":"{\"@json_id\":\"9ee3f43f-785c-446d-aae0-b453eb26d914\",\"id\":null,\"userName\":null,\"displayName\":null,\"password\":\"toto\",\"emailAddress\":\"toto1.toto@yahoo.fr\",\"avatar\":null,\"messages\":[],\"conversation\":[]}"}
2025-08-26 10:17:14 [pool-1-thread-5] INFO  org.neo4j.ogm.metadata.DomainInfo - Starting Post-processing phase
2025-08-26 10:17:14 [pool-1-thread-5] INFO  org.neo4j.ogm.metadata.DomainInfo - Building byLabel lookup maps
2025-08-26 10:17:14 [pool-1-thread-5] INFO  org.neo4j.ogm.metadata.DomainInfo - Building interface class map for 4 classes
2025-08-26 10:17:14 [pool-1-thread-5] INFO  org.neo4j.ogm.metadata.DomainInfo - Post-processing complete
2025-08-26 10:17:14 [pool-1-thread-5] INFO  o.n.o.drivers.bolt.driver.BoltDriver - Shutting down Bolt driver org.neo4j.driver.internal.InternalDriver@746f8f05 
2025-08-26 10:17:14 [pool-1-thread-5] INFO  org.server.action.UserAction - User connected !
2025-08-26 10:17:14 [pool-1-thread-5] INFO  org.server.Server - {"messageType":"CONVERSATION_DISPLAY","payload":"{\"@json_id\":\"e5905cec-d375-48f7-b7dc-59b581150f23\",\"id\":0,\"userName\":null,\"displayName\":\"toto\",\"password\":\"$2a$10$U9qpjYgWdBnqsGjux934kuky3CVGEC.VBsxWybAezoy.nBOcbc7Im\",\"emailAddress\":\"toto1.toto@yahoo.fr\",\"avatar\":\"/images/avatar/avatar_default.png\",\"messages\":[],\"conversation\":[]}"}
2025-08-26 10:17:14 [pool-1-thread-5] INFO  org.neo4j.ogm.metadata.DomainInfo - Starting Post-processing phase
2025-08-26 10:17:14 [pool-1-thread-5] INFO  org.neo4j.ogm.metadata.DomainInfo - Building byLabel lookup maps
2025-08-26 10:17:14 [pool-1-thread-5] INFO  org.neo4j.ogm.metadata.DomainInfo - Building interface class map for 4 classes
2025-08-26 10:17:14 [pool-1-thread-5] INFO  org.neo4j.ogm.metadata.DomainInfo - Post-processing complete
2025-08-26 10:17:14 [pool-1-thread-5] INFO  o.n.o.drivers.bolt.driver.BoltDriver - Shutting down Bolt driver org.neo4j.driver.internal.InternalDriver@63e641de 
2025-08-26 10:17:15 [pool-1-thread-5] INFO  o.server.action.ConversationAction - Conversations found !
2025-08-26 10:17:15 [pool-1-thread-5] INFO  org.server.Server - {"messageType":"READ_TARGET_AVATAR","payload":"{\"@json_id\":\"6a23b93b-1c2a-45f5-a3cb-81fbc4a2d91f\",\"id\":3,\"userName\":null,\"displayName\":\"toto\",\"password\":\"$2a$10$QET0aBXPOZ.Qpfzbcyj22OtxUpPZRpQICEyTE4aVwUGzyK8rGVTjq\",\"emailAddress\":\"toto.toto@yahoo.fr\",\"avatar\":\"/images/avatar/avatar_default.png\",\"messages\":[],\"conversation\":[]}"}
2025-08-26 10:17:19 [pool-1-thread-5] INFO  org.server.Server - {"messageType":"ONLINE_USERS_FETCH","payload":null}
2025-08-26 10:17:20 [pool-1-thread-6] INFO  org.server.Server - {"messageType":"ONLINE_USERS_FETCH","payload":null}
2025-08-26 10:17:29 [pool-1-thread-5] INFO  org.server.Server - {"messageType":"ONLINE_USERS_FETCH","payload":null}
2025-08-26 10:17:30 [pool-1-thread-6] INFO  org.server.Server - {"messageType":"ONLINE_USERS_FETCH","payload":null}
2025-08-26 10:17:32 [pool-1-thread-5] INFO  org.server.Server - {"messageType":"USER_EXIT","payload":"{\"@json_id\":\"8224f4f3-33e3-415b-8c63-b54c679d443d\",\"id\":0,\"userName\":null,\"displayName\":\"toto\",\"password\":\"$2a$10$U9qpjYgWdBnqsGjux934kuky3CVGEC.VBsxWybAezoy.nBOcbc7Im\",\"emailAddress\":\"toto1.toto@yahoo.fr\",\"avatar\":\"/images/avatar/avatar_default.png\",\"messages\":[],\"conversation\":[{\"@json_id\":\"e22772f2-59ad-4221-914a-79e237c74800\",\"id\":14,\"messages\":[{\"@json_id\":\"73bba584-736f-47e5-b82b-94909faf6dbb\",\"id\":13,\"time\":[2025,8,24,18,34,42,319695466],\"content\":\"test\",\"readStatuses\":[],\"sender\":null}],\"participants\":[{\"@json_id\":\"a1249663-75f2-4738-b506-3a59e33dfa08\",\"id\":3,\"userName\":null,\"displayName\":\"toto\",\"password\":\"$2a$10$QET0aBXPOZ.Qpfzbcyj22OtxUpPZRpQICEyTE4aVwUGzyK8rGVTjq\",\"emailAddress\":\"toto.toto@yahoo.fr\",\"avatar\":\"/images/avatar/avatar_default.png\",\"messages\":[],\"conversation\":[]},{\"@json_id\":\"91f347f5-6154-42bf-9068-52a299fe9fec\",\"id\":0,\"userName\":null,\"displayName\":\"toto\",\"password\":\"$2a$10$U9qpjYgWdBnqsGjux934kuky3CVGEC.VBsxWybAezoy.nBOcbc7Im\",\"emailAddress\":\"toto1.toto@yahoo.fr\",\"avatar\":\"/images/avatar/avatar_default.png\",\"messages\":[],\"conversation\":[]}]}]}"}
2025-08-26 10:17:33 [pool-1-thread-6] INFO  org.server.Server - {"messageType":"USER_EXIT","payload":"{\"@json_id\":\"77b0b756-5aba-4e1e-b380-c9d6158c0726\",\"id\":3,\"userName\":null,\"displayName\":\"toto\",\"password\":\"$2a$10$QET0aBXPOZ.Qpfzbcyj22OtxUpPZRpQICEyTE4aVwUGzyK8rGVTjq\",\"emailAddress\":\"toto.toto@yahoo.fr\",\"avatar\":\"/images/avatar/avatar_default.png\",\"messages\":[],\"conversation\":[{\"@json_id\":\"fc791f3e-9b51-4c8d-9a80-db05d52fadff\",\"id\":14,\"messages\":[{\"@json_id\":\"f9c9f21a-2eb0-45de-be21-d4b8c88f97ed\",\"id\":13,\"time\":[2025,8,24,18,34,42,319695466],\"content\":\"test\",\"readStatuses\":[],\"sender\":null}],\"participants\":[{\"@json_id\":\"81fb05c2-9df3-4d2b-bdc8-6b412b730886\",\"id\":3,\"userName\":null,\"displayName\":\"toto\",\"password\":\"$2a$10$QET0aBXPOZ.Qpfzbcyj22OtxUpPZRpQICEyTE4aVwUGzyK8rGVTjq\",\"emailAddress\":\"toto.toto@yahoo.fr\",\"avatar\":\"/images/avatar/avatar_default.png\",\"messages\":[],\"conversation\":[]},{\"@json_id\":\"62dee161-69ea-4d9b-9c38-4b8fb9660450\",\"id\":0,\"userName\":null,\"displayName\":\"toto\",\"password\":\"$2a$10$U9qpjYgWdBnqsGjux934kuky3CVGEC.VBsxWybAezoy.nBOcbc7Im\",\"emailAddress\":\"toto1.toto@yahoo.fr\",\"avatar\":\"/images/avatar/avatar_default.png\",\"messages\":[],\"conversation\":[]}]}]}"}
2025-08-26 10:18:46 [pool-1-thread-7] INFO  org.server.Server - {"messageType":"USER_LOG_IN","payload":"{\"@json_id\":\"1051b45f-04b8-4c1a-944e-2e9cd5aa3649\",\"id\":null,\"userName\":null,\"displayName\":null,\"password\":\"toto\",\"emailAddress\":\"toto.toto@yahoo.fr\",\"avatar\":null,\"messages\":[],\"conversation\":[]}"}
2025-08-26 10:18:46 [pool-1-thread-7] INFO  org.neo4j.ogm.metadata.DomainInfo - Starting Post-processing phase
2025-08-26 10:18:46 [pool-1-thread-7] INFO  org.neo4j.ogm.metadata.DomainInfo - Building byLabel lookup maps
2025-08-26 10:18:46 [pool-1-thread-7] INFO  org.neo4j.ogm.metadata.DomainInfo - Building interface class map for 4 classes
2025-08-26 10:18:46 [pool-1-thread-7] INFO  org.neo4j.ogm.metadata.DomainInfo - Post-processing complete
2025-08-26 10:18:47 [pool-1-thread-7] INFO  o.n.o.drivers.bolt.driver.BoltDriver - Shutting down Bolt driver org.neo4j.driver.internal.InternalDriver@75718f 
2025-08-26 10:18:47 [pool-1-thread-7] INFO  org.server.action.UserAction - User connected !
2025-08-26 10:18:47 [pool-1-thread-7] INFO  org.server.Server - {"messageType":"CONVERSATION_DISPLAY","payload":"{\"@json_id\":\"15846f34-dac3-4e51-ae91-9a640243026d\",\"id\":3,\"userName\":null,\"displayName\":\"toto\",\"password\":\"$2a$10$QET0aBXPOZ.Qpfzbcyj22OtxUpPZRpQICEyTE4aVwUGzyK8rGVTjq\",\"emailAddress\":\"toto.toto@yahoo.fr\",\"avatar\":\"/images/avatar/avatar_default.png\",\"messages\":[],\"conversation\":[]}"}
2025-08-26 10:18:47 [pool-1-thread-7] INFO  org.neo4j.ogm.metadata.DomainInfo - Starting Post-processing phase
2025-08-26 10:18:47 [pool-1-thread-7] INFO  org.neo4j.ogm.metadata.DomainInfo - Building byLabel lookup maps
2025-08-26 10:18:47 [pool-1-thread-7] INFO  org.neo4j.ogm.metadata.DomainInfo - Building interface class map for 4 classes
2025-08-26 10:18:47 [pool-1-thread-7] INFO  org.neo4j.ogm.metadata.DomainInfo - Post-processing complete
2025-08-26 10:18:47 [pool-1-thread-7] INFO  o.n.o.drivers.bolt.driver.BoltDriver - Shutting down Bolt driver org.neo4j.driver.internal.InternalDriver@6f7fd0a1 
2025-08-26 10:18:47 [pool-1-thread-7] INFO  o.server.action.ConversationAction - Conversations found !
2025-08-26 10:18:47 [pool-1-thread-7] INFO  org.server.Server - {"messageType":"READ_TARGET_AVATAR","payload":"{\"@json_id\":\"d4400118-6aaf-44fd-bf8d-91f151749b5d\",\"id\":0,\"userName\":null,\"displayName\":\"toto\",\"password\":\"$2a$10$U9qpjYgWdBnqsGjux934kuky3CVGEC.VBsxWybAezoy.nBOcbc7Im\",\"emailAddress\":\"toto1.toto@yahoo.fr\",\"avatar\":\"/images/avatar/avatar_default.png\",\"messages\":[],\"conversation\":[]}"}
2025-08-26 10:18:52 [pool-1-thread-7] INFO  org.server.Server - {"messageType":"ONLINE_USERS_FETCH","payload":null}
2025-08-26 10:19:00 [pool-1-thread-7] INFO  org.server.Server - {"messageType":"USER_EXIT","payload":"{\"@json_id\":\"f6b2ea02-1998-4c0e-bebc-9ee18aebc505\",\"id\":3,\"userName\":null,\"displayName\":\"toto\",\"password\":\"$2a$10$QET0aBXPOZ.Qpfzbcyj22OtxUpPZRpQICEyTE4aVwUGzyK8rGVTjq\",\"emailAddress\":\"toto.toto@yahoo.fr\",\"avatar\":\"/images/avatar/avatar_default.png\",\"messages\":[],\"conversation\":[{\"@json_id\":\"8f64bea2-20ec-4b8a-b2f1-fc7c456eb9e4\",\"id\":14,\"messages\":[{\"@json_id\":\"85942b1b-1ae2-4ac6-9553-8754ae90ba99\",\"id\":13,\"time\":[2025,8,24,18,34,42,319695466],\"content\":\"test\",\"readStatuses\":[],\"sender\":null}],\"participants\":[{\"@json_id\":\"5b4b20bc-c365-4ea8-8529-bbed0ce84193\",\"id\":3,\"userName\":null,\"displayName\":\"toto\",\"password\":\"$2a$10$QET0aBXPOZ.Qpfzbcyj22OtxUpPZRpQICEyTE4aVwUGzyK8rGVTjq\",\"emailAddress\":\"toto.toto@yahoo.fr\",\"avatar\":\"/images/avatar/avatar_default.png\",\"messages\":[],\"conversation\":[]},{\"@json_id\":\"9b3fc903-05b8-4426-be20-36f10422f29a\",\"id\":0,\"userName\":null,\"displayName\":\"toto\",\"password\":\"$2a$10$U9qpjYgWdBnqsGjux934kuky3CVGEC.VBsxWybAezoy.nBOcbc7Im\",\"emailAddress\":\"toto1.toto@yahoo.fr\",\"avatar\":\"/images/avatar/avatar_default.png\",\"messages\":[],\"conversation\":[]}]}]}"}
2025-08-26 10:19:46 [pool-1-thread-7] INFO  org.server.Server - {"messageType":"USER_LOG_IN","payload":"{\"@json_id\":\"d9a776c3-79a1-4323-8e58-1cd7c5153461\",\"id\":null,\"userName\":null,\"displayName\":null,\"password\":\"toto\",\"emailAddress\":\"toto.toto@yahoo.fr\",\"avatar\":null,\"messages\":[],\"conversation\":[]}"}
2025-08-26 10:19:46 [pool-1-thread-7] INFO  org.neo4j.ogm.metadata.DomainInfo - Starting Post-processing phase
2025-08-26 10:19:46 [pool-1-thread-7] INFO  org.neo4j.ogm.metadata.DomainInfo - Building byLabel lookup maps
2025-08-26 10:19:46 [pool-1-thread-7] INFO  org.neo4j.ogm.metadata.DomainInfo - Building interface class map for 4 classes
2025-08-26 10:19:46 [pool-1-thread-7] INFO  org.neo4j.ogm.metadata.DomainInfo - Post-processing complete
2025-08-26 10:19:46 [pool-1-thread-7] INFO  o.n.o.drivers.bolt.driver.BoltDriver - Shutting down Bolt driver org.neo4j.driver.internal.InternalDriver@6804601 
2025-08-26 10:19:46 [pool-1-thread-7] INFO  org.server.action.UserAction - User connected !
2025-08-26 10:19:47 [pool-1-thread-7] INFO  org.server.Server - {"messageType":"CONVERSATION_DISPLAY","payload":"{\"@json_id\":\"a3cd0479-5ee4-4b21-8c45-e835c8b1228a\",\"id\":3,\"userName\":null,\"displayName\":\"toto\",\"password\":\"$2a$10$QET0aBXPOZ.Qpfzbcyj22OtxUpPZRpQICEyTE4aVwUGzyK8rGVTjq\",\"emailAddress\":\"toto.toto@yahoo.fr\",\"avatar\":\"/images/avatar/avatar_default.png\",\"messages\":[],\"conversation\":[]}"}
2025-08-26 10:19:47 [pool-1-thread-7] INFO  org.neo4j.ogm.metadata.DomainInfo - Starting Post-processing phase
2025-08-26 10:19:47 [pool-1-thread-7] INFO  org.neo4j.ogm.metadata.DomainInfo - Building byLabel lookup maps
2025-08-26 10:19:47 [pool-1-thread-7] INFO  org.neo4j.ogm.metadata.DomainInfo - Building interface class map for 4 classes
2025-08-26 10:19:47 [pool-1-thread-7] INFO  org.neo4j.ogm.metadata.DomainInfo - Post-processing complete
2025-08-26 10:19:47 [pool-1-thread-7] INFO  o.n.o.drivers.bolt.driver.BoltDriver - Shutting down Bolt driver org.neo4j.driver.internal.InternalDriver@42bb413b 
2025-08-26 10:19:47 [pool-1-thread-7] INFO  o.server.action.ConversationAction - Conversations found !
2025-08-26 10:19:47 [pool-1-thread-7] INFO  org.server.Server - {"messageType":"READ_TARGET_AVATAR","payload":"{\"@json_id\":\"da7d80a6-45e5-4d44-92fd-b5364694cdab\",\"id\":0,\"userName\":null,\"displayName\":\"toto\",\"password\":\"$2a$10$U9qpjYgWdBnqsGjux934kuky3CVGEC.VBsxWybAezoy.nBOcbc7Im\",\"emailAddress\":\"toto1.toto@yahoo.fr\",\"avatar\":\"/images/avatar/avatar_default.png\",\"messages\":[],\"conversation\":[]}"}
2025-08-26 10:19:51 [pool-1-thread-7] INFO  org.server.Server - {"messageType":"ONLINE_USERS_FETCH","payload":null}
2025-08-26 10:19:54 [pool-1-thread-7] INFO  org.server.Server - {"messageType":"USER_EXIT","payload":"{\"@json_id\":\"82525d33-78f1-4f7c-b9a5-60ada3065bd8\",\"id\":3,\"userName\":null,\"displayName\":\"toto\",\"password\":\"$2a$10$QET0aBXPOZ.Qpfzbcyj22OtxUpPZRpQICEyTE4aVwUGzyK8rGVTjq\",\"emailAddress\":\"toto.toto@yahoo.fr\",\"avatar\":\"/images/avatar/avatar_default.png\",\"messages\":[],\"conversation\":[{\"@json_id\":\"a454a1f2-7eb5-4e61-90be-f6ef76acf804\",\"id\":14,\"messages\":[{\"@json_id\":\"e654b117-21cd-47f1-8b3c-2dc56620f82f\",\"id\":13,\"time\":[2025,8,24,18,34,42,319695466],\"content\":\"test\",\"readStatuses\":[],\"sender\":null}],\"participants\":[{\"@json_id\":\"bf9e57fa-3f0c-461a-a921-ee95695bc074\",\"id\":3,\"userName\":null,\"displayName\":\"toto\",\"password\":\"$2a$10$QET0aBXPOZ.Qpfzbcyj22OtxUpPZRpQICEyTE4aVwUGzyK8rGVTjq\",\"emailAddress\":\"toto.toto@yahoo.fr\",\"avatar\":\"/images/avatar/avatar_default.png\",\"messages\":[],\"conversation\":[]},{\"@json_id\":\"16cd7ee1-fc2a-4bb8-b91c-f32399f761d3\",\"id\":0,\"userName\":null,\"displayName\":\"toto\",\"password\":\"$2a$10$U9qpjYgWdBnqsGjux934kuky3CVGEC.VBsxWybAezoy.nBOcbc7Im\",\"emailAddress\":\"toto1.toto@yahoo.fr\",\"avatar\":\"/images/avatar/avatar_default.png\",\"messages\":[],\"conversation\":[]}]}]}"}
2025-08-26 10:22:27 [pool-1-thread-8] INFO  org.server.Server - {"messageType":"USER_LOG_IN","payload":"{\"@json_id\":\"bf9e7127-0aad-4d4c-85fd-4fb4158a026d\",\"id\":null,\"userName\":null,\"displayName\":null,\"password\":\"toto\",\"emailAddress\":\"toto.toto@yahoo.fr\",\"avatar\":null,\"messages\":[],\"conversation\":[]}"}
2025-08-26 10:22:27 [pool-1-thread-8] INFO  org.neo4j.ogm.metadata.DomainInfo - Starting Post-processing phase
2025-08-26 10:22:27 [pool-1-thread-8] INFO  org.neo4j.ogm.metadata.DomainInfo - Building byLabel lookup maps
2025-08-26 10:22:27 [pool-1-thread-8] INFO  org.neo4j.ogm.metadata.DomainInfo - Building interface class map for 4 classes
2025-08-26 10:22:27 [pool-1-thread-8] INFO  org.neo4j.ogm.metadata.DomainInfo - Post-processing complete
2025-08-26 10:22:27 [pool-1-thread-8] INFO  o.n.o.drivers.bolt.driver.BoltDriver - Shutting down Bolt driver org.neo4j.driver.internal.InternalDriver@50c2a698 
2025-08-26 10:22:27 [pool-1-thread-8] INFO  org.server.action.UserAction - User connected !
2025-08-26 10:22:27 [pool-1-thread-8] INFO  org.server.Server - {"messageType":"CONVERSATION_DISPLAY","payload":"{\"@json_id\":\"7ff69f94-aa7d-4f98-9148-e3a70916e399\",\"id\":3,\"userName\":null,\"displayName\":\"toto\",\"password\":\"$2a$10$QET0aBXPOZ.Qpfzbcyj22OtxUpPZRpQICEyTE4aVwUGzyK8rGVTjq\",\"emailAddress\":\"toto.toto@yahoo.fr\",\"avatar\":\"/images/avatar/avatar_default.png\",\"messages\":[],\"conversation\":[]}"}
2025-08-26 10:22:27 [pool-1-thread-8] INFO  org.neo4j.ogm.metadata.DomainInfo - Starting Post-processing phase
2025-08-26 10:22:27 [pool-1-thread-8] INFO  org.neo4j.ogm.metadata.DomainInfo - Building byLabel lookup maps
2025-08-26 10:22:27 [pool-1-thread-8] INFO  org.neo4j.ogm.metadata.DomainInfo - Building interface class map for 4 classes
2025-08-26 10:22:27 [pool-1-thread-8] INFO  org.neo4j.ogm.metadata.DomainInfo - Post-processing complete
2025-08-26 10:22:27 [pool-1-thread-8] INFO  o.n.o.drivers.bolt.driver.BoltDriver - Shutting down Bolt driver org.neo4j.driver.internal.InternalDriver@6734dee3 
2025-08-26 10:22:27 [pool-1-thread-8] INFO  o.server.action.ConversationAction - Conversations found !
2025-08-26 10:22:27 [pool-1-thread-8] INFO  org.server.Server - {"messageType":"READ_TARGET_AVATAR","payload":"{\"@json_id\":\"860458ae-80be-4c2a-af37-e68d6aa567e2\",\"id\":0,\"userName\":null,\"displayName\":\"toto\",\"password\":\"$2a$10$U9qpjYgWdBnqsGjux934kuky3CVGEC.VBsxWybAezoy.nBOcbc7Im\",\"emailAddress\":\"toto1.toto@yahoo.fr\",\"avatar\":\"/images/avatar/avatar_default.png\",\"messages\":[],\"conversation\":[]}"}
2025-08-26 10:22:32 [pool-1-thread-8] INFO  org.server.Server - {"messageType":"ONLINE_USERS_FETCH","payload":null}
2025-08-26 10:22:39 [pool-1-thread-8] INFO  org.server.Server - {"messageType":"USER_EXIT","payload":"{\"@json_id\":\"8b7f0f31-9753-4c59-afd0-a31923504e6c\",\"id\":3,\"userName\":null,\"displayName\":\"toto\",\"password\":\"$2a$10$QET0aBXPOZ.Qpfzbcyj22OtxUpPZRpQICEyTE4aVwUGzyK8rGVTjq\",\"emailAddress\":\"toto.toto@yahoo.fr\",\"avatar\":\"/images/avatar/avatar_default.png\",\"messages\":[],\"conversation\":[{\"@json_id\":\"cd363ce2-56f7-474e-bb56-b833f2c54e8e\",\"id\":14,\"messages\":[{\"@json_id\":\"3cc8333d-29fa-465b-8350-fea91b5a2e1e\",\"id\":13,\"time\":[2025,8,24,18,34,42,319695466],\"content\":\"test\",\"readStatuses\":[],\"sender\":null}],\"participants\":[{\"@json_id\":\"fdbe267d-e054-4bc4-a2de-748a18556cd1\",\"id\":3,\"userName\":null,\"displayName\":\"toto\",\"password\":\"$2a$10$QET0aBXPOZ.Qpfzbcyj22OtxUpPZRpQICEyTE4aVwUGzyK8rGVTjq\",\"emailAddress\":\"toto.toto@yahoo.fr\",\"avatar\":\"/images/avatar/avatar_default.png\",\"messages\":[],\"conversation\":[]},{\"@json_id\":\"d24c1466-b476-48bb-ad28-eb09346eb12c\",\"id\":0,\"userName\":null,\"displayName\":\"toto\",\"password\":\"$2a$10$U9qpjYgWdBnqsGjux934kuky3CVGEC.VBsxWybAezoy.nBOcbc7Im\",\"emailAddress\":\"toto1.toto@yahoo.fr\",\"avatar\":\"/images/avatar/avatar_default.png\",\"messages\":[],\"conversation\":[]}]}]}"}
2025-08-26 10:22:45 [main] INFO  org.server.Server - Server started, waiting for clients...
2025-08-26 10:22:59 [pool-1-thread-1] INFO  org.server.Server - {"messageType":"USER_LOG_IN","payload":"{\"@json_id\":\"7570cd49-e37d-4f71-b0e4-73f3fd02f7be\",\"id\":null,\"userName\":null,\"displayName\":null,\"password\":\"toto\",\"emailAddress\":\"toto.toto@yahoo.fr\",\"avatar\":null,\"messages\":[],\"conversation\":[]}"}
2025-08-26 10:22:59 [pool-1-thread-1] INFO  org.neo4j.ogm.metadata.DomainInfo - Starting Post-processing phase
2025-08-26 10:22:59 [pool-1-thread-1] INFO  org.neo4j.ogm.metadata.DomainInfo - Building byLabel lookup maps
2025-08-26 10:22:59 [pool-1-thread-1] INFO  org.neo4j.ogm.metadata.DomainInfo - Building interface class map for 4 classes
2025-08-26 10:22:59 [pool-1-thread-1] INFO  org.neo4j.ogm.metadata.DomainInfo - Post-processing complete
2025-08-26 10:23:00 [pool-1-thread-1] INFO  o.n.o.drivers.bolt.driver.BoltDriver - Shutting down Bolt driver org.neo4j.driver.internal.InternalDriver@7e671f8e 
2025-08-26 10:23:00 [pool-1-thread-1] INFO  org.server.action.UserAction - User connected !
2025-08-26 10:23:00 [pool-1-thread-1] INFO  org.server.Server - {"messageType":"CONVERSATION_DISPLAY","payload":"{\"@json_id\":\"1641501d-c67f-48fb-9830-7a86acff8836\",\"id\":3,\"userName\":null,\"displayName\":\"toto\",\"password\":\"$2a$10$QET0aBXPOZ.Qpfzbcyj22OtxUpPZRpQICEyTE4aVwUGzyK8rGVTjq\",\"emailAddress\":\"toto.toto@yahoo.fr\",\"avatar\":\"/images/avatar/avatar_default.png\",\"messages\":[],\"conversation\":[]}"}
2025-08-26 10:23:00 [pool-1-thread-1] INFO  org.neo4j.ogm.metadata.DomainInfo - Starting Post-processing phase
2025-08-26 10:23:00 [pool-1-thread-1] INFO  org.neo4j.ogm.metadata.DomainInfo - Building byLabel lookup maps
2025-08-26 10:23:00 [pool-1-thread-1] INFO  org.neo4j.ogm.metadata.DomainInfo - Building interface class map for 4 classes
2025-08-26 10:23:00 [pool-1-thread-1] INFO  org.neo4j.ogm.metadata.DomainInfo - Post-processing complete
2025-08-26 10:23:00 [pool-1-thread-1] INFO  o.n.o.drivers.bolt.driver.BoltDriver - Shutting down Bolt driver org.neo4j.driver.internal.InternalDriver@1a56ab26 
2025-08-26 10:23:00 [pool-1-thread-1] INFO  o.server.action.ConversationAction - Conversations found !
2025-08-26 10:23:00 [pool-1-thread-1] INFO  org.server.Server - {"messageType":"READ_TARGET_AVATAR","payload":"{\"@json_id\":\"b2bad2e8-b57e-49c2-b513-3f1f44ae2db8\",\"id\":0,\"userName\":null,\"displayName\":\"toto\",\"password\":\"$2a$10$U9qpjYgWdBnqsGjux934kuky3CVGEC.VBsxWybAezoy.nBOcbc7Im\",\"emailAddress\":\"toto1.toto@yahoo.fr\",\"avatar\":\"/images/avatar/avatar_default.png\",\"messages\":[],\"conversation\":[]}"}
2025-08-26 10:23:05 [pool-1-thread-1] INFO  org.server.Server - {"messageType":"ONLINE_USERS_FETCH","payload":null}
2025-08-26 10:23:15 [pool-1-thread-1] INFO  org.server.Server - {"messageType":"ONLINE_USERS_FETCH","payload":null}
2025-08-26 10:23:24 [pool-1-thread-2] INFO  org.server.Server - {"messageType":"USER_LOG_IN","payload":"{\"@json_id\":\"d2124e27-b11c-4298-9609-424eab54c82e\",\"id\":null,\"userName\":null,\"displayName\":null,\"password\":\"toto\",\"emailAddress\":\"toto1.toto@yahoo.fr\",\"avatar\":null,\"messages\":[],\"conversation\":[]}"}
2025-08-26 10:23:24 [pool-1-thread-2] INFO  org.neo4j.ogm.metadata.DomainInfo - Starting Post-processing phase
2025-08-26 10:23:24 [pool-1-thread-2] INFO  org.neo4j.ogm.metadata.DomainInfo - Building byLabel lookup maps
2025-08-26 10:23:24 [pool-1-thread-2] INFO  org.neo4j.ogm.metadata.DomainInfo - Building interface class map for 4 classes
2025-08-26 10:23:24 [pool-1-thread-2] INFO  org.neo4j.ogm.metadata.DomainInfo - Post-processing complete
2025-08-26 10:23:24 [pool-1-thread-2] INFO  o.n.o.drivers.bolt.driver.BoltDriver - Shutting down Bolt driver org.neo4j.driver.internal.InternalDriver@dd73597 
2025-08-26 10:23:24 [pool-1-thread-2] INFO  org.server.action.UserAction - User connected !
2025-08-26 10:23:24 [pool-1-thread-2] INFO  org.server.Server - {"messageType":"CONVERSATION_DISPLAY","payload":"{\"@json_id\":\"bb8a502f-646a-4a51-bb5e-3158ac9defc4\",\"id\":0,\"userName\":null,\"displayName\":\"toto\",\"password\":\"$2a$10$U9qpjYgWdBnqsGjux934kuky3CVGEC.VBsxWybAezoy.nBOcbc7Im\",\"emailAddress\":\"toto1.toto@yahoo.fr\",\"avatar\":\"/images/avatar/avatar_default.png\",\"messages\":[],\"conversation\":[]}"}
2025-08-26 10:23:24 [pool-1-thread-2] INFO  org.neo4j.ogm.metadata.DomainInfo - Starting Post-processing phase
2025-08-26 10:23:24 [pool-1-thread-2] INFO  org.neo4j.ogm.metadata.DomainInfo - Building byLabel lookup maps
2025-08-26 10:23:24 [pool-1-thread-2] INFO  org.neo4j.ogm.metadata.DomainInfo - Building interface class map for 4 classes
2025-08-26 10:23:25 [pool-1-thread-2] INFO  org.neo4j.ogm.metadata.DomainInfo - Post-processing complete
2025-08-26 10:23:25 [pool-1-thread-2] INFO  o.n.o.drivers.bolt.driver.BoltDriver - Shutting down Bolt driver org.neo4j.driver.internal.InternalDriver@37df57c 
2025-08-26 10:23:25 [pool-1-thread-2] INFO  o.server.action.ConversationAction - Conversations found !
2025-08-26 10:23:25 [pool-1-thread-2] INFO  org.server.Server - {"messageType":"READ_TARGET_AVATAR","payload":"{\"@json_id\":\"e5edf78b-6f69-4ebd-bcd8-1c8d154ba264\",\"id\":3,\"userName\":null,\"displayName\":\"toto\",\"password\":\"$2a$10$QET0aBXPOZ.Qpfzbcyj22OtxUpPZRpQICEyTE4aVwUGzyK8rGVTjq\",\"emailAddress\":\"toto.toto@yahoo.fr\",\"avatar\":\"/images/avatar/avatar_default.png\",\"messages\":[],\"conversation\":[]}"}
2025-08-26 10:23:25 [pool-1-thread-1] INFO  org.server.Server - {"messageType":"ONLINE_USERS_FETCH","payload":null}
2025-08-26 10:23:29 [pool-1-thread-2] INFO  org.server.Server - {"messageType":"ONLINE_USERS_FETCH","payload":null}
2025-08-26 10:23:31 [pool-1-thread-2] INFO  org.server.Server - {"messageType":"USER_EXIT","payload":"{\"@json_id\":\"9224be30-b374-44ad-92a4-dfb002311cad\",\"id\":0,\"userName\":null,\"displayName\":\"toto\",\"password\":\"$2a$10$U9qpjYgWdBnqsGjux934kuky3CVGEC.VBsxWybAezoy.nBOcbc7Im\",\"emailAddress\":\"toto1.toto@yahoo.fr\",\"avatar\":\"/images/avatar/avatar_default.png\",\"messages\":[],\"conversation\":[{\"@json_id\":\"081846b2-f356-4ad9-842d-2011754ed3ae\",\"id\":14,\"messages\":[{\"@json_id\":\"9981a3f4-298a-4784-a373-62556dfc3865\",\"id\":13,\"time\":[2025,8,24,18,34,42,319695466],\"content\":\"test\",\"readStatuses\":[],\"sender\":null}],\"participants\":[{\"@json_id\":\"f4cae590-51f6-46e1-8f88-80fd3c109406\",\"id\":3,\"userName\":null,\"displayName\":\"toto\",\"password\":\"$2a$10$QET0aBXPOZ.Qpfzbcyj22OtxUpPZRpQICEyTE4aVwUGzyK8rGVTjq\",\"emailAddress\":\"toto.toto@yahoo.fr\",\"avatar\":\"/images/avatar/avatar_default.png\",\"messages\":[],\"conversation\":[]},{\"@json_id\":\"99a4f426-020b-4c0d-a14c-3b396a77d8a7\",\"id\":0,\"userName\":null,\"displayName\":\"toto\",\"password\":\"$2a$10$U9qpjYgWdBnqsGjux934kuky3CVGEC.VBsxWybAezoy.nBOcbc7Im\",\"emailAddress\":\"toto1.toto@yahoo.fr\",\"avatar\":\"/images/avatar/avatar_default.png\",\"messages\":[],\"conversation\":[]}]}]}"}
2025-08-26 10:23:32 [pool-1-thread-1] INFO  org.server.Server - {"messageType":"USER_EXIT","payload":"{\"@json_id\":\"34bdd937-7b48-45b7-bd10-3f220a7e52f7\",\"id\":3,\"userName\":null,\"displayName\":\"toto\",\"password\":\"$2a$10$QET0aBXPOZ.Qpfzbcyj22OtxUpPZRpQICEyTE4aVwUGzyK8rGVTjq\",\"emailAddress\":\"toto.toto@yahoo.fr\",\"avatar\":\"/images/avatar/avatar_default.png\",\"messages\":[],\"conversation\":[{\"@json_id\":\"f649db91-e882-4f89-bdcc-80579b903fa2\",\"id\":14,\"messages\":[{\"@json_id\":\"f3b7136e-6a23-4097-8abd-147646a1ec0f\",\"id\":13,\"time\":[2025,8,24,18,34,42,319695466],\"content\":\"test\",\"readStatuses\":[],\"sender\":null}],\"participants\":[{\"@json_id\":\"ef5ad4bf-75e2-435b-a933-d6a910c49385\",\"id\":3,\"userName\":null,\"displayName\":\"toto\",\"password\":\"$2a$10$QET0aBXPOZ.Qpfzbcyj22OtxUpPZRpQICEyTE4aVwUGzyK8rGVTjq\",\"emailAddress\":\"toto.toto@yahoo.fr\",\"avatar\":\"/images/avatar/avatar_default.png\",\"messages\":[],\"conversation\":[]},{\"@json_id\":\"bac7d8b9-08b6-459a-baf9-450b3ff494ec\",\"id\":0,\"userName\":null,\"displayName\":\"toto\",\"password\":\"$2a$10$U9qpjYgWdBnqsGjux934kuky3CVGEC.VBsxWybAezoy.nBOcbc7Im\",\"emailAddress\":\"toto1.toto@yahoo.fr\",\"avatar\":\"/images/avatar/avatar_default.png\",\"messages\":[],\"conversation\":[]}]}]}"}
2025-08-26 10:24:28 [pool-1-thread-1] INFO  org.server.Server - {"messageType":"USER_LOG_IN","payload":"{\"@json_id\":\"d507e919-c722-4554-b330-4d3b627ba34c\",\"id\":null,\"userName\":null,\"displayName\":null,\"password\":\"toto\",\"emailAddress\":\"toto1.toto@yahoo.fr\",\"avatar\":null,\"messages\":[],\"conversation\":[]}"}
2025-08-26 10:24:28 [pool-1-thread-1] INFO  org.neo4j.ogm.metadata.DomainInfo - Starting Post-processing phase
2025-08-26 10:24:28 [pool-1-thread-1] INFO  org.neo4j.ogm.metadata.DomainInfo - Building byLabel lookup maps
2025-08-26 10:24:28 [pool-1-thread-1] INFO  org.neo4j.ogm.metadata.DomainInfo - Building interface class map for 4 classes
2025-08-26 10:24:28 [pool-1-thread-1] INFO  org.neo4j.ogm.metadata.DomainInfo - Post-processing complete
2025-08-26 10:24:28 [pool-1-thread-1] INFO  o.n.o.drivers.bolt.driver.BoltDriver - Shutting down Bolt driver org.neo4j.driver.internal.InternalDriver@622d4894 
2025-08-26 10:24:28 [pool-1-thread-1] INFO  org.server.action.UserAction - User connected !
2025-08-26 10:24:28 [pool-1-thread-1] INFO  org.server.Server - {"messageType":"CONVERSATION_DISPLAY","payload":"{\"@json_id\":\"9b08fad3-952c-4a57-8644-c86d5edf14cc\",\"id\":0,\"userName\":null,\"displayName\":\"toto\",\"password\":\"$2a$10$U9qpjYgWdBnqsGjux934kuky3CVGEC.VBsxWybAezoy.nBOcbc7Im\",\"emailAddress\":\"toto1.toto@yahoo.fr\",\"avatar\":\"/images/avatar/avatar_default.png\",\"messages\":[],\"conversation\":[]}"}
2025-08-26 10:24:28 [pool-1-thread-1] INFO  org.neo4j.ogm.metadata.DomainInfo - Starting Post-processing phase
2025-08-26 10:24:28 [pool-1-thread-1] INFO  org.neo4j.ogm.metadata.DomainInfo - Building byLabel lookup maps
2025-08-26 10:24:28 [pool-1-thread-1] INFO  org.neo4j.ogm.metadata.DomainInfo - Building interface class map for 4 classes
2025-08-26 10:24:28 [pool-1-thread-1] INFO  org.neo4j.ogm.metadata.DomainInfo - Post-processing complete
2025-08-26 10:24:28 [pool-1-thread-1] INFO  o.n.o.drivers.bolt.driver.BoltDriver - Shutting down Bolt driver org.neo4j.driver.internal.InternalDriver@72dc518a 
2025-08-26 10:24:28 [pool-1-thread-1] INFO  o.server.action.ConversationAction - Conversations found !
2025-08-26 10:24:28 [pool-1-thread-1] INFO  org.server.Server - {"messageType":"READ_TARGET_AVATAR","payload":"{\"@json_id\":\"20ba72d5-f2ee-445a-a63a-ad7eabaf2829\",\"id\":3,\"userName\":null,\"displayName\":\"toto\",\"password\":\"$2a$10$QET0aBXPOZ.Qpfzbcyj22OtxUpPZRpQICEyTE4aVwUGzyK8rGVTjq\",\"emailAddress\":\"toto.toto@yahoo.fr\",\"avatar\":\"/images/avatar/avatar_default.png\",\"messages\":[],\"conversation\":[]}"}
2025-08-26 10:24:33 [pool-1-thread-1] INFO  org.server.Server - {"messageType":"ONLINE_USERS_FETCH","payload":null}
2025-08-26 10:24:42 [pool-1-thread-1] INFO  org.server.Server - {"messageType":"USER_EXIT","payload":"{\"@json_id\":\"e45bf09a-fe79-42af-8033-99feb6f55ec1\",\"id\":0,\"userName\":null,\"displayName\":\"toto\",\"password\":\"$2a$10$U9qpjYgWdBnqsGjux934kuky3CVGEC.VBsxWybAezoy.nBOcbc7Im\",\"emailAddress\":\"toto1.toto@yahoo.fr\",\"avatar\":\"/images/avatar/avatar_default.png\",\"messages\":[],\"conversation\":[{\"@json_id\":\"c766f0e3-48e5-45a2-b683-15eec49a47dc\",\"id\":14,\"messages\":[{\"@json_id\":\"0aa9324d-3ff6-4212-b91a-ff2691c0eb7c\",\"id\":13,\"time\":[2025,8,24,18,34,42,319695466],\"content\":\"test\",\"readStatuses\":[],\"sender\":null}],\"participants\":[{\"@json_id\":\"d7fb45a2-fa16-43ac-aa06-7f4fff8ba2f8\",\"id\":0,\"userName\":null,\"displayName\":\"toto\",\"password\":\"$2a$10$U9qpjYgWdBnqsGjux934kuky3CVGEC.VBsxWybAezoy.nBOcbc7Im\",\"emailAddress\":\"toto1.toto@yahoo.fr\",\"avatar\":\"/images/avatar/avatar_default.png\",\"messages\":[],\"conversation\":[]},{\"@json_id\":\"7cf1681b-4685-4e5f-895d-d8ae14fbb4d0\",\"id\":3,\"userName\":null,\"displayName\":\"toto\",\"password\":\"$2a$10$QET0aBXPOZ.Qpfzbcyj22OtxUpPZRpQICEyTE4aVwUGzyK8rGVTjq\",\"emailAddress\":\"toto.toto@yahoo.fr\",\"avatar\":\"/images/avatar/avatar_default.png\",\"messages\":[],\"conversation\":[]}]}]}"}
2025-08-26 10:28:29 [pool-1-thread-4] INFO  org.server.Server - {"messageType":"USER_LOG_IN","payload":"{\"@json_id\":\"0d06bc00-2b12-4ef4-89ae-98580fc47467\",\"id\":null,\"userName\":null,\"displayName\":null,\"password\":\"toto\",\"emailAddress\":\"toto.toto@yahoo.fr\",\"avatar\":null,\"messages\":[],\"conversation\":[]}"}
2025-08-26 10:28:29 [pool-1-thread-4] INFO  org.neo4j.ogm.metadata.DomainInfo - Starting Post-processing phase
2025-08-26 10:28:29 [pool-1-thread-4] INFO  org.neo4j.ogm.metadata.DomainInfo - Building byLabel lookup maps
2025-08-26 10:28:29 [pool-1-thread-4] INFO  org.neo4j.ogm.metadata.DomainInfo - Building interface class map for 4 classes
2025-08-26 10:28:29 [pool-1-thread-4] INFO  org.neo4j.ogm.metadata.DomainInfo - Post-processing complete
2025-08-26 10:28:29 [pool-1-thread-4] INFO  o.n.o.drivers.bolt.driver.BoltDriver - Shutting down Bolt driver org.neo4j.driver.internal.InternalDriver@72193f44 
2025-08-26 10:28:29 [pool-1-thread-4] INFO  org.server.action.UserAction - User connected !
2025-08-26 10:28:29 [pool-1-thread-4] INFO  org.server.Server - {"messageType":"CONVERSATION_DISPLAY","payload":"{\"@json_id\":\"a4c69236-90ee-410c-b5bc-47d40b889972\",\"id\":3,\"userName\":null,\"displayName\":\"toto\",\"password\":\"$2a$10$QET0aBXPOZ.Qpfzbcyj22OtxUpPZRpQICEyTE4aVwUGzyK8rGVTjq\",\"emailAddress\":\"toto.toto@yahoo.fr\",\"avatar\":\"/images/avatar/avatar_default.png\",\"messages\":[],\"conversation\":[]}"}
2025-08-26 10:28:29 [pool-1-thread-4] INFO  org.neo4j.ogm.metadata.DomainInfo - Starting Post-processing phase
2025-08-26 10:28:29 [pool-1-thread-4] INFO  org.neo4j.ogm.metadata.DomainInfo - Building byLabel lookup maps
2025-08-26 10:28:29 [pool-1-thread-4] INFO  org.neo4j.ogm.metadata.DomainInfo - Building interface class map for 4 classes
2025-08-26 10:28:29 [pool-1-thread-4] INFO  org.neo4j.ogm.metadata.DomainInfo - Post-processing complete
2025-08-26 10:28:29 [pool-1-thread-4] INFO  o.n.o.drivers.bolt.driver.BoltDriver - Shutting down Bolt driver org.neo4j.driver.internal.InternalDriver@4d79f7a7 
2025-08-26 10:28:30 [pool-1-thread-4] INFO  o.server.action.ConversationAction - Conversations found !
2025-08-26 10:28:30 [pool-1-thread-4] INFO  org.server.Server - {"messageType":"READ_TARGET_AVATAR","payload":"{\"@json_id\":\"c6537c42-4b99-4529-b4ca-fd09fa1540fc\",\"id\":0,\"userName\":null,\"displayName\":\"toto\",\"password\":\"$2a$10$U9qpjYgWdBnqsGjux934kuky3CVGEC.VBsxWybAezoy.nBOcbc7Im\",\"emailAddress\":\"toto1.toto@yahoo.fr\",\"avatar\":\"/images/avatar/avatar_default.png\",\"messages\":[],\"conversation\":[]}"}
2025-08-26 10:28:34 [pool-1-thread-4] INFO  org.server.Server - {"messageType":"ONLINE_USERS_FETCH","payload":null}
2025-08-26 10:28:39 [pool-1-thread-4] INFO  org.server.Server - {"messageType":"USER_EXIT","payload":"{\"@json_id\":\"9084fa2f-92d9-4938-b7ed-61ce17f51f0b\",\"id\":3,\"userName\":null,\"displayName\":\"toto\",\"password\":\"$2a$10$QET0aBXPOZ.Qpfzbcyj22OtxUpPZRpQICEyTE4aVwUGzyK8rGVTjq\",\"emailAddress\":\"toto.toto@yahoo.fr\",\"avatar\":\"/images/avatar/avatar_default.png\",\"messages\":[],\"conversation\":[{\"@json_id\":\"fc5528c7-0f1e-4049-8f8d-78d1d1310551\",\"id\":14,\"messages\":[{\"@json_id\":\"26885c52-aaee-4fe5-a39d-495a394514d2\",\"id\":13,\"time\":[2025,8,24,18,34,42,319695466],\"content\":\"test\",\"readStatuses\":[],\"sender\":null}],\"participants\":[{\"@json_id\":\"e92e8223-1322-41bb-9abb-2f9f1f63123c\",\"id\":3,\"userName\":null,\"displayName\":\"toto\",\"password\":\"$2a$10$QET0aBXPOZ.Qpfzbcyj22OtxUpPZRpQICEyTE4aVwUGzyK8rGVTjq\",\"emailAddress\":\"toto.toto@yahoo.fr\",\"avatar\":\"/images/avatar/avatar_default.png\",\"messages\":[],\"conversation\":[]},{\"@json_id\":\"21414bfe-b69a-4e80-a5cd-4498fb967ee8\",\"id\":0,\"userName\":null,\"displayName\":\"toto\",\"password\":\"$2a$10$U9qpjYgWdBnqsGjux934kuky3CVGEC.VBsxWybAezoy.nBOcbc7Im\",\"emailAddress\":\"toto1.toto@yahoo.fr\",\"avatar\":\"/images/avatar/avatar_default.png\",\"messages\":[],\"conversation\":[]}]}]}"}
2025-08-26 10:30:24 [pool-1-thread-5] INFO  org.server.Server - {"messageType":"USER_LOG_IN","payload":"{\"@json_id\":\"fb610394-dc33-42c6-9c04-3b1e70327cbb\",\"id\":null,\"userName\":null,\"displayName\":null,\"password\":\"toto\",\"emailAddress\":\"toto.toto@yahoo.fr\",\"avatar\":null,\"messages\":[],\"conversation\":[]}"}
2025-08-26 10:30:24 [pool-1-thread-5] INFO  org.neo4j.ogm.metadata.DomainInfo - Starting Post-processing phase
2025-08-26 10:30:24 [pool-1-thread-5] INFO  org.neo4j.ogm.metadata.DomainInfo - Building byLabel lookup maps
2025-08-26 10:30:24 [pool-1-thread-5] INFO  org.neo4j.ogm.metadata.DomainInfo - Building interface class map for 4 classes
2025-08-26 10:30:24 [pool-1-thread-5] INFO  org.neo4j.ogm.metadata.DomainInfo - Post-processing complete
2025-08-26 10:30:24 [pool-1-thread-5] INFO  o.n.o.drivers.bolt.driver.BoltDriver - Shutting down Bolt driver org.neo4j.driver.internal.InternalDriver@5741616b 
2025-08-26 10:30:24 [pool-1-thread-5] INFO  org.server.action.UserAction - User connected !
2025-08-26 10:30:24 [pool-1-thread-5] INFO  org.server.Server - {"messageType":"CONVERSATION_DISPLAY","payload":"{\"@json_id\":\"e611388d-6bb6-4c8f-9017-f70da4ade337\",\"id\":3,\"userName\":null,\"displayName\":\"toto\",\"password\":\"$2a$10$QET0aBXPOZ.Qpfzbcyj22OtxUpPZRpQICEyTE4aVwUGzyK8rGVTjq\",\"emailAddress\":\"toto.toto@yahoo.fr\",\"avatar\":\"/images/avatar/avatar_default.png\",\"messages\":[],\"conversation\":[]}"}
2025-08-26 10:30:24 [pool-1-thread-5] INFO  org.neo4j.ogm.metadata.DomainInfo - Starting Post-processing phase
2025-08-26 10:30:24 [pool-1-thread-5] INFO  org.neo4j.ogm.metadata.DomainInfo - Building byLabel lookup maps
2025-08-26 10:30:24 [pool-1-thread-5] INFO  org.neo4j.ogm.metadata.DomainInfo - Building interface class map for 4 classes
2025-08-26 10:30:24 [pool-1-thread-5] INFO  org.neo4j.ogm.metadata.DomainInfo - Post-processing complete
2025-08-26 10:30:24 [pool-1-thread-5] INFO  o.n.o.drivers.bolt.driver.BoltDriver - Shutting down Bolt driver org.neo4j.driver.internal.InternalDriver@1dbb1d36 
2025-08-26 10:30:24 [pool-1-thread-5] INFO  o.server.action.ConversationAction - Conversations found !
2025-08-26 10:30:24 [pool-1-thread-5] INFO  org.server.Server - {"messageType":"READ_TARGET_AVATAR","payload":"{\"@json_id\":\"1aed7d56-5aa8-4a3c-a4ba-1e5ab0db4ff4\",\"id\":0,\"userName\":null,\"displayName\":\"toto\",\"password\":\"$2a$10$U9qpjYgWdBnqsGjux934kuky3CVGEC.VBsxWybAezoy.nBOcbc7Im\",\"emailAddress\":\"toto1.toto@yahoo.fr\",\"avatar\":\"/images/avatar/avatar_default.png\",\"messages\":[],\"conversation\":[]}"}
2025-08-26 10:30:29 [pool-1-thread-5] INFO  org.server.Server - {"messageType":"ONLINE_USERS_FETCH","payload":null}
2025-08-26 10:30:39 [pool-1-thread-5] INFO  org.server.Server - {"messageType":"ONLINE_USERS_FETCH","payload":null}
2025-08-26 10:30:49 [pool-1-thread-5] INFO  org.server.Server - {"messageType":"ONLINE_USERS_FETCH","payload":null}
2025-08-26 10:30:55 [pool-1-thread-5] INFO  org.server.Server - {"messageType":"USER_EXIT","payload":"{\"@json_id\":\"5529f649-0be1-4883-8a27-2f47c0993299\",\"id\":3,\"userName\":null,\"displayName\":\"toto\",\"password\":\"$2a$10$QET0aBXPOZ.Qpfzbcyj22OtxUpPZRpQICEyTE4aVwUGzyK8rGVTjq\",\"emailAddress\":\"toto.toto@yahoo.fr\",\"avatar\":\"/images/avatar/avatar_default.png\",\"messages\":[],\"conversation\":[{\"@json_id\":\"001eb9dc-bbe7-4e27-a5d6-1369e332397b\",\"id\":14,\"messages\":[{\"@json_id\":\"e3b74766-00fa-4742-b2b7-20fee655e964\",\"id\":13,\"time\":[2025,8,24,18,34,42,319695466],\"content\":\"test\",\"readStatuses\":[],\"sender\":null}],\"participants\":[{\"@json_id\":\"2b4ce291-f86a-4550-8f9c-62d66cddbbc1\",\"id\":0,\"userName\":null,\"displayName\":\"toto\",\"password\":\"$2a$10$U9qpjYgWdBnqsGjux934kuky3CVGEC.VBsxWybAezoy.nBOcbc7Im\",\"emailAddress\":\"toto1.toto@yahoo.fr\",\"avatar\":\"/images/avatar/avatar_default.png\",\"messages\":[],\"conversation\":[]},{\"@json_id\":\"0496518e-104e-4db7-9a4a-5da91b57e169\",\"id\":3,\"userName\":null,\"displayName\":\"toto\",\"password\":\"$2a$10$QET0aBXPOZ.Qpfzbcyj22OtxUpPZRpQICEyTE4aVwUGzyK8rGVTjq\",\"emailAddress\":\"toto.toto@yahoo.fr\",\"avatar\":\"/images/avatar/avatar_default.png\",\"messages\":[],\"conversation\":[]}]}]}"}
2025-08-26 10:32:20 [pool-1-thread-6] INFO  org.server.Server - {"messageType":"USER_LOG_IN","payload":"{\"@json_id\":\"234347aa-d8bd-4cc7-9de5-4cde3f34c145\",\"id\":null,\"userName\":null,\"displayName\":null,\"password\":\"toto\",\"emailAddress\":\"toto.toto@yahoo.fr\",\"avatar\":null,\"messages\":[],\"conversation\":[]}"}
2025-08-26 10:32:20 [pool-1-thread-6] INFO  org.neo4j.ogm.metadata.DomainInfo - Starting Post-processing phase
2025-08-26 10:32:20 [pool-1-thread-6] INFO  org.neo4j.ogm.metadata.DomainInfo - Building byLabel lookup maps
2025-08-26 10:32:20 [pool-1-thread-6] INFO  org.neo4j.ogm.metadata.DomainInfo - Building interface class map for 4 classes
2025-08-26 10:32:20 [pool-1-thread-6] INFO  org.neo4j.ogm.metadata.DomainInfo - Post-processing complete
2025-08-26 10:32:20 [pool-1-thread-6] INFO  o.n.o.drivers.bolt.driver.BoltDriver - Shutting down Bolt driver org.neo4j.driver.internal.InternalDriver@634622ed 
2025-08-26 10:32:20 [pool-1-thread-6] INFO  org.server.action.UserAction - User connected !
2025-08-26 10:32:21 [pool-1-thread-6] INFO  org.server.Server - {"messageType":"CONVERSATION_DISPLAY","payload":"{\"@json_id\":\"ce02cf98-8dca-49fc-a50e-59c8c580393b\",\"id\":3,\"userName\":null,\"displayName\":\"toto\",\"password\":\"$2a$10$QET0aBXPOZ.Qpfzbcyj22OtxUpPZRpQICEyTE4aVwUGzyK8rGVTjq\",\"emailAddress\":\"toto.toto@yahoo.fr\",\"avatar\":\"/images/avatar/avatar_default.png\",\"messages\":[],\"conversation\":[]}"}
2025-08-26 10:32:21 [pool-1-thread-6] INFO  org.neo4j.ogm.metadata.DomainInfo - Starting Post-processing phase
2025-08-26 10:32:21 [pool-1-thread-6] INFO  org.neo4j.ogm.metadata.DomainInfo - Building byLabel lookup maps
2025-08-26 10:32:21 [pool-1-thread-6] INFO  org.neo4j.ogm.metadata.DomainInfo - Building interface class map for 4 classes
2025-08-26 10:32:21 [pool-1-thread-6] INFO  org.neo4j.ogm.metadata.DomainInfo - Post-processing complete
2025-08-26 10:32:21 [pool-1-thread-6] INFO  o.n.o.drivers.bolt.driver.BoltDriver - Shutting down Bolt driver org.neo4j.driver.internal.InternalDriver@3754888a 
2025-08-26 10:32:21 [pool-1-thread-6] INFO  o.server.action.ConversationAction - Conversations found !
2025-08-26 10:32:21 [pool-1-thread-6] INFO  org.server.Server - {"messageType":"READ_TARGET_AVATAR","payload":"{\"@json_id\":\"4d21f4bd-6d18-406c-b8cc-2d5f04247293\",\"id\":0,\"userName\":null,\"displayName\":\"toto\",\"password\":\"$2a$10$U9qpjYgWdBnqsGjux934kuky3CVGEC.VBsxWybAezoy.nBOcbc7Im\",\"emailAddress\":\"toto1.toto@yahoo.fr\",\"avatar\":\"/images/avatar/avatar_default.png\",\"messages\":[],\"conversation\":[]}"}
2025-08-26 10:32:26 [pool-1-thread-6] INFO  org.server.Server - {"messageType":"ONLINE_USERS_FETCH","payload":null}
2025-08-26 10:32:29 [pool-1-thread-6] INFO  org.server.Server - {"messageType":"USER_EXIT","payload":"{\"@json_id\":\"f53de081-9a11-4a0c-a67a-4e0919a06efa\",\"id\":3,\"userName\":null,\"displayName\":\"toto\",\"password\":\"$2a$10$QET0aBXPOZ.Qpfzbcyj22OtxUpPZRpQICEyTE4aVwUGzyK8rGVTjq\",\"emailAddress\":\"toto.toto@yahoo.fr\",\"avatar\":\"/images/avatar/avatar_default.png\",\"messages\":[],\"conversation\":[{\"@json_id\":\"eebdfe2f-1125-42f0-a0e6-89050f3280fe\",\"id\":14,\"messages\":[{\"@json_id\":\"d2990865-a5d4-4f27-8a01-49d1003efdba\",\"id\":13,\"time\":[2025,8,24,18,34,42,319695466],\"content\":\"test\",\"readStatuses\":[],\"sender\":null}],\"participants\":[{\"@json_id\":\"46776e34-7234-4403-8c35-76918a821ff1\",\"id\":0,\"userName\":null,\"displayName\":\"toto\",\"password\":\"$2a$10$U9qpjYgWdBnqsGjux934kuky3CVGEC.VBsxWybAezoy.nBOcbc7Im\",\"emailAddress\":\"toto1.toto@yahoo.fr\",\"avatar\":\"/images/avatar/avatar_default.png\",\"messages\":[],\"conversation\":[]},{\"@json_id\":\"09b5e4e7-6bc7-47f3-803d-c602045aaf11\",\"id\":3,\"userName\":null,\"displayName\":\"toto\",\"password\":\"$2a$10$QET0aBXPOZ.Qpfzbcyj22OtxUpPZRpQICEyTE4aVwUGzyK8rGVTjq\",\"emailAddress\":\"toto.toto@yahoo.fr\",\"avatar\":\"/images/avatar/avatar_default.png\",\"messages\":[],\"conversation\":[]}]}]}"}
2025-08-26 10:33:06 [pool-1-thread-6] INFO  org.server.Server - {"messageType":"USER_LOG_IN","payload":"{\"@json_id\":\"6b97cb9e-e735-43c8-9bda-81bf21b07143\",\"id\":null,\"userName\":null,\"displayName\":null,\"password\":\"toto\",\"emailAddress\":\"toto.toto@yahoo.fr\",\"avatar\":null,\"messages\":[],\"conversation\":[]}"}
2025-08-26 10:33:06 [pool-1-thread-6] INFO  org.neo4j.ogm.metadata.DomainInfo - Starting Post-processing phase
2025-08-26 10:33:06 [pool-1-thread-6] INFO  org.neo4j.ogm.metadata.DomainInfo - Building byLabel lookup maps
2025-08-26 10:33:06 [pool-1-thread-6] INFO  org.neo4j.ogm.metadata.DomainInfo - Building interface class map for 4 classes
2025-08-26 10:33:06 [pool-1-thread-6] INFO  org.neo4j.ogm.metadata.DomainInfo - Post-processing complete
2025-08-26 10:33:06 [pool-1-thread-6] INFO  o.n.o.drivers.bolt.driver.BoltDriver - Shutting down Bolt driver org.neo4j.driver.internal.InternalDriver@4fcd6fec 
2025-08-26 10:33:07 [pool-1-thread-6] INFO  org.server.action.UserAction - User connected !
2025-08-26 10:33:07 [pool-1-thread-6] INFO  org.server.Server - {"messageType":"CONVERSATION_DISPLAY","payload":"{\"@json_id\":\"70d25559-707f-49c4-8f8f-33b422730d63\",\"id\":3,\"userName\":null,\"displayName\":\"toto\",\"password\":\"$2a$10$QET0aBXPOZ.Qpfzbcyj22OtxUpPZRpQICEyTE4aVwUGzyK8rGVTjq\",\"emailAddress\":\"toto.toto@yahoo.fr\",\"avatar\":\"/images/avatar/avatar_default.png\",\"messages\":[],\"conversation\":[]}"}
2025-08-26 10:33:07 [pool-1-thread-6] INFO  org.neo4j.ogm.metadata.DomainInfo - Starting Post-processing phase
2025-08-26 10:33:07 [pool-1-thread-6] INFO  org.neo4j.ogm.metadata.DomainInfo - Building byLabel lookup maps
2025-08-26 10:33:07 [pool-1-thread-6] INFO  org.neo4j.ogm.metadata.DomainInfo - Building interface class map for 4 classes
2025-08-26 10:33:07 [pool-1-thread-6] INFO  org.neo4j.ogm.metadata.DomainInfo - Post-processing complete
2025-08-26 10:33:07 [pool-1-thread-6] INFO  o.n.o.drivers.bolt.driver.BoltDriver - Shutting down Bolt driver org.neo4j.driver.internal.InternalDriver@5b39cebd 
2025-08-26 10:33:07 [pool-1-thread-6] INFO  o.server.action.ConversationAction - Conversations found !
2025-08-26 10:33:07 [pool-1-thread-6] INFO  org.server.Server - {"messageType":"READ_TARGET_AVATAR","payload":"{\"@json_id\":\"e75a507f-8727-418a-a942-0b4abfa02883\",\"id\":0,\"userName\":null,\"displayName\":\"toto\",\"password\":\"$2a$10$U9qpjYgWdBnqsGjux934kuky3CVGEC.VBsxWybAezoy.nBOcbc7Im\",\"emailAddress\":\"toto1.toto@yahoo.fr\",\"avatar\":\"/images/avatar/avatar_default.png\",\"messages\":[],\"conversation\":[]}"}
2025-08-26 10:33:12 [pool-1-thread-6] INFO  org.server.Server - {"messageType":"ONLINE_USERS_FETCH","payload":null}
2025-08-26 10:33:16 [pool-1-thread-6] INFO  org.server.Server - {"messageType":"USER_EXIT","payload":"{\"@json_id\":\"0f02873b-630b-4d57-a20a-73fbb3e4ccd3\",\"id\":3,\"userName\":null,\"displayName\":\"toto\",\"password\":\"$2a$10$QET0aBXPOZ.Qpfzbcyj22OtxUpPZRpQICEyTE4aVwUGzyK8rGVTjq\",\"emailAddress\":\"toto.toto@yahoo.fr\",\"avatar\":\"/images/avatar/avatar_default.png\",\"messages\":[],\"conversation\":[{\"@json_id\":\"e1bc18c0-58ad-45d8-bd0f-8d926eb268a0\",\"id\":14,\"messages\":[{\"@json_id\":\"0b4a5715-5f88-4d76-89b0-f8bb562d4be6\",\"id\":13,\"time\":[2025,8,24,18,34,42,319695466],\"content\":\"test\",\"readStatuses\":[],\"sender\":null}],\"participants\":[{\"@json_id\":\"02501b80-4e7b-41b4-8d1a-53445eaef432\",\"id\":3,\"userName\":null,\"displayName\":\"toto\",\"password\":\"$2a$10$QET0aBXPOZ.Qpfzbcyj22OtxUpPZRpQICEyTE4aVwUGzyK8rGVTjq\",\"emailAddress\":\"toto.toto@yahoo.fr\",\"avatar\":\"/images/avatar/avatar_default.png\",\"messages\":[],\"conversation\":[]},{\"@json_id\":\"e3706a7a-936a-4453-9dbb-c0df06f47036\",\"id\":0,\"userName\":null,\"displayName\":\"toto\",\"password\":\"$2a$10$U9qpjYgWdBnqsGjux934kuky3CVGEC.VBsxWybAezoy.nBOcbc7Im\",\"emailAddress\":\"toto1.toto@yahoo.fr\",\"avatar\":\"/images/avatar/avatar_default.png\",\"messages\":[],\"conversation\":[]}]}]}"}
2025-08-26 10:34:57 [pool-1-thread-7] INFO  org.server.Server - {"messageType":"USER_LOG_IN","payload":"{\"@json_id\":\"4d4ad4b1-ea06-4be6-99fe-1453b7010665\",\"id\":null,\"userName\":null,\"displayName\":null,\"password\":\"toto\",\"emailAddress\":\"toto.toto@yahoo.fr\",\"avatar\":null,\"messages\":[],\"conversation\":[]}"}
2025-08-26 10:34:57 [pool-1-thread-7] INFO  org.neo4j.ogm.metadata.DomainInfo - Starting Post-processing phase
2025-08-26 10:34:57 [pool-1-thread-7] INFO  org.neo4j.ogm.metadata.DomainInfo - Building byLabel lookup maps
2025-08-26 10:34:57 [pool-1-thread-7] INFO  org.neo4j.ogm.metadata.DomainInfo - Building interface class map for 4 classes
2025-08-26 10:34:57 [pool-1-thread-7] INFO  org.neo4j.ogm.metadata.DomainInfo - Post-processing complete
2025-08-26 10:34:57 [pool-1-thread-7] INFO  o.n.o.drivers.bolt.driver.BoltDriver - Shutting down Bolt driver org.neo4j.driver.internal.InternalDriver@52b9f9dc 
2025-08-26 10:34:58 [pool-1-thread-7] INFO  org.server.action.UserAction - User connected !
2025-08-26 10:34:58 [pool-1-thread-7] INFO  org.server.Server - {"messageType":"CONVERSATION_DISPLAY","payload":"{\"@json_id\":\"4ba96c0b-e87f-4a6b-bde7-4d837435b51a\",\"id\":3,\"userName\":null,\"displayName\":\"toto\",\"password\":\"$2a$10$QET0aBXPOZ.Qpfzbcyj22OtxUpPZRpQICEyTE4aVwUGzyK8rGVTjq\",\"emailAddress\":\"toto.toto@yahoo.fr\",\"avatar\":\"/images/avatar/avatar_default.png\",\"messages\":[],\"conversation\":[]}"}
2025-08-26 10:34:58 [pool-1-thread-7] INFO  org.neo4j.ogm.metadata.DomainInfo - Starting Post-processing phase
2025-08-26 10:34:58 [pool-1-thread-7] INFO  org.neo4j.ogm.metadata.DomainInfo - Building byLabel lookup maps
2025-08-26 10:34:58 [pool-1-thread-7] INFO  org.neo4j.ogm.metadata.DomainInfo - Building interface class map for 4 classes
2025-08-26 10:34:58 [pool-1-thread-7] INFO  org.neo4j.ogm.metadata.DomainInfo - Post-processing complete
2025-08-26 10:34:58 [pool-1-thread-7] INFO  o.n.o.drivers.bolt.driver.BoltDriver - Shutting down Bolt driver org.neo4j.driver.internal.InternalDriver@55b7420f 
2025-08-26 10:34:58 [pool-1-thread-7] INFO  o.server.action.ConversationAction - Conversations found !
2025-08-26 10:34:58 [pool-1-thread-7] INFO  org.server.Server - {"messageType":"READ_TARGET_AVATAR","payload":"{\"@json_id\":\"5f345ae0-abfd-4c69-b4c6-3937e189061a\",\"id\":0,\"userName\":null,\"displayName\":\"toto\",\"password\":\"$2a$10$U9qpjYgWdBnqsGjux934kuky3CVGEC.VBsxWybAezoy.nBOcbc7Im\",\"emailAddress\":\"toto1.toto@yahoo.fr\",\"avatar\":\"/images/avatar/avatar_default.png\",\"messages\":[],\"conversation\":[]}"}
2025-08-26 10:35:03 [pool-1-thread-7] INFO  org.server.Server - {"messageType":"ONLINE_USERS_FETCH","payload":null}
2025-08-26 10:35:13 [pool-1-thread-7] INFO  org.server.Server - {"messageType":"ONLINE_USERS_FETCH","payload":null}
2025-08-26 10:35:21 [pool-1-thread-8] INFO  org.server.Server - {"messageType":"USER_LOG_IN","payload":"{\"@json_id\":\"e8836002-7442-4bd0-8747-4e55c5b84ac1\",\"id\":null,\"userName\":null,\"displayName\":null,\"password\":\"toto\",\"emailAddress\":\"toto1.toto@yahoo.fr\",\"avatar\":null,\"messages\":[],\"conversation\":[]}"}
2025-08-26 10:35:21 [pool-1-thread-8] INFO  org.neo4j.ogm.metadata.DomainInfo - Starting Post-processing phase
2025-08-26 10:35:21 [pool-1-thread-8] INFO  org.neo4j.ogm.metadata.DomainInfo - Building byLabel lookup maps
2025-08-26 10:35:21 [pool-1-thread-8] INFO  org.neo4j.ogm.metadata.DomainInfo - Building interface class map for 4 classes
2025-08-26 10:35:21 [pool-1-thread-8] INFO  org.neo4j.ogm.metadata.DomainInfo - Post-processing complete
2025-08-26 10:35:21 [pool-1-thread-8] INFO  o.n.o.drivers.bolt.driver.BoltDriver - Shutting down Bolt driver org.neo4j.driver.internal.InternalDriver@32c7cef0 
2025-08-26 10:35:21 [pool-1-thread-8] INFO  org.server.action.UserAction - User connected !
2025-08-26 10:35:21 [pool-1-thread-8] INFO  org.server.Server - {"messageType":"CONVERSATION_DISPLAY","payload":"{\"@json_id\":\"5a125e2f-06ef-474d-a3c3-01256e37c2c0\",\"id\":0,\"userName\":null,\"displayName\":\"toto\",\"password\":\"$2a$10$U9qpjYgWdBnqsGjux934kuky3CVGEC.VBsxWybAezoy.nBOcbc7Im\",\"emailAddress\":\"toto1.toto@yahoo.fr\",\"avatar\":\"/images/avatar/avatar_default.png\",\"messages\":[],\"conversation\":[]}"}
2025-08-26 10:35:21 [pool-1-thread-8] INFO  org.neo4j.ogm.metadata.DomainInfo - Starting Post-processing phase
2025-08-26 10:35:21 [pool-1-thread-8] INFO  org.neo4j.ogm.metadata.DomainInfo - Building byLabel lookup maps
2025-08-26 10:35:21 [pool-1-thread-8] INFO  org.neo4j.ogm.metadata.DomainInfo - Building interface class map for 4 classes
2025-08-26 10:35:21 [pool-1-thread-8] INFO  org.neo4j.ogm.metadata.DomainInfo - Post-processing complete
2025-08-26 10:35:21 [pool-1-thread-8] INFO  o.n.o.drivers.bolt.driver.BoltDriver - Shutting down Bolt driver org.neo4j.driver.internal.InternalDriver@6f4ff466 
2025-08-26 10:35:21 [pool-1-thread-8] INFO  o.server.action.ConversationAction - Conversations found !
2025-08-26 10:35:21 [pool-1-thread-8] INFO  org.server.Server - {"messageType":"READ_TARGET_AVATAR","payload":"{\"@json_id\":\"706ea19a-4786-40ce-83ed-0743dfb7d932\",\"id\":3,\"userName\":null,\"displayName\":\"toto\",\"password\":\"$2a$10$QET0aBXPOZ.Qpfzbcyj22OtxUpPZRpQICEyTE4aVwUGzyK8rGVTjq\",\"emailAddress\":\"toto.toto@yahoo.fr\",\"avatar\":\"/images/avatar/avatar_default.png\",\"messages\":[],\"conversation\":[]}"}
2025-08-26 10:35:23 [pool-1-thread-7] INFO  org.server.Server - {"messageType":"ONLINE_USERS_FETCH","payload":null}
2025-08-26 10:35:26 [pool-1-thread-8] INFO  org.server.Server - {"messageType":"ONLINE_USERS_FETCH","payload":null}
2025-08-26 10:35:33 [pool-1-thread-7] INFO  org.server.Server - {"messageType":"ONLINE_USERS_FETCH","payload":null}
2025-08-26 10:35:36 [pool-1-thread-8] INFO  org.server.Server - {"messageType":"ONLINE_USERS_FETCH","payload":null}
2025-08-26 10:35:43 [pool-1-thread-7] INFO  org.server.Server - {"messageType":"ONLINE_USERS_FETCH","payload":null}
2025-08-26 10:35:46 [pool-1-thread-8] INFO  org.server.Server - {"messageType":"ONLINE_USERS_FETCH","payload":null}
2025-08-26 10:35:53 [pool-1-thread-7] INFO  org.server.Server - {"messageType":"ONLINE_USERS_FETCH","payload":null}
2025-08-26 10:35:56 [pool-1-thread-8] INFO  org.server.Server - {"messageType":"ONLINE_USERS_FETCH","payload":null}
2025-08-26 10:36:03 [pool-1-thread-7] INFO  org.server.Server - {"messageType":"ONLINE_USERS_FETCH","payload":null}
2025-08-26 10:36:06 [pool-1-thread-8] INFO  org.server.Server - {"messageType":"ONLINE_USERS_FETCH","payload":null}
2025-08-26 10:36:13 [pool-1-thread-7] INFO  org.server.Server - {"messageType":"ONLINE_USERS_FETCH","payload":null}
2025-08-26 10:36:14 [pool-1-thread-7] INFO  org.server.Server - {"messageType":"USER_EXIT","payload":"{\"@json_id\":\"8aaf91ac-b164-4e87-ab76-48f33914dfe8\",\"id\":3,\"userName\":null,\"displayName\":\"toto\",\"password\":\"$2a$10$QET0aBXPOZ.Qpfzbcyj22OtxUpPZRpQICEyTE4aVwUGzyK8rGVTjq\",\"emailAddress\":\"toto.toto@yahoo.fr\",\"avatar\":\"/images/avatar/avatar_default.png\",\"messages\":[],\"conversation\":[{\"@json_id\":\"133dc757-dec0-4c3b-a2b4-84220c93dd2e\",\"id\":14,\"messages\":[{\"@json_id\":\"87e10fd8-8876-412e-a143-b5b85db47a4f\",\"id\":13,\"time\":[2025,8,24,18,34,42,319695466],\"content\":\"test\",\"readStatuses\":[],\"sender\":null}],\"participants\":[{\"@json_id\":\"faed2911-ae20-4b44-89b8-9cb9e87e49e1\",\"id\":0,\"userName\":null,\"displayName\":\"toto\",\"password\":\"$2a$10$U9qpjYgWdBnqsGjux934kuky3CVGEC.VBsxWybAezoy.nBOcbc7Im\",\"emailAddress\":\"toto1.toto@yahoo.fr\",\"avatar\":\"/images/avatar/avatar_default.png\",\"messages\":[],\"conversation\":[]},{\"@json_id\":\"2ea1509b-05dc-430d-9b46-417526921f4a\",\"id\":3,\"userName\":null,\"displayName\":\"toto\",\"password\":\"$2a$10$QET0aBXPOZ.Qpfzbcyj22OtxUpPZRpQICEyTE4aVwUGzyK8rGVTjq\",\"emailAddress\":\"toto.toto@yahoo.fr\",\"avatar\":\"/images/avatar/avatar_default.png\",\"messages\":[],\"conversation\":[]}]}]}"}
2025-08-26 10:36:16 [pool-1-thread-8] INFO  org.server.Server - {"messageType":"ONLINE_USERS_FETCH","payload":null}
2025-08-26 10:36:17 [pool-1-thread-8] INFO  org.server.Server - {"messageType":"USER_EXIT","payload":"{\"@json_id\":\"5d7b29bf-898e-4c53-a903-454d251687d0\",\"id\":0,\"userName\":null,\"displayName\":\"toto\",\"password\":\"$2a$10$U9qpjYgWdBnqsGjux934kuky3CVGEC.VBsxWybAezoy.nBOcbc7Im\",\"emailAddress\":\"toto1.toto@yahoo.fr\",\"avatar\":\"/images/avatar/avatar_default.png\",\"messages\":[],\"conversation\":[{\"@json_id\":\"7ef6f508-535c-406e-b718-dfd4de4af6c0\",\"id\":14,\"messages\":[{\"@json_id\":\"1fbffeb3-5920-453f-bd11-bbbd8460dc8e\",\"id\":13,\"time\":[2025,8,24,18,34,42,319695466],\"content\":\"test\",\"readStatuses\":[],\"sender\":null}],\"participants\":[{\"@json_id\":\"0a97bc76-ea64-41f5-a743-37da00896b33\",\"id\":3,\"userName\":null,\"displayName\":\"toto\",\"password\":\"$2a$10$QET0aBXPOZ.Qpfzbcyj22OtxUpPZRpQICEyTE4aVwUGzyK8rGVTjq\",\"emailAddress\":\"toto.toto@yahoo.fr\",\"avatar\":\"/images/avatar/avatar_default.png\",\"messages\":[],\"conversation\":[]},{\"@json_id\":\"b03b1cb2-5875-4c41-8b28-0e6ad5787470\",\"id\":0,\"userName\":null,\"displayName\":\"toto\",\"password\":\"$2a$10$U9qpjYgWdBnqsGjux934kuky3CVGEC.VBsxWybAezoy.nBOcbc7Im\",\"emailAddress\":\"toto1.toto@yahoo.fr\",\"avatar\":\"/images/avatar/avatar_default.png\",\"messages\":[],\"conversation\":[]}]}]}"}
2025-08-26 10:37:41 [pool-1-thread-9] INFO  org.server.Server - {"messageType":"USER_LOG_IN","payload":"{\"@json_id\":\"0577cde5-12d8-48f3-a336-644073b4e0d5\",\"id\":null,\"userName\":null,\"displayName\":null,\"password\":\"toto\",\"emailAddress\":\"toto;toto@yahoo.fr\",\"avatar\":null,\"messages\":[],\"conversation\":[]}"}
2025-08-26 10:37:41 [pool-1-thread-9] INFO  org.neo4j.ogm.metadata.DomainInfo - Starting Post-processing phase
2025-08-26 10:37:41 [pool-1-thread-9] INFO  org.neo4j.ogm.metadata.DomainInfo - Building byLabel lookup maps
2025-08-26 10:37:41 [pool-1-thread-9] INFO  org.neo4j.ogm.metadata.DomainInfo - Building interface class map for 4 classes
2025-08-26 10:37:41 [pool-1-thread-9] INFO  org.neo4j.ogm.metadata.DomainInfo - Post-processing complete
2025-08-26 10:37:41 [pool-1-thread-9] ERROR org.server.action.UserAction - Connection failed !
2025-08-26 10:38:12 [pool-1-thread-9] INFO  org.server.Server - {"messageType":"USER_LOG_IN","payload":"{\"@json_id\":\"5d5db1a5-b6c4-4d90-a875-a9fc13ef5627\",\"id\":null,\"userName\":null,\"displayName\":null,\"password\":\"toto\",\"emailAddress\":\"toto.toto@yahoo.fr\",\"avatar\":null,\"messages\":[],\"conversation\":[]}"}
2025-08-26 10:38:12 [pool-1-thread-9] INFO  org.neo4j.ogm.metadata.DomainInfo - Starting Post-processing phase
2025-08-26 10:38:12 [pool-1-thread-9] INFO  org.neo4j.ogm.metadata.DomainInfo - Building byLabel lookup maps
2025-08-26 10:38:12 [pool-1-thread-9] INFO  org.neo4j.ogm.metadata.DomainInfo - Building interface class map for 4 classes
2025-08-26 10:38:12 [pool-1-thread-9] INFO  org.neo4j.ogm.metadata.DomainInfo - Post-processing complete
2025-08-26 10:38:12 [pool-1-thread-9] INFO  o.n.o.drivers.bolt.driver.BoltDriver - Shutting down Bolt driver org.neo4j.driver.internal.InternalDriver@3ab31486 
2025-08-26 10:38:12 [pool-1-thread-9] INFO  org.server.action.UserAction - User connected !
2025-08-26 10:38:12 [pool-1-thread-9] INFO  org.server.Server - {"messageType":"CONVERSATION_DISPLAY","payload":"{\"@json_id\":\"941e5310-ff4d-4e71-b6f3-d002bd80e306\",\"id\":3,\"userName\":null,\"displayName\":\"toto\",\"password\":\"$2a$10$QET0aBXPOZ.Qpfzbcyj22OtxUpPZRpQICEyTE4aVwUGzyK8rGVTjq\",\"emailAddress\":\"toto.toto@yahoo.fr\",\"avatar\":\"/images/avatar/avatar_default.png\",\"messages\":[],\"conversation\":[]}"}
2025-08-26 10:38:12 [pool-1-thread-9] INFO  org.neo4j.ogm.metadata.DomainInfo - Starting Post-processing phase
2025-08-26 10:38:12 [pool-1-thread-9] INFO  org.neo4j.ogm.metadata.DomainInfo - Building byLabel lookup maps
2025-08-26 10:38:12 [pool-1-thread-9] INFO  org.neo4j.ogm.metadata.DomainInfo - Building interface class map for 4 classes
2025-08-26 10:38:12 [pool-1-thread-9] INFO  org.neo4j.ogm.metadata.DomainInfo - Post-processing complete
2025-08-26 10:38:12 [pool-1-thread-9] INFO  o.n.o.drivers.bolt.driver.BoltDriver - Shutting down Bolt driver org.neo4j.driver.internal.InternalDriver@14bba7f3 
2025-08-26 10:38:12 [pool-1-thread-9] INFO  o.server.action.ConversationAction - Conversations found !
2025-08-26 10:38:12 [pool-1-thread-9] INFO  org.server.Server - {"messageType":"READ_TARGET_AVATAR","payload":"{\"@json_id\":\"e174cc82-0058-4be4-8065-0bec93d51833\",\"id\":0,\"userName\":null,\"displayName\":\"toto\",\"password\":\"$2a$10$U9qpjYgWdBnqsGjux934kuky3CVGEC.VBsxWybAezoy.nBOcbc7Im\",\"emailAddress\":\"toto1.toto@yahoo.fr\",\"avatar\":\"/images/avatar/avatar_default.png\",\"messages\":[],\"conversation\":[]}"}
2025-08-26 10:38:17 [pool-1-thread-9] INFO  org.server.Server - {"messageType":"ONLINE_USERS_FETCH","payload":null}
2025-08-26 10:38:27 [pool-1-thread-9] INFO  org.server.Server - {"messageType":"ONLINE_USERS_FETCH","payload":null}
2025-08-26 10:38:33 [pool-1-thread-10] INFO  org.server.Server - {"messageType":"USER_LOG_IN","payload":"{\"@json_id\":\"c1e024f6-e9f7-4f4b-917e-5e23d594f139\",\"id\":null,\"userName\":null,\"displayName\":null,\"password\":\"toto\",\"emailAddress\":\"toto1.toto@yahoo.fr\",\"avatar\":null,\"messages\":[],\"conversation\":[]}"}
2025-08-26 10:38:33 [pool-1-thread-10] INFO  org.neo4j.ogm.metadata.DomainInfo - Starting Post-processing phase
2025-08-26 10:38:33 [pool-1-thread-10] INFO  org.neo4j.ogm.metadata.DomainInfo - Building byLabel lookup maps
2025-08-26 10:38:33 [pool-1-thread-10] INFO  org.neo4j.ogm.metadata.DomainInfo - Building interface class map for 4 classes
2025-08-26 10:38:33 [pool-1-thread-10] INFO  org.neo4j.ogm.metadata.DomainInfo - Post-processing complete
2025-08-26 10:38:33 [pool-1-thread-10] INFO  o.n.o.drivers.bolt.driver.BoltDriver - Shutting down Bolt driver org.neo4j.driver.internal.InternalDriver@790a2ebf 
2025-08-26 10:38:34 [pool-1-thread-10] INFO  org.server.action.UserAction - User connected !
2025-08-26 10:38:34 [pool-1-thread-10] INFO  org.server.Server - {"messageType":"CONVERSATION_DISPLAY","payload":"{\"@json_id\":\"5f822a0a-7192-40b0-83be-dc3f36fb63e7\",\"id\":0,\"userName\":null,\"displayName\":\"toto\",\"password\":\"$2a$10$U9qpjYgWdBnqsGjux934kuky3CVGEC.VBsxWybAezoy.nBOcbc7Im\",\"emailAddress\":\"toto1.toto@yahoo.fr\",\"avatar\":\"/images/avatar/avatar_default.png\",\"messages\":[],\"conversation\":[]}"}
2025-08-26 10:38:34 [pool-1-thread-10] INFO  org.neo4j.ogm.metadata.DomainInfo - Starting Post-processing phase
2025-08-26 10:38:34 [pool-1-thread-10] INFO  org.neo4j.ogm.metadata.DomainInfo - Building byLabel lookup maps
2025-08-26 10:38:34 [pool-1-thread-10] INFO  org.neo4j.ogm.metadata.DomainInfo - Building interface class map for 4 classes
2025-08-26 10:38:34 [pool-1-thread-10] INFO  org.neo4j.ogm.metadata.DomainInfo - Post-processing complete
2025-08-26 10:38:34 [pool-1-thread-10] INFO  o.n.o.drivers.bolt.driver.BoltDriver - Shutting down Bolt driver org.neo4j.driver.internal.InternalDriver@550b4c2d 
2025-08-26 10:38:34 [pool-1-thread-10] INFO  o.server.action.ConversationAction - Conversations found !
2025-08-26 10:38:34 [pool-1-thread-10] INFO  org.server.Server - {"messageType":"READ_TARGET_AVATAR","payload":"{\"@json_id\":\"b2889d0e-d834-4c83-8173-93c0d11181e0\",\"id\":3,\"userName\":null,\"displayName\":\"toto\",\"password\":\"$2a$10$QET0aBXPOZ.Qpfzbcyj22OtxUpPZRpQICEyTE4aVwUGzyK8rGVTjq\",\"emailAddress\":\"toto.toto@yahoo.fr\",\"avatar\":\"/images/avatar/avatar_default.png\",\"messages\":[],\"conversation\":[]}"}
2025-08-26 10:38:37 [pool-1-thread-9] INFO  org.server.Server - {"messageType":"ONLINE_USERS_FETCH","payload":null}
2025-08-26 10:38:39 [pool-1-thread-10] INFO  org.server.Server - {"messageType":"ONLINE_USERS_FETCH","payload":null}
2025-08-26 10:38:47 [pool-1-thread-9] INFO  org.server.Server - {"messageType":"ONLINE_USERS_FETCH","payload":null}
2025-08-26 10:38:48 [pool-1-thread-10] INFO  org.server.Server - {"messageType":"USER_EXIT","payload":"{\"@json_id\":\"9924e9f8-a6de-461f-8851-423567ff5283\",\"id\":0,\"userName\":null,\"displayName\":\"toto\",\"password\":\"$2a$10$U9qpjYgWdBnqsGjux934kuky3CVGEC.VBsxWybAezoy.nBOcbc7Im\",\"emailAddress\":\"toto1.toto@yahoo.fr\",\"avatar\":\"/images/avatar/avatar_default.png\",\"messages\":[],\"conversation\":[{\"@json_id\":\"f4545894-6669-4440-aefc-7a98baa44bd0\",\"id\":14,\"messages\":[{\"@json_id\":\"de2cf4df-607e-451b-8cd5-42113665e6f4\",\"id\":13,\"time\":[2025,8,24,18,34,42,319695466],\"content\":\"test\",\"readStatuses\":[],\"sender\":null}],\"participants\":[{\"@json_id\":\"ee8127c9-7b21-452a-a904-ffa124d94745\",\"id\":0,\"userName\":null,\"displayName\":\"toto\",\"password\":\"$2a$10$U9qpjYgWdBnqsGjux934kuky3CVGEC.VBsxWybAezoy.nBOcbc7Im\",\"emailAddress\":\"toto1.toto@yahoo.fr\",\"avatar\":\"/images/avatar/avatar_default.png\",\"messages\":[],\"conversation\":[]},{\"@json_id\":\"c5b2579d-02c7-4166-bcbf-451baac58b6e\",\"id\":3,\"userName\":null,\"displayName\":\"toto\",\"password\":\"$2a$10$QET0aBXPOZ.Qpfzbcyj22OtxUpPZRpQICEyTE4aVwUGzyK8rGVTjq\",\"emailAddress\":\"toto.toto@yahoo.fr\",\"avatar\":\"/images/avatar/avatar_default.png\",\"messages\":[],\"conversation\":[]}]}]}"}
2025-08-26 10:38:57 [pool-1-thread-9] INFO  org.server.Server - {"messageType":"ONLINE_USERS_FETCH","payload":null}
2025-08-26 10:39:07 [pool-1-thread-9] INFO  org.server.Server - {"messageType":"ONLINE_USERS_FETCH","payload":null}
2025-08-26 10:39:15 [pool-1-thread-9] INFO  org.server.Server - {"messageType":"USER_EXIT","payload":"{\"@json_id\":\"0e342c34-8b2e-491b-8804-bcc3fef644d4\",\"id\":3,\"userName\":null,\"displayName\":\"toto\",\"password\":\"$2a$10$QET0aBXPOZ.Qpfzbcyj22OtxUpPZRpQICEyTE4aVwUGzyK8rGVTjq\",\"emailAddress\":\"toto.toto@yahoo.fr\",\"avatar\":\"/images/avatar/avatar_default.png\",\"messages\":[],\"conversation\":[{\"@json_id\":\"3a3471d8-b703-4ffc-aed3-e1fbb3b534a9\",\"id\":14,\"messages\":[{\"@json_id\":\"4fe8ba16-250e-4f76-b086-d9cd94e722ad\",\"id\":13,\"time\":[2025,8,24,18,34,42,319695466],\"content\":\"test\",\"readStatuses\":[],\"sender\":null}],\"participants\":[{\"@json_id\":\"eb3b8470-b4f8-4533-ab7f-4fd4dc97e45f\",\"id\":3,\"userName\":null,\"displayName\":\"toto\",\"password\":\"$2a$10$QET0aBXPOZ.Qpfzbcyj22OtxUpPZRpQICEyTE4aVwUGzyK8rGVTjq\",\"emailAddress\":\"toto.toto@yahoo.fr\",\"avatar\":\"/images/avatar/avatar_default.png\",\"messages\":[],\"conversation\":[]},{\"@json_id\":\"4be2d007-f02c-4a0c-b2e4-48b842fb03dd\",\"id\":0,\"userName\":null,\"displayName\":\"toto\",\"password\":\"$2a$10$U9qpjYgWdBnqsGjux934kuky3CVGEC.VBsxWybAezoy.nBOcbc7Im\",\"emailAddress\":\"toto1.toto@yahoo.fr\",\"avatar\":\"/images/avatar/avatar_default.png\",\"messages\":[],\"conversation\":[]}]}]}"}
2025-08-26 10:47:16 [main] INFO  org.server.Server - Server started, waiting for clients...
2025-08-26 10:47:34 [pool-1-thread-1] INFO  org.server.Server - {"messageType":"USER_LOG_IN","payload":"{\"@json_id\":\"cdef92a8-3432-4aa1-9e7e-7b333838607b\",\"id\":null,\"userName\":null,\"displayName\":null,\"password\":\"toto\",\"emailAddress\":\"toto.toto@yahoo.fr\",\"avatar\":null,\"messages\":[],\"conversation\":[]}"}
2025-08-26 10:47:34 [pool-1-thread-1] INFO  org.neo4j.ogm.metadata.DomainInfo - Starting Post-processing phase
2025-08-26 10:47:34 [pool-1-thread-1] INFO  org.neo4j.ogm.metadata.DomainInfo - Building byLabel lookup maps
2025-08-26 10:47:34 [pool-1-thread-1] INFO  org.neo4j.ogm.metadata.DomainInfo - Building interface class map for 4 classes
2025-08-26 10:47:34 [pool-1-thread-1] INFO  org.neo4j.ogm.metadata.DomainInfo - Post-processing complete
2025-08-26 10:47:35 [pool-1-thread-1] INFO  o.n.o.drivers.bolt.driver.BoltDriver - Shutting down Bolt driver org.neo4j.driver.internal.InternalDriver@2e219ecc 
2025-08-26 10:47:35 [pool-1-thread-1] INFO  org.server.action.UserAction - User connected !
2025-08-26 10:47:35 [pool-1-thread-1] INFO  org.server.Server - {"messageType":"CONVERSATION_DISPLAY","payload":"{\"@json_id\":\"dbe00aaa-9e9d-4eb2-ae44-e9d90b61030d\",\"id\":3,\"userName\":null,\"displayName\":\"toto\",\"password\":\"$2a$10$QET0aBXPOZ.Qpfzbcyj22OtxUpPZRpQICEyTE4aVwUGzyK8rGVTjq\",\"emailAddress\":\"toto.toto@yahoo.fr\",\"avatar\":\"/images/avatar/avatar_default.png\",\"messages\":[],\"conversation\":[]}"}
2025-08-26 10:47:35 [pool-1-thread-1] INFO  org.neo4j.ogm.metadata.DomainInfo - Starting Post-processing phase
2025-08-26 10:47:35 [pool-1-thread-1] INFO  org.neo4j.ogm.metadata.DomainInfo - Building byLabel lookup maps
2025-08-26 10:47:35 [pool-1-thread-1] INFO  org.neo4j.ogm.metadata.DomainInfo - Building interface class map for 4 classes
2025-08-26 10:47:35 [pool-1-thread-1] INFO  org.neo4j.ogm.metadata.DomainInfo - Post-processing complete
2025-08-26 10:47:35 [pool-1-thread-1] INFO  o.n.o.drivers.bolt.driver.BoltDriver - Shutting down Bolt driver org.neo4j.driver.internal.InternalDriver@79d08216 
2025-08-26 10:47:35 [pool-1-thread-1] INFO  o.server.action.ConversationAction - Conversations found !
2025-08-26 10:47:35 [pool-1-thread-1] INFO  org.server.Server - {"messageType":"READ_TARGET_AVATAR","payload":"{\"@json_id\":\"31346af5-033d-4a40-8a68-66a0659139e9\",\"id\":0,\"userName\":null,\"displayName\":\"toto\",\"password\":\"$2a$10$U9qpjYgWdBnqsGjux934kuky3CVGEC.VBsxWybAezoy.nBOcbc7Im\",\"emailAddress\":\"toto1.toto@yahoo.fr\",\"avatar\":\"/images/avatar/avatar_default.png\",\"messages\":[],\"conversation\":[]}"}
2025-08-26 10:47:40 [pool-1-thread-1] INFO  org.server.Server - {"messageType":"ONLINE_USERS_FETCH","payload":null}
2025-08-26 10:47:50 [pool-1-thread-1] INFO  org.server.Server - {"messageType":"ONLINE_USERS_FETCH","payload":null}
2025-08-26 10:47:59 [pool-1-thread-2] INFO  org.server.Server - {"messageType":"USER_LOG_IN","payload":"{\"@json_id\":\"6e1e5817-f167-4d81-9bf8-5abe52ea7094\",\"id\":null,\"userName\":null,\"displayName\":null,\"password\":\"toto\",\"emailAddress\":\"toto1.toto@yahoo.fr\",\"avatar\":null,\"messages\":[],\"conversation\":[]}"}
2025-08-26 10:48:00 [pool-1-thread-2] INFO  org.neo4j.ogm.metadata.DomainInfo - Starting Post-processing phase
2025-08-26 10:48:00 [pool-1-thread-2] INFO  org.neo4j.ogm.metadata.DomainInfo - Building byLabel lookup maps
2025-08-26 10:48:00 [pool-1-thread-2] INFO  org.neo4j.ogm.metadata.DomainInfo - Building interface class map for 4 classes
2025-08-26 10:48:00 [pool-1-thread-2] INFO  org.neo4j.ogm.metadata.DomainInfo - Post-processing complete
2025-08-26 10:48:00 [pool-1-thread-2] INFO  o.n.o.drivers.bolt.driver.BoltDriver - Shutting down Bolt driver org.neo4j.driver.internal.InternalDriver@73206926 
2025-08-26 10:48:00 [pool-1-thread-2] INFO  org.server.action.UserAction - User connected !
2025-08-26 10:48:00 [pool-1-thread-1] INFO  org.server.Server - {"messageType":"ONLINE_USERS_FETCH","payload":null}
2025-08-26 10:48:00 [pool-1-thread-2] INFO  org.server.Server - {"messageType":"CONVERSATION_DISPLAY","payload":"{\"@json_id\":\"d725f036-2f9b-40dd-aeae-45870ff3ca1e\",\"id\":0,\"userName\":null,\"displayName\":\"toto\",\"password\":\"$2a$10$U9qpjYgWdBnqsGjux934kuky3CVGEC.VBsxWybAezoy.nBOcbc7Im\",\"emailAddress\":\"toto1.toto@yahoo.fr\",\"avatar\":\"/images/avatar/avatar_default.png\",\"messages\":[],\"conversation\":[]}"}
2025-08-26 10:48:00 [pool-1-thread-2] INFO  org.neo4j.ogm.metadata.DomainInfo - Starting Post-processing phase
2025-08-26 10:48:00 [pool-1-thread-2] INFO  org.neo4j.ogm.metadata.DomainInfo - Building byLabel lookup maps
2025-08-26 10:48:00 [pool-1-thread-2] INFO  org.neo4j.ogm.metadata.DomainInfo - Building interface class map for 4 classes
2025-08-26 10:48:00 [pool-1-thread-2] INFO  org.neo4j.ogm.metadata.DomainInfo - Post-processing complete
2025-08-26 10:48:00 [pool-1-thread-2] INFO  o.n.o.drivers.bolt.driver.BoltDriver - Shutting down Bolt driver org.neo4j.driver.internal.InternalDriver@2ba96ef4 
2025-08-26 10:48:00 [pool-1-thread-2] INFO  o.server.action.ConversationAction - Conversations found !
2025-08-26 10:48:00 [pool-1-thread-2] INFO  org.server.Server - {"messageType":"READ_TARGET_AVATAR","payload":"{\"@json_id\":\"44d9c2ff-2db0-402c-9383-9f8c3675c90d\",\"id\":3,\"userName\":null,\"displayName\":\"toto\",\"password\":\"$2a$10$QET0aBXPOZ.Qpfzbcyj22OtxUpPZRpQICEyTE4aVwUGzyK8rGVTjq\",\"emailAddress\":\"toto.toto@yahoo.fr\",\"avatar\":\"/images/avatar/avatar_default.png\",\"messages\":[],\"conversation\":[]}"}
2025-08-26 10:48:05 [pool-1-thread-2] INFO  org.server.Server - {"messageType":"ONLINE_USERS_FETCH","payload":null}
2025-08-26 10:48:09 [pool-1-thread-2] INFO  org.server.Server - {"messageType":"USER_EXIT","payload":"{\"@json_id\":\"64e5f65f-016a-464f-8e6f-025e2cfa1a43\",\"id\":0,\"userName\":null,\"displayName\":\"toto\",\"password\":\"$2a$10$U9qpjYgWdBnqsGjux934kuky3CVGEC.VBsxWybAezoy.nBOcbc7Im\",\"emailAddress\":\"toto1.toto@yahoo.fr\",\"avatar\":\"/images/avatar/avatar_default.png\",\"messages\":[],\"conversation\":[{\"@json_id\":\"92bbcf18-92aa-40df-9cf5-bd5973e2838d\",\"id\":14,\"messages\":[{\"@json_id\":\"03cd29b5-0d48-4eb3-83c6-95266a3cb751\",\"id\":13,\"time\":[2025,8,24,18,34,42,319695466],\"content\":\"test\",\"readStatuses\":[],\"sender\":null}],\"participants\":[{\"@json_id\":\"0f811903-8a9e-4a90-959e-b2472ce2c635\",\"id\":3,\"userName\":null,\"displayName\":\"toto\",\"password\":\"$2a$10$QET0aBXPOZ.Qpfzbcyj22OtxUpPZRpQICEyTE4aVwUGzyK8rGVTjq\",\"emailAddress\":\"toto.toto@yahoo.fr\",\"avatar\":\"/images/avatar/avatar_default.png\",\"messages\":[],\"conversation\":[]},{\"@json_id\":\"6684cefd-3383-449a-9b34-2ca08f561cd9\",\"id\":0,\"userName\":null,\"displayName\":\"toto\",\"password\":\"$2a$10$U9qpjYgWdBnqsGjux934kuky3CVGEC.VBsxWybAezoy.nBOcbc7Im\",\"emailAddress\":\"toto1.toto@yahoo.fr\",\"avatar\":\"/images/avatar/avatar_default.png\",\"messages\":[],\"conversation\":[]}]}]}"}
2025-08-26 10:48:10 [pool-1-thread-1] INFO  org.server.Server - {"messageType":"ONLINE_USERS_FETCH","payload":null}
2025-08-26 10:48:20 [pool-1-thread-1] INFO  org.server.Server - {"messageType":"ONLINE_USERS_FETCH","payload":null}
2025-08-26 10:48:30 [pool-1-thread-1] INFO  org.server.Server - {"messageType":"ONLINE_USERS_FETCH","payload":null}
2025-08-26 10:48:38 [pool-1-thread-1] INFO  org.server.Server - {"messageType":"USER_EXIT","payload":"{\"@json_id\":\"60a78d36-20a2-4ef0-98b8-02e62fd9cbbc\",\"id\":3,\"userName\":null,\"displayName\":\"toto\",\"password\":\"$2a$10$QET0aBXPOZ.Qpfzbcyj22OtxUpPZRpQICEyTE4aVwUGzyK8rGVTjq\",\"emailAddress\":\"toto.toto@yahoo.fr\",\"avatar\":\"/images/avatar/avatar_default.png\",\"messages\":[],\"conversation\":[{\"@json_id\":\"22c3453b-a312-4632-8197-bdd3af649915\",\"id\":14,\"messages\":[{\"@json_id\":\"495bca27-ab85-42bb-b4aa-5c49f6350619\",\"id\":13,\"time\":[2025,8,24,18,34,42,319695466],\"content\":\"test\",\"readStatuses\":[],\"sender\":null}],\"participants\":[{\"@json_id\":\"c527c5dc-cb0e-4d3f-a9bb-a1246356fcbd\",\"id\":0,\"userName\":null,\"displayName\":\"toto\",\"password\":\"$2a$10$U9qpjYgWdBnqsGjux934kuky3CVGEC.VBsxWybAezoy.nBOcbc7Im\",\"emailAddress\":\"toto1.toto@yahoo.fr\",\"avatar\":\"/images/avatar/avatar_default.png\",\"messages\":[],\"conversation\":[]},{\"@json_id\":\"979d640f-ffe4-4431-acc6-0543e5060f17\",\"id\":3,\"userName\":null,\"displayName\":\"toto\",\"password\":\"$2a$10$QET0aBXPOZ.Qpfzbcyj22OtxUpPZRpQICEyTE4aVwUGzyK8rGVTjq\",\"emailAddress\":\"toto.toto@yahoo.fr\",\"avatar\":\"/images/avatar/avatar_default.png\",\"messages\":[],\"conversation\":[]}]}]}"}
2025-08-26 10:49:29 [main] INFO  org.server.Server - Server started, waiting for clients...
2025-08-26 10:49:53 [pool-1-thread-2] INFO  org.server.Server - {"messageType":"USER_LOG_IN","payload":"{\"@json_id\":\"baed924a-8579-49a4-928d-c5075e784d2d\",\"id\":null,\"userName\":null,\"displayName\":null,\"password\":\"toto\",\"emailAddress\":\"toto.toto@yahoo.fr\",\"avatar\":null,\"messages\":[],\"conversation\":[]}"}
2025-08-26 10:49:53 [pool-1-thread-2] INFO  org.neo4j.ogm.metadata.DomainInfo - Starting Post-processing phase
2025-08-26 10:49:53 [pool-1-thread-2] INFO  org.neo4j.ogm.metadata.DomainInfo - Building byLabel lookup maps
2025-08-26 10:49:53 [pool-1-thread-2] INFO  org.neo4j.ogm.metadata.DomainInfo - Building interface class map for 4 classes
2025-08-26 10:49:53 [pool-1-thread-2] INFO  org.neo4j.ogm.metadata.DomainInfo - Post-processing complete
2025-08-26 10:49:54 [pool-1-thread-2] INFO  o.n.o.drivers.bolt.driver.BoltDriver - Shutting down Bolt driver org.neo4j.driver.internal.InternalDriver@55b98e5e 
2025-08-26 10:49:54 [pool-1-thread-2] INFO  org.server.action.UserAction - User connected !
2025-08-26 10:49:54 [pool-1-thread-2] INFO  org.server.Server - {"messageType":"CONVERSATION_DISPLAY","payload":"{\"@json_id\":\"46bf2365-4071-4c57-9aa4-e3434cf8415c\",\"id\":3,\"userName\":null,\"displayName\":\"toto\",\"password\":\"$2a$10$QET0aBXPOZ.Qpfzbcyj22OtxUpPZRpQICEyTE4aVwUGzyK8rGVTjq\",\"emailAddress\":\"toto.toto@yahoo.fr\",\"avatar\":\"/images/avatar/avatar_default.png\",\"messages\":[],\"conversation\":[]}"}
2025-08-26 10:49:54 [pool-1-thread-2] INFO  org.neo4j.ogm.metadata.DomainInfo - Starting Post-processing phase
2025-08-26 10:49:54 [pool-1-thread-2] INFO  org.neo4j.ogm.metadata.DomainInfo - Building byLabel lookup maps
2025-08-26 10:49:54 [pool-1-thread-2] INFO  org.neo4j.ogm.metadata.DomainInfo - Building interface class map for 4 classes
2025-08-26 10:49:54 [pool-1-thread-2] INFO  org.neo4j.ogm.metadata.DomainInfo - Post-processing complete
2025-08-26 10:49:54 [pool-1-thread-2] INFO  o.n.o.drivers.bolt.driver.BoltDriver - Shutting down Bolt driver org.neo4j.driver.internal.InternalDriver@7fd4c4d0 
2025-08-26 10:49:54 [pool-1-thread-2] INFO  o.server.action.ConversationAction - Conversations found !
2025-08-26 10:49:54 [pool-1-thread-2] INFO  org.server.Server - {"messageType":"READ_TARGET_AVATAR","payload":"{\"@json_id\":\"bf2b084f-0a8b-40d0-907d-c58d25b35c71\",\"id\":0,\"userName\":null,\"displayName\":\"toto\",\"password\":\"$2a$10$U9qpjYgWdBnqsGjux934kuky3CVGEC.VBsxWybAezoy.nBOcbc7Im\",\"emailAddress\":\"toto1.toto@yahoo.fr\",\"avatar\":\"/images/avatar/avatar_default.png\",\"messages\":[],\"conversation\":[]}"}
2025-08-26 10:49:59 [pool-1-thread-2] INFO  org.server.Server - {"messageType":"ONLINE_USERS_FETCH","payload":null}
2025-08-26 10:50:02 [pool-1-thread-1] INFO  org.server.Server - {"messageType":"USER_LOG_IN","payload":"{\"@json_id\":\"0a3fd912-9d64-4322-b46c-04f2b20d0f86\",\"id\":null,\"userName\":null,\"displayName\":null,\"password\":\"toto\",\"emailAddress\":\"toto1.toto@yahoo.fr\",\"avatar\":null,\"messages\":[],\"conversation\":[]}"}
2025-08-26 10:50:02 [pool-1-thread-1] INFO  org.neo4j.ogm.metadata.DomainInfo - Starting Post-processing phase
2025-08-26 10:50:02 [pool-1-thread-1] INFO  org.neo4j.ogm.metadata.DomainInfo - Building byLabel lookup maps
2025-08-26 10:50:02 [pool-1-thread-1] INFO  org.neo4j.ogm.metadata.DomainInfo - Building interface class map for 4 classes
2025-08-26 10:50:02 [pool-1-thread-1] INFO  org.neo4j.ogm.metadata.DomainInfo - Post-processing complete
2025-08-26 10:50:03 [pool-1-thread-1] INFO  o.n.o.drivers.bolt.driver.BoltDriver - Shutting down Bolt driver org.neo4j.driver.internal.InternalDriver@287b5cfc 
2025-08-26 10:50:03 [pool-1-thread-1] INFO  org.server.action.UserAction - User connected !
2025-08-26 10:50:03 [pool-1-thread-1] INFO  org.server.Server - {"messageType":"CONVERSATION_DISPLAY","payload":"{\"@json_id\":\"02c311fd-b6ab-4e00-91e3-0f578ab19f70\",\"id\":0,\"userName\":null,\"displayName\":\"toto\",\"password\":\"$2a$10$U9qpjYgWdBnqsGjux934kuky3CVGEC.VBsxWybAezoy.nBOcbc7Im\",\"emailAddress\":\"toto1.toto@yahoo.fr\",\"avatar\":\"/images/avatar/avatar_default.png\",\"messages\":[],\"conversation\":[]}"}
2025-08-26 10:50:03 [pool-1-thread-1] INFO  org.neo4j.ogm.metadata.DomainInfo - Starting Post-processing phase
2025-08-26 10:50:03 [pool-1-thread-1] INFO  org.neo4j.ogm.metadata.DomainInfo - Building byLabel lookup maps
2025-08-26 10:50:03 [pool-1-thread-1] INFO  org.neo4j.ogm.metadata.DomainInfo - Building interface class map for 4 classes
2025-08-26 10:50:03 [pool-1-thread-1] INFO  org.neo4j.ogm.metadata.DomainInfo - Post-processing complete
2025-08-26 10:50:03 [pool-1-thread-1] INFO  o.n.o.drivers.bolt.driver.BoltDriver - Shutting down Bolt driver org.neo4j.driver.internal.InternalDriver@768bb66f 
2025-08-26 10:50:03 [pool-1-thread-1] INFO  o.server.action.ConversationAction - Conversations found !
2025-08-26 10:50:03 [pool-1-thread-1] INFO  org.server.Server - {"messageType":"READ_TARGET_AVATAR","payload":"{\"@json_id\":\"0a2c4f20-6501-4e8c-b489-b7865148167b\",\"id\":3,\"userName\":null,\"displayName\":\"toto\",\"password\":\"$2a$10$QET0aBXPOZ.Qpfzbcyj22OtxUpPZRpQICEyTE4aVwUGzyK8rGVTjq\",\"emailAddress\":\"toto.toto@yahoo.fr\",\"avatar\":\"/images/avatar/avatar_default.png\",\"messages\":[],\"conversation\":[]}"}
2025-08-26 10:50:08 [pool-1-thread-1] INFO  org.server.Server - {"messageType":"ONLINE_USERS_FETCH","payload":null}
2025-08-26 10:50:09 [pool-1-thread-2] INFO  org.server.Server - {"messageType":"ONLINE_USERS_FETCH","payload":null}
2025-08-26 10:50:15 [pool-1-thread-2] INFO  org.server.Server - {"messageType":"USER_EXIT","payload":"{\"@json_id\":\"e5d0ab0c-b459-4637-993c-6194710ed89b\",\"id\":3,\"userName\":null,\"displayName\":\"toto\",\"password\":\"$2a$10$QET0aBXPOZ.Qpfzbcyj22OtxUpPZRpQICEyTE4aVwUGzyK8rGVTjq\",\"emailAddress\":\"toto.toto@yahoo.fr\",\"avatar\":\"/images/avatar/avatar_default.png\",\"messages\":[],\"conversation\":[{\"@json_id\":\"e38a5b4e-13c3-489e-ae38-ce971eb1bce9\",\"id\":14,\"messages\":[{\"@json_id\":\"e22dd3f7-836c-4e93-a894-2fc822cbff58\",\"id\":13,\"time\":[2025,8,24,18,34,42,319695466],\"content\":\"test\",\"readStatuses\":[],\"sender\":null}],\"participants\":[{\"@json_id\":\"e411b2e9-941d-41fe-95e6-9094b9e4ccea\",\"id\":0,\"userName\":null,\"displayName\":\"toto\",\"password\":\"$2a$10$U9qpjYgWdBnqsGjux934kuky3CVGEC.VBsxWybAezoy.nBOcbc7Im\",\"emailAddress\":\"toto1.toto@yahoo.fr\",\"avatar\":\"/images/avatar/avatar_default.png\",\"messages\":[],\"conversation\":[]},{\"@json_id\":\"0d8d2ec4-6ad0-4b26-8aa0-d841249050c4\",\"id\":3,\"userName\":null,\"displayName\":\"toto\",\"password\":\"$2a$10$QET0aBXPOZ.Qpfzbcyj22OtxUpPZRpQICEyTE4aVwUGzyK8rGVTjq\",\"emailAddress\":\"toto.toto@yahoo.fr\",\"avatar\":\"/images/avatar/avatar_default.png\",\"messages\":[],\"conversation\":[]}]}]}"}
2025-08-26 10:50:18 [pool-1-thread-1] INFO  org.server.Server - {"messageType":"ONLINE_USERS_FETCH","payload":null}
2025-08-26 10:50:28 [pool-1-thread-1] INFO  org.server.Server - {"messageType":"ONLINE_USERS_FETCH","payload":null}
2025-08-26 10:50:37 [pool-1-thread-1] INFO  org.server.Server - {"messageType":"USER_EXIT","payload":"{\"@json_id\":\"3a5682a2-2eef-48e2-b317-92f57454a77a\",\"id\":0,\"userName\":null,\"displayName\":\"toto\",\"password\":\"$2a$10$U9qpjYgWdBnqsGjux934kuky3CVGEC.VBsxWybAezoy.nBOcbc7Im\",\"emailAddress\":\"toto1.toto@yahoo.fr\",\"avatar\":\"/images/avatar/avatar_default.png\",\"messages\":[],\"conversation\":[{\"@json_id\":\"e5068b4a-6a4e-4758-aa58-a269a54a01a4\",\"id\":14,\"messages\":[{\"@json_id\":\"f2474d99-7e01-435c-9bbf-949be2b2fb2e\",\"id\":13,\"time\":[2025,8,24,18,34,42,319695466],\"content\":\"test\",\"readStatuses\":[],\"sender\":null}],\"participants\":[{\"@json_id\":\"a8d0f62e-81bd-440a-8fb0-c01720bbd175\",\"id\":3,\"userName\":null,\"displayName\":\"toto\",\"password\":\"$2a$10$QET0aBXPOZ.Qpfzbcyj22OtxUpPZRpQICEyTE4aVwUGzyK8rGVTjq\",\"emailAddress\":\"toto.toto@yahoo.fr\",\"avatar\":\"/images/avatar/avatar_default.png\",\"messages\":[],\"conversation\":[]},{\"@json_id\":\"83f069f4-812a-4ee0-83f2-8181399ce451\",\"id\":0,\"userName\":null,\"displayName\":\"toto\",\"password\":\"$2a$10$U9qpjYgWdBnqsGjux934kuky3CVGEC.VBsxWybAezoy.nBOcbc7Im\",\"emailAddress\":\"toto1.toto@yahoo.fr\",\"avatar\":\"/images/avatar/avatar_default.png\",\"messages\":[],\"conversation\":[]}]}]}"}
2025-08-26 10:53:37 [main] INFO  org.server.Server - Server started, waiting for clients...
2025-08-26 10:54:05 [pool-1-thread-2] INFO  org.server.Server - {"messageType":"USER_LOG_IN","payload":"{\"@json_id\":\"8d029102-253f-4bbe-9f2a-074556d4f92f\",\"id\":null,\"userName\":null,\"displayName\":null,\"password\":\"toto\",\"emailAddress\":\"toto.toto@yahoo.fr\",\"avatar\":null,\"messages\":[],\"conversation\":[]}"}
2025-08-26 10:54:05 [pool-1-thread-2] INFO  org.neo4j.ogm.metadata.DomainInfo - Starting Post-processing phase
2025-08-26 10:54:05 [pool-1-thread-2] INFO  org.neo4j.ogm.metadata.DomainInfo - Building byLabel lookup maps
2025-08-26 10:54:05 [pool-1-thread-2] INFO  org.neo4j.ogm.metadata.DomainInfo - Building interface class map for 4 classes
2025-08-26 10:54:05 [pool-1-thread-2] INFO  org.neo4j.ogm.metadata.DomainInfo - Post-processing complete
2025-08-26 10:54:05 [pool-1-thread-2] INFO  o.n.o.drivers.bolt.driver.BoltDriver - Shutting down Bolt driver org.neo4j.driver.internal.InternalDriver@65cbaff1 
2025-08-26 10:54:05 [pool-1-thread-2] INFO  org.server.action.UserAction - User connected !
2025-08-26 10:54:06 [pool-1-thread-2] INFO  org.server.Server - {"messageType":"CONVERSATION_DISPLAY","payload":"{\"@json_id\":\"661513c3-6557-482f-b97e-5f78b47ecd2a\",\"id\":3,\"userName\":null,\"displayName\":\"toto\",\"password\":\"$2a$10$QET0aBXPOZ.Qpfzbcyj22OtxUpPZRpQICEyTE4aVwUGzyK8rGVTjq\",\"emailAddress\":\"toto.toto@yahoo.fr\",\"avatar\":\"/images/avatar/avatar_default.png\",\"messages\":[],\"conversation\":[]}"}
2025-08-26 10:54:06 [pool-1-thread-2] INFO  org.neo4j.ogm.metadata.DomainInfo - Starting Post-processing phase
2025-08-26 10:54:06 [pool-1-thread-2] INFO  org.neo4j.ogm.metadata.DomainInfo - Building byLabel lookup maps
2025-08-26 10:54:06 [pool-1-thread-2] INFO  org.neo4j.ogm.metadata.DomainInfo - Building interface class map for 4 classes
2025-08-26 10:54:06 [pool-1-thread-2] INFO  org.neo4j.ogm.metadata.DomainInfo - Post-processing complete
2025-08-26 10:54:06 [pool-1-thread-2] INFO  o.n.o.drivers.bolt.driver.BoltDriver - Shutting down Bolt driver org.neo4j.driver.internal.InternalDriver@1c707eaa 
2025-08-26 10:54:06 [pool-1-thread-2] INFO  o.server.action.ConversationAction - Conversations found !
2025-08-26 10:54:06 [pool-1-thread-2] INFO  org.server.Server - {"messageType":"READ_TARGET_AVATAR","payload":"{\"@json_id\":\"62a17216-63af-4aca-a06d-537e4c4d46ff\",\"id\":0,\"userName\":null,\"displayName\":\"toto\",\"password\":\"$2a$10$U9qpjYgWdBnqsGjux934kuky3CVGEC.VBsxWybAezoy.nBOcbc7Im\",\"emailAddress\":\"toto1.toto@yahoo.fr\",\"avatar\":\"/images/avatar/avatar_default.png\",\"messages\":[],\"conversation\":[]}"}
2025-08-26 10:54:11 [pool-1-thread-2] INFO  org.server.Server - {"messageType":"ONLINE_USERS_FETCH","payload":null}
2025-08-26 10:54:13 [pool-1-thread-1] INFO  org.server.Server - {"messageType":"USER_LOG_IN","payload":"{\"@json_id\":\"845e8669-f58a-4c24-8be3-ef3e05fbaf88\",\"id\":null,\"userName\":null,\"displayName\":null,\"password\":\"toto\",\"emailAddress\":\"toto1.toto@yahoo.fr\",\"avatar\":null,\"messages\":[],\"conversation\":[]}"}
2025-08-26 10:54:13 [pool-1-thread-1] INFO  org.neo4j.ogm.metadata.DomainInfo - Starting Post-processing phase
2025-08-26 10:54:13 [pool-1-thread-1] INFO  org.neo4j.ogm.metadata.DomainInfo - Building byLabel lookup maps
2025-08-26 10:54:13 [pool-1-thread-1] INFO  org.neo4j.ogm.metadata.DomainInfo - Building interface class map for 4 classes
2025-08-26 10:54:13 [pool-1-thread-1] INFO  org.neo4j.ogm.metadata.DomainInfo - Post-processing complete
2025-08-26 10:54:13 [pool-1-thread-1] INFO  o.n.o.drivers.bolt.driver.BoltDriver - Shutting down Bolt driver org.neo4j.driver.internal.InternalDriver@2dc24509 
2025-08-26 10:54:14 [pool-1-thread-1] INFO  org.server.action.UserAction - User connected !
2025-08-26 10:54:14 [pool-1-thread-1] INFO  org.server.Server - {"messageType":"CONVERSATION_DISPLAY","payload":"{\"@json_id\":\"c9953bde-1a4d-4599-807b-f2c7ee50bd68\",\"id\":0,\"userName\":null,\"displayName\":\"toto\",\"password\":\"$2a$10$U9qpjYgWdBnqsGjux934kuky3CVGEC.VBsxWybAezoy.nBOcbc7Im\",\"emailAddress\":\"toto1.toto@yahoo.fr\",\"avatar\":\"/images/avatar/avatar_default.png\",\"messages\":[],\"conversation\":[]}"}
2025-08-26 10:54:14 [pool-1-thread-1] INFO  org.neo4j.ogm.metadata.DomainInfo - Starting Post-processing phase
2025-08-26 10:54:14 [pool-1-thread-1] INFO  org.neo4j.ogm.metadata.DomainInfo - Building byLabel lookup maps
2025-08-26 10:54:14 [pool-1-thread-1] INFO  org.neo4j.ogm.metadata.DomainInfo - Building interface class map for 4 classes
2025-08-26 10:54:14 [pool-1-thread-1] INFO  org.neo4j.ogm.metadata.DomainInfo - Post-processing complete
2025-08-26 10:54:14 [pool-1-thread-1] INFO  o.n.o.drivers.bolt.driver.BoltDriver - Shutting down Bolt driver org.neo4j.driver.internal.InternalDriver@44d6961b 
2025-08-26 10:54:14 [pool-1-thread-1] INFO  o.server.action.ConversationAction - Conversations found !
2025-08-26 10:54:14 [pool-1-thread-1] INFO  org.server.Server - {"messageType":"READ_TARGET_AVATAR","payload":"{\"@json_id\":\"ff3fe7f3-ec77-4cf3-b2d7-0049a77ee4fc\",\"id\":3,\"userName\":null,\"displayName\":\"toto\",\"password\":\"$2a$10$QET0aBXPOZ.Qpfzbcyj22OtxUpPZRpQICEyTE4aVwUGzyK8rGVTjq\",\"emailAddress\":\"toto.toto@yahoo.fr\",\"avatar\":\"/images/avatar/avatar_default.png\",\"messages\":[],\"conversation\":[]}"}
2025-08-26 10:54:19 [pool-1-thread-1] INFO  org.server.Server - {"messageType":"ONLINE_USERS_FETCH","payload":null}
2025-08-26 10:54:21 [pool-1-thread-2] INFO  org.server.Server - {"messageType":"ONLINE_USERS_FETCH","payload":null}
2025-08-26 10:54:24 [pool-1-thread-2] INFO  org.server.Server - {"messageType":"USER_EXIT","payload":"{\"@json_id\":\"6fcc7a8e-bba8-423a-b265-f89f20579c0c\",\"id\":3,\"userName\":null,\"displayName\":\"toto\",\"password\":\"$2a$10$QET0aBXPOZ.Qpfzbcyj22OtxUpPZRpQICEyTE4aVwUGzyK8rGVTjq\",\"emailAddress\":\"toto.toto@yahoo.fr\",\"avatar\":\"/images/avatar/avatar_default.png\",\"messages\":[],\"conversation\":[{\"@json_id\":\"d732a9c3-fbd8-41bb-ab05-77d041a3dd15\",\"id\":14,\"messages\":[{\"@json_id\":\"eae52da3-0f18-4650-a58b-d2d6d824d64d\",\"id\":13,\"time\":[2025,8,24,18,34,42,319695466],\"content\":\"test\",\"readStatuses\":[],\"sender\":null}],\"participants\":[{\"@json_id\":\"f581bda8-a267-450f-aec8-61ea45d80f43\",\"id\":0,\"userName\":null,\"displayName\":\"toto\",\"password\":\"$2a$10$U9qpjYgWdBnqsGjux934kuky3CVGEC.VBsxWybAezoy.nBOcbc7Im\",\"emailAddress\":\"toto1.toto@yahoo.fr\",\"avatar\":\"/images/avatar/avatar_default.png\",\"messages\":[],\"conversation\":[]},{\"@json_id\":\"75e3c276-65f8-4bf7-a147-8913c9be71dd\",\"id\":3,\"userName\":null,\"displayName\":\"toto\",\"password\":\"$2a$10$QET0aBXPOZ.Qpfzbcyj22OtxUpPZRpQICEyTE4aVwUGzyK8rGVTjq\",\"emailAddress\":\"toto.toto@yahoo.fr\",\"avatar\":\"/images/avatar/avatar_default.png\",\"messages\":[],\"conversation\":[]}]}]}"}
2025-08-26 10:54:29 [pool-1-thread-1] INFO  org.server.Server - {"messageType":"ONLINE_USERS_FETCH","payload":null}
2025-08-26 10:54:39 [pool-1-thread-1] INFO  org.server.Server - {"messageType":"ONLINE_USERS_FETCH","payload":null}
2025-08-26 10:54:49 [pool-1-thread-1] INFO  org.server.Server - {"messageType":"ONLINE_USERS_FETCH","payload":null}
2025-08-26 10:54:59 [pool-1-thread-1] INFO  org.server.Server - {"messageType":"ONLINE_USERS_FETCH","payload":null}
2025-08-26 10:55:04 [pool-1-thread-1] INFO  org.server.Server - {"messageType":"USER_EXIT","payload":"{\"@json_id\":\"05c26d3a-b4c8-40a3-8d7a-34ba9afb925e\",\"id\":0,\"userName\":null,\"displayName\":\"toto\",\"password\":\"$2a$10$U9qpjYgWdBnqsGjux934kuky3CVGEC.VBsxWybAezoy.nBOcbc7Im\",\"emailAddress\":\"toto1.toto@yahoo.fr\",\"avatar\":\"/images/avatar/avatar_default.png\",\"messages\":[],\"conversation\":[{\"@json_id\":\"9c821f28-1496-4e94-91f4-c1eac1ee9915\",\"id\":14,\"messages\":[{\"@json_id\":\"19544153-2d35-4f34-98dd-3ecf52a83326\",\"id\":13,\"time\":[2025,8,24,18,34,42,319695466],\"content\":\"test\",\"readStatuses\":[],\"sender\":null}],\"participants\":[{\"@json_id\":\"0b5b3de4-0f4d-4c60-83cd-63fd25b47b9c\",\"id\":3,\"userName\":null,\"displayName\":\"toto\",\"password\":\"$2a$10$QET0aBXPOZ.Qpfzbcyj22OtxUpPZRpQICEyTE4aVwUGzyK8rGVTjq\",\"emailAddress\":\"toto.toto@yahoo.fr\",\"avatar\":\"/images/avatar/avatar_default.png\",\"messages\":[],\"conversation\":[]},{\"@json_id\":\"1e84a847-6b91-45bc-8b18-8f9b040425bd\",\"id\":0,\"userName\":null,\"displayName\":\"toto\",\"password\":\"$2a$10$U9qpjYgWdBnqsGjux934kuky3CVGEC.VBsxWybAezoy.nBOcbc7Im\",\"emailAddress\":\"toto1.toto@yahoo.fr\",\"avatar\":\"/images/avatar/avatar_default.png\",\"messages\":[],\"conversation\":[]}]}]}"}
2025-08-26 10:56:01 [main] INFO  org.server.Server - Server started, waiting for clients...
2025-08-26 10:56:22 [pool-1-thread-2] INFO  org.server.Server - {"messageType":"USER_LOG_IN","payload":"{\"@json_id\":\"c83d3124-17d3-4856-a9fe-e7e72ca7e227\",\"id\":null,\"userName\":null,\"displayName\":null,\"password\":\"toto\",\"emailAddress\":\"toto.toto@yahoo.fr\",\"avatar\":null,\"messages\":[],\"conversation\":[]}"}
2025-08-26 10:56:22 [pool-1-thread-2] INFO  org.neo4j.ogm.metadata.DomainInfo - Starting Post-processing phase
2025-08-26 10:56:22 [pool-1-thread-2] INFO  org.neo4j.ogm.metadata.DomainInfo - Building byLabel lookup maps
2025-08-26 10:56:22 [pool-1-thread-2] INFO  org.neo4j.ogm.metadata.DomainInfo - Building interface class map for 4 classes
2025-08-26 10:56:22 [pool-1-thread-2] INFO  org.neo4j.ogm.metadata.DomainInfo - Post-processing complete
2025-08-26 10:56:23 [pool-1-thread-2] INFO  o.n.o.drivers.bolt.driver.BoltDriver - Shutting down Bolt driver org.neo4j.driver.internal.InternalDriver@65cbaff1 
2025-08-26 10:56:23 [pool-1-thread-2] INFO  org.server.action.UserAction - User connected !
2025-08-26 10:56:23 [pool-1-thread-2] INFO  org.server.Server - {"messageType":"CONVERSATION_DISPLAY","payload":"{\"@json_id\":\"7b4f39e4-fb19-4aed-8102-d39646a35e28\",\"id\":3,\"userName\":null,\"displayName\":\"toto\",\"password\":\"$2a$10$QET0aBXPOZ.Qpfzbcyj22OtxUpPZRpQICEyTE4aVwUGzyK8rGVTjq\",\"emailAddress\":\"toto.toto@yahoo.fr\",\"avatar\":\"/images/avatar/avatar_default.png\",\"messages\":[],\"conversation\":[]}"}
2025-08-26 10:56:23 [pool-1-thread-2] INFO  org.neo4j.ogm.metadata.DomainInfo - Starting Post-processing phase
2025-08-26 10:56:23 [pool-1-thread-2] INFO  org.neo4j.ogm.metadata.DomainInfo - Building byLabel lookup maps
2025-08-26 10:56:23 [pool-1-thread-2] INFO  org.neo4j.ogm.metadata.DomainInfo - Building interface class map for 4 classes
2025-08-26 10:56:23 [pool-1-thread-2] INFO  org.neo4j.ogm.metadata.DomainInfo - Post-processing complete
2025-08-26 10:56:23 [pool-1-thread-2] INFO  o.n.o.drivers.bolt.driver.BoltDriver - Shutting down Bolt driver org.neo4j.driver.internal.InternalDriver@1c707eaa 
2025-08-26 10:56:23 [pool-1-thread-2] INFO  o.server.action.ConversationAction - Conversations found !
2025-08-26 10:56:23 [pool-1-thread-2] INFO  org.server.Server - {"messageType":"READ_TARGET_AVATAR","payload":"{\"@json_id\":\"2568f86b-8b37-4822-a50f-0dd49f12c93b\",\"id\":0,\"userName\":null,\"displayName\":\"toto\",\"password\":\"$2a$10$U9qpjYgWdBnqsGjux934kuky3CVGEC.VBsxWybAezoy.nBOcbc7Im\",\"emailAddress\":\"toto1.toto@yahoo.fr\",\"avatar\":\"/images/avatar/avatar_default.png\",\"messages\":[],\"conversation\":[]}"}
2025-08-26 10:56:28 [pool-1-thread-2] INFO  org.server.Server - {"messageType":"ONLINE_USERS_FETCH","payload":null}
2025-08-26 10:56:31 [pool-1-thread-1] INFO  org.server.Server - {"messageType":"USER_LOG_IN","payload":"{\"@json_id\":\"c5cb19ab-328c-4e7e-b335-a5fd023cb482\",\"id\":null,\"userName\":null,\"displayName\":null,\"password\":\"toto\",\"emailAddress\":\"toto1.toto@yahoo.fr\",\"avatar\":null,\"messages\":[],\"conversation\":[]}"}
2025-08-26 10:56:31 [pool-1-thread-1] INFO  org.neo4j.ogm.metadata.DomainInfo - Starting Post-processing phase
2025-08-26 10:56:31 [pool-1-thread-1] INFO  org.neo4j.ogm.metadata.DomainInfo - Building byLabel lookup maps
2025-08-26 10:56:31 [pool-1-thread-1] INFO  org.neo4j.ogm.metadata.DomainInfo - Building interface class map for 4 classes
2025-08-26 10:56:31 [pool-1-thread-1] INFO  org.neo4j.ogm.metadata.DomainInfo - Post-processing complete
2025-08-26 10:56:31 [pool-1-thread-1] INFO  o.n.o.drivers.bolt.driver.BoltDriver - Shutting down Bolt driver org.neo4j.driver.internal.InternalDriver@2dc24509 
2025-08-26 10:56:32 [pool-1-thread-1] INFO  org.server.action.UserAction - User connected !
2025-08-26 10:56:32 [pool-1-thread-1] INFO  org.server.Server - {"messageType":"CONVERSATION_DISPLAY","payload":"{\"@json_id\":\"b7878a47-8f99-4750-9197-ffe070b8fd81\",\"id\":0,\"userName\":null,\"displayName\":\"toto\",\"password\":\"$2a$10$U9qpjYgWdBnqsGjux934kuky3CVGEC.VBsxWybAezoy.nBOcbc7Im\",\"emailAddress\":\"toto1.toto@yahoo.fr\",\"avatar\":\"/images/avatar/avatar_default.png\",\"messages\":[],\"conversation\":[]}"}
2025-08-26 10:56:32 [pool-1-thread-1] INFO  org.neo4j.ogm.metadata.DomainInfo - Starting Post-processing phase
2025-08-26 10:56:32 [pool-1-thread-1] INFO  org.neo4j.ogm.metadata.DomainInfo - Building byLabel lookup maps
2025-08-26 10:56:32 [pool-1-thread-1] INFO  org.neo4j.ogm.metadata.DomainInfo - Building interface class map for 4 classes
2025-08-26 10:56:32 [pool-1-thread-1] INFO  org.neo4j.ogm.metadata.DomainInfo - Post-processing complete
2025-08-26 10:56:32 [pool-1-thread-1] INFO  o.n.o.drivers.bolt.driver.BoltDriver - Shutting down Bolt driver org.neo4j.driver.internal.InternalDriver@44d6961b 
2025-08-26 10:56:32 [pool-1-thread-1] INFO  o.server.action.ConversationAction - Conversations found !
2025-08-26 10:56:32 [pool-1-thread-1] INFO  org.server.Server - {"messageType":"READ_TARGET_AVATAR","payload":"{\"@json_id\":\"056d466d-025c-4dcc-9e93-c1d4ece16833\",\"id\":3,\"userName\":null,\"displayName\":\"toto\",\"password\":\"$2a$10$QET0aBXPOZ.Qpfzbcyj22OtxUpPZRpQICEyTE4aVwUGzyK8rGVTjq\",\"emailAddress\":\"toto.toto@yahoo.fr\",\"avatar\":\"/images/avatar/avatar_default.png\",\"messages\":[],\"conversation\":[]}"}
2025-08-26 10:56:37 [pool-1-thread-1] INFO  org.server.Server - {"messageType":"ONLINE_USERS_FETCH","payload":null}
2025-08-26 10:56:38 [pool-1-thread-2] INFO  org.server.Server - {"messageType":"ONLINE_USERS_FETCH","payload":null}
2025-08-26 10:56:47 [pool-1-thread-1] INFO  org.server.Server - {"messageType":"ONLINE_USERS_FETCH","payload":null}
2025-08-26 10:56:48 [pool-1-thread-2] INFO  org.server.Server - {"messageType":"USER_EXIT","payload":"{\"@json_id\":\"95cd73a3-3e31-47af-9e6b-a47ef13235be\",\"id\":3,\"userName\":null,\"displayName\":\"toto\",\"password\":\"$2a$10$QET0aBXPOZ.Qpfzbcyj22OtxUpPZRpQICEyTE4aVwUGzyK8rGVTjq\",\"emailAddress\":\"toto.toto@yahoo.fr\",\"avatar\":\"/images/avatar/avatar_default.png\",\"messages\":[],\"conversation\":[{\"@json_id\":\"88c22589-0d2f-406f-b272-be0337b237d2\",\"id\":14,\"messages\":[{\"@json_id\":\"4949aaca-bdc1-484d-b5e4-581c36feaf8b\",\"id\":13,\"time\":[2025,8,24,18,34,42,319695466],\"content\":\"test\",\"readStatuses\":[],\"sender\":null}],\"participants\":[{\"@json_id\":\"148d3814-c1e2-401a-8def-1f039672b81c\",\"id\":3,\"userName\":null,\"displayName\":\"toto\",\"password\":\"$2a$10$QET0aBXPOZ.Qpfzbcyj22OtxUpPZRpQICEyTE4aVwUGzyK8rGVTjq\",\"emailAddress\":\"toto.toto@yahoo.fr\",\"avatar\":\"/images/avatar/avatar_default.png\",\"messages\":[],\"conversation\":[]},{\"@json_id\":\"1d1bcbb6-9af8-4e10-bd81-0a372ff0a98a\",\"id\":0,\"userName\":null,\"displayName\":\"toto\",\"password\":\"$2a$10$U9qpjYgWdBnqsGjux934kuky3CVGEC.VBsxWybAezoy.nBOcbc7Im\",\"emailAddress\":\"toto1.toto@yahoo.fr\",\"avatar\":\"/images/avatar/avatar_default.png\",\"messages\":[],\"conversation\":[]}]}]}"}
2025-08-26 10:56:57 [pool-1-thread-1] INFO  org.server.Server - {"messageType":"ONLINE_USERS_FETCH","payload":null}
2025-08-26 10:57:07 [pool-1-thread-1] INFO  org.server.Server - {"messageType":"ONLINE_USERS_FETCH","payload":null}
2025-08-26 10:57:17 [pool-1-thread-1] INFO  org.server.Server - {"messageType":"ONLINE_USERS_FETCH","payload":null}
2025-08-26 10:57:27 [pool-1-thread-1] INFO  org.server.Server - {"messageType":"ONLINE_USERS_FETCH","payload":null}
2025-08-26 10:57:28 [pool-1-thread-1] INFO  org.server.Server - {"messageType":"USER_EXIT","payload":"{\"@json_id\":\"d2e88057-51c8-4755-b4eb-515d40692702\",\"id\":0,\"userName\":null,\"displayName\":\"toto\",\"password\":\"$2a$10$U9qpjYgWdBnqsGjux934kuky3CVGEC.VBsxWybAezoy.nBOcbc7Im\",\"emailAddress\":\"toto1.toto@yahoo.fr\",\"avatar\":\"/images/avatar/avatar_default.png\",\"messages\":[],\"conversation\":[{\"@json_id\":\"4b806e46-caeb-4c17-84cb-fcee3c0410a7\",\"id\":14,\"messages\":[{\"@json_id\":\"20e92162-026d-419a-8231-dad403e91498\",\"id\":13,\"time\":[2025,8,24,18,34,42,319695466],\"content\":\"test\",\"readStatuses\":[],\"sender\":null}],\"participants\":[{\"@json_id\":\"7f71a0d3-3799-462e-a9a7-a596180a982f\",\"id\":3,\"userName\":null,\"displayName\":\"toto\",\"password\":\"$2a$10$QET0aBXPOZ.Qpfzbcyj22OtxUpPZRpQICEyTE4aVwUGzyK8rGVTjq\",\"emailAddress\":\"toto.toto@yahoo.fr\",\"avatar\":\"/images/avatar/avatar_default.png\",\"messages\":[],\"conversation\":[]},{\"@json_id\":\"597859b5-abae-4070-b64f-ea6a9c925fcc\",\"id\":0,\"userName\":null,\"displayName\":\"toto\",\"password\":\"$2a$10$U9qpjYgWdBnqsGjux934kuky3CVGEC.VBsxWybAezoy.nBOcbc7Im\",\"emailAddress\":\"toto1.toto@yahoo.fr\",\"avatar\":\"/images/avatar/avatar_default.png\",\"messages\":[],\"conversation\":[]}]}]}"}
2025-08-26 10:57:33 [main] INFO  org.server.Server - Server started, waiting for clients...
2025-08-26 10:57:46 [pool-1-thread-2] INFO  org.server.Server - {"messageType":"USER_LOG_IN","payload":"{\"@json_id\":\"8c619099-bc47-491c-bec1-35ac546b1652\",\"id\":null,\"userName\":null,\"displayName\":null,\"password\":\"toto\",\"emailAddress\":\"toto.toto@yahoo.fr\",\"avatar\":null,\"messages\":[],\"conversation\":[]}"}
2025-08-26 10:57:47 [pool-1-thread-2] INFO  org.neo4j.ogm.metadata.DomainInfo - Starting Post-processing phase
2025-08-26 10:57:47 [pool-1-thread-2] INFO  org.neo4j.ogm.metadata.DomainInfo - Building byLabel lookup maps
2025-08-26 10:57:47 [pool-1-thread-2] INFO  org.neo4j.ogm.metadata.DomainInfo - Building interface class map for 4 classes
2025-08-26 10:57:47 [pool-1-thread-2] INFO  org.neo4j.ogm.metadata.DomainInfo - Post-processing complete
2025-08-26 10:57:47 [pool-1-thread-2] INFO  o.n.o.drivers.bolt.driver.BoltDriver - Shutting down Bolt driver org.neo4j.driver.internal.InternalDriver@519cb3ef 
2025-08-26 10:57:47 [pool-1-thread-2] INFO  org.server.action.UserAction - User connected !
2025-08-26 10:57:48 [pool-1-thread-2] INFO  org.server.Server - {"messageType":"CONVERSATION_DISPLAY","payload":"{\"@json_id\":\"698e61c5-eab5-45fe-8b5b-fe51582fa235\",\"id\":3,\"userName\":null,\"displayName\":\"toto\",\"password\":\"$2a$10$QET0aBXPOZ.Qpfzbcyj22OtxUpPZRpQICEyTE4aVwUGzyK8rGVTjq\",\"emailAddress\":\"toto.toto@yahoo.fr\",\"avatar\":\"/images/avatar/avatar_default.png\",\"messages\":[],\"conversation\":[]}"}
2025-08-26 10:57:48 [pool-1-thread-2] INFO  org.neo4j.ogm.metadata.DomainInfo - Starting Post-processing phase
2025-08-26 10:57:48 [pool-1-thread-2] INFO  org.neo4j.ogm.metadata.DomainInfo - Building byLabel lookup maps
2025-08-26 10:57:48 [pool-1-thread-2] INFO  org.neo4j.ogm.metadata.DomainInfo - Building interface class map for 4 classes
2025-08-26 10:57:48 [pool-1-thread-2] INFO  org.neo4j.ogm.metadata.DomainInfo - Post-processing complete
2025-08-26 10:57:48 [pool-1-thread-2] INFO  o.n.o.drivers.bolt.driver.BoltDriver - Shutting down Bolt driver org.neo4j.driver.internal.InternalDriver@5b506375 
2025-08-26 10:57:48 [pool-1-thread-2] INFO  o.server.action.ConversationAction - Conversations found !
2025-08-26 10:57:48 [pool-1-thread-2] INFO  org.server.Server - {"messageType":"READ_TARGET_AVATAR","payload":"{\"@json_id\":\"54156278-4233-4016-922a-5308be62b98c\",\"id\":0,\"userName\":null,\"displayName\":\"toto\",\"password\":\"$2a$10$U9qpjYgWdBnqsGjux934kuky3CVGEC.VBsxWybAezoy.nBOcbc7Im\",\"emailAddress\":\"toto1.toto@yahoo.fr\",\"avatar\":\"/images/avatar/avatar_default.png\",\"messages\":[],\"conversation\":[]}"}
2025-08-26 10:57:52 [pool-1-thread-2] INFO  org.server.Server - {"messageType":"ONLINE_USERS_FETCH","payload":null}
2025-08-26 10:57:54 [pool-1-thread-1] INFO  org.server.Server - {"messageType":"USER_LOG_IN","payload":"{\"@json_id\":\"1ff62774-47a0-4942-bc2a-714cafb0ba38\",\"id\":null,\"userName\":null,\"displayName\":null,\"password\":\"toto\",\"emailAddress\":\"toto1.toto@yahoo.fr\",\"avatar\":null,\"messages\":[],\"conversation\":[]}"}
2025-08-26 10:57:54 [pool-1-thread-1] INFO  org.neo4j.ogm.metadata.DomainInfo - Starting Post-processing phase
2025-08-26 10:57:54 [pool-1-thread-1] INFO  org.neo4j.ogm.metadata.DomainInfo - Building byLabel lookup maps
2025-08-26 10:57:54 [pool-1-thread-1] INFO  org.neo4j.ogm.metadata.DomainInfo - Building interface class map for 4 classes
2025-08-26 10:57:54 [pool-1-thread-1] INFO  org.neo4j.ogm.metadata.DomainInfo - Post-processing complete
2025-08-26 10:57:54 [pool-1-thread-1] INFO  o.n.o.drivers.bolt.driver.BoltDriver - Shutting down Bolt driver org.neo4j.driver.internal.InternalDriver@49b025b 
2025-08-26 10:57:54 [pool-1-thread-1] INFO  org.server.action.UserAction - User connected !
2025-08-26 10:57:55 [pool-1-thread-1] INFO  org.server.Server - {"messageType":"CONVERSATION_DISPLAY","payload":"{\"@json_id\":\"f3436e94-29f9-4737-b0a7-3ac4b71ff68e\",\"id\":0,\"userName\":null,\"displayName\":\"toto\",\"password\":\"$2a$10$U9qpjYgWdBnqsGjux934kuky3CVGEC.VBsxWybAezoy.nBOcbc7Im\",\"emailAddress\":\"toto1.toto@yahoo.fr\",\"avatar\":\"/images/avatar/avatar_default.png\",\"messages\":[],\"conversation\":[]}"}
2025-08-26 10:57:55 [pool-1-thread-1] INFO  org.neo4j.ogm.metadata.DomainInfo - Starting Post-processing phase
2025-08-26 10:57:55 [pool-1-thread-1] INFO  org.neo4j.ogm.metadata.DomainInfo - Building byLabel lookup maps
2025-08-26 10:57:55 [pool-1-thread-1] INFO  org.neo4j.ogm.metadata.DomainInfo - Building interface class map for 4 classes
2025-08-26 10:57:55 [pool-1-thread-1] INFO  org.neo4j.ogm.metadata.DomainInfo - Post-processing complete
2025-08-26 10:57:55 [pool-1-thread-1] INFO  o.n.o.drivers.bolt.driver.BoltDriver - Shutting down Bolt driver org.neo4j.driver.internal.InternalDriver@52f36021 
2025-08-26 10:57:55 [pool-1-thread-1] INFO  o.server.action.ConversationAction - Conversations found !
2025-08-26 10:57:55 [pool-1-thread-1] INFO  org.server.Server - {"messageType":"READ_TARGET_AVATAR","payload":"{\"@json_id\":\"88bb2225-f6a2-4f3c-ab7f-c892b89d7dd0\",\"id\":3,\"userName\":null,\"displayName\":\"toto\",\"password\":\"$2a$10$QET0aBXPOZ.Qpfzbcyj22OtxUpPZRpQICEyTE4aVwUGzyK8rGVTjq\",\"emailAddress\":\"toto.toto@yahoo.fr\",\"avatar\":\"/images/avatar/avatar_default.png\",\"messages\":[],\"conversation\":[]}"}
2025-08-26 10:58:00 [pool-1-thread-1] INFO  org.server.Server - {"messageType":"ONLINE_USERS_FETCH","payload":null}
2025-08-26 10:58:02 [pool-1-thread-2] INFO  org.server.Server - {"messageType":"ONLINE_USERS_FETCH","payload":null}
2025-08-26 10:58:04 [pool-1-thread-2] INFO  org.server.Server - {"messageType":"USER_EXIT","payload":"{\"@json_id\":\"83eb8100-4707-42c8-8264-0035446b2aa7\",\"id\":3,\"userName\":null,\"displayName\":\"toto\",\"password\":\"$2a$10$QET0aBXPOZ.Qpfzbcyj22OtxUpPZRpQICEyTE4aVwUGzyK8rGVTjq\",\"emailAddress\":\"toto.toto@yahoo.fr\",\"avatar\":\"/images/avatar/avatar_default.png\",\"messages\":[],\"conversation\":[{\"@json_id\":\"a2716004-9f81-4b63-80a4-a5cd40dd647d\",\"id\":14,\"messages\":[{\"@json_id\":\"1032b840-d746-47b3-9cdd-145ceaf1fe2b\",\"id\":13,\"time\":[2025,8,24,18,34,42,319695466],\"content\":\"test\",\"readStatuses\":[],\"sender\":null}],\"participants\":[{\"@json_id\":\"7589a5d5-6d84-4f7a-b72d-421395af960d\",\"id\":0,\"userName\":null,\"displayName\":\"toto\",\"password\":\"$2a$10$U9qpjYgWdBnqsGjux934kuky3CVGEC.VBsxWybAezoy.nBOcbc7Im\",\"emailAddress\":\"toto1.toto@yahoo.fr\",\"avatar\":\"/images/avatar/avatar_default.png\",\"messages\":[],\"conversation\":[]},{\"@json_id\":\"a1ea09b9-8b2f-40cb-b74f-620566f54f51\",\"id\":3,\"userName\":null,\"displayName\":\"toto\",\"password\":\"$2a$10$QET0aBXPOZ.Qpfzbcyj22OtxUpPZRpQICEyTE4aVwUGzyK8rGVTjq\",\"emailAddress\":\"toto.toto@yahoo.fr\",\"avatar\":\"/images/avatar/avatar_default.png\",\"messages\":[],\"conversation\":[]}]}]}"}
2025-08-26 10:58:10 [pool-1-thread-1] INFO  org.server.Server - {"messageType":"ONLINE_USERS_FETCH","payload":null}
2025-08-26 10:58:20 [pool-1-thread-1] INFO  org.server.Server - {"messageType":"ONLINE_USERS_FETCH","payload":null}
2025-08-26 10:58:28 [pool-1-thread-1] INFO  org.server.Server - {"messageType":"USER_EXIT","payload":"{\"@json_id\":\"f8044f59-cb4a-497e-a53f-3a133d3f97aa\",\"id\":0,\"userName\":null,\"displayName\":\"toto\",\"password\":\"$2a$10$U9qpjYgWdBnqsGjux934kuky3CVGEC.VBsxWybAezoy.nBOcbc7Im\",\"emailAddress\":\"toto1.toto@yahoo.fr\",\"avatar\":\"/images/avatar/avatar_default.png\",\"messages\":[],\"conversation\":[{\"@json_id\":\"cfdd4589-a823-4982-bc4f-8384e261c55b\",\"id\":14,\"messages\":[{\"@json_id\":\"3695c309-3815-4ab5-ac69-36289098befc\",\"id\":13,\"time\":[2025,8,24,18,34,42,319695466],\"content\":\"test\",\"readStatuses\":[],\"sender\":null}],\"participants\":[{\"@json_id\":\"08d2b9a1-3131-4fa5-a7d7-d3ef41498c25\",\"id\":3,\"userName\":null,\"displayName\":\"toto\",\"password\":\"$2a$10$QET0aBXPOZ.Qpfzbcyj22OtxUpPZRpQICEyTE4aVwUGzyK8rGVTjq\",\"emailAddress\":\"toto.toto@yahoo.fr\",\"avatar\":\"/images/avatar/avatar_default.png\",\"messages\":[],\"conversation\":[]},{\"@json_id\":\"c4459c9e-1a86-4370-824d-5faecd665199\",\"id\":0,\"userName\":null,\"displayName\":\"toto\",\"password\":\"$2a$10$U9qpjYgWdBnqsGjux934kuky3CVGEC.VBsxWybAezoy.nBOcbc7Im\",\"emailAddress\":\"toto1.toto@yahoo.fr\",\"avatar\":\"/images/avatar/avatar_default.png\",\"messages\":[],\"conversation\":[]}]}]}"}
2025-08-26 10:59:37 [pool-1-thread-3] INFO  org.server.Server - {"messageType":"USER_LOG_IN","payload":"{\"@json_id\":\"b44efbf6-c220-4245-8190-02eefed5293a\",\"id\":null,\"userName\":null,\"displayName\":null,\"password\":\"toto\",\"emailAddress\":\"toto.toto@yahoo.fr\",\"avatar\":null,\"messages\":[],\"conversation\":[]}"}
2025-08-26 10:59:37 [pool-1-thread-3] INFO  org.neo4j.ogm.metadata.DomainInfo - Starting Post-processing phase
2025-08-26 10:59:37 [pool-1-thread-3] INFO  org.neo4j.ogm.metadata.DomainInfo - Building byLabel lookup maps
2025-08-26 10:59:37 [pool-1-thread-3] INFO  org.neo4j.ogm.metadata.DomainInfo - Building interface class map for 4 classes
2025-08-26 10:59:37 [pool-1-thread-3] INFO  org.neo4j.ogm.metadata.DomainInfo - Post-processing complete
2025-08-26 10:59:37 [pool-1-thread-3] INFO  o.n.o.drivers.bolt.driver.BoltDriver - Shutting down Bolt driver org.neo4j.driver.internal.InternalDriver@7355225d 
2025-08-26 10:59:38 [pool-1-thread-3] INFO  org.server.action.UserAction - User connected !
2025-08-26 10:59:38 [pool-1-thread-3] INFO  org.server.Server - {"messageType":"CONVERSATION_DISPLAY","payload":"{\"@json_id\":\"837b5459-17c1-459d-8b6a-631be8e24245\",\"id\":3,\"userName\":null,\"displayName\":\"toto\",\"password\":\"$2a$10$QET0aBXPOZ.Qpfzbcyj22OtxUpPZRpQICEyTE4aVwUGzyK8rGVTjq\",\"emailAddress\":\"toto.toto@yahoo.fr\",\"avatar\":\"/images/avatar/avatar_default.png\",\"messages\":[],\"conversation\":[]}"}
2025-08-26 10:59:38 [pool-1-thread-3] INFO  org.neo4j.ogm.metadata.DomainInfo - Starting Post-processing phase
2025-08-26 10:59:38 [pool-1-thread-3] INFO  org.neo4j.ogm.metadata.DomainInfo - Building byLabel lookup maps
2025-08-26 10:59:38 [pool-1-thread-3] INFO  org.neo4j.ogm.metadata.DomainInfo - Building interface class map for 4 classes
2025-08-26 10:59:38 [pool-1-thread-3] INFO  org.neo4j.ogm.metadata.DomainInfo - Post-processing complete
2025-08-26 10:59:38 [pool-1-thread-3] INFO  o.n.o.drivers.bolt.driver.BoltDriver - Shutting down Bolt driver org.neo4j.driver.internal.InternalDriver@2da403d3 
2025-08-26 10:59:38 [pool-1-thread-3] INFO  o.server.action.ConversationAction - Conversations found !
2025-08-26 10:59:38 [pool-1-thread-3] INFO  org.server.Server - {"messageType":"READ_TARGET_AVATAR","payload":"{\"@json_id\":\"91915670-16cc-436c-a7fe-e6f31e92c1a6\",\"id\":0,\"userName\":null,\"displayName\":\"toto\",\"password\":\"$2a$10$U9qpjYgWdBnqsGjux934kuky3CVGEC.VBsxWybAezoy.nBOcbc7Im\",\"emailAddress\":\"toto1.toto@yahoo.fr\",\"avatar\":\"/images/avatar/avatar_default.png\",\"messages\":[],\"conversation\":[]}"}
2025-08-26 10:59:41 [pool-1-thread-3] INFO  org.server.Server - {"messageType":"USER_EXIT","payload":"{\"@json_id\":\"890d5221-4569-4597-be71-8ca59f27899c\",\"id\":3,\"userName\":null,\"displayName\":\"toto\",\"password\":\"$2a$10$QET0aBXPOZ.Qpfzbcyj22OtxUpPZRpQICEyTE4aVwUGzyK8rGVTjq\",\"emailAddress\":\"toto.toto@yahoo.fr\",\"avatar\":\"/images/avatar/avatar_default.png\",\"messages\":[],\"conversation\":[{\"@json_id\":\"075deb70-e133-4c33-a982-cc0426418a59\",\"id\":14,\"messages\":[{\"@json_id\":\"0c69c0bf-0359-4c60-9494-09a7d4f79e31\",\"id\":13,\"time\":[2025,8,24,18,34,42,319695466],\"content\":\"test\",\"readStatuses\":[],\"sender\":null}],\"participants\":[{\"@json_id\":\"f95739d8-042d-4615-a5a6-79aedfbd86f2\",\"id\":0,\"userName\":null,\"displayName\":\"toto\",\"password\":\"$2a$10$U9qpjYgWdBnqsGjux934kuky3CVGEC.VBsxWybAezoy.nBOcbc7Im\",\"emailAddress\":\"toto1.toto@yahoo.fr\",\"avatar\":\"/images/avatar/avatar_default.png\",\"messages\":[],\"conversation\":[]},{\"@json_id\":\"73b0729b-b1c8-4b62-9d26-471b62ca8a01\",\"id\":3,\"userName\":null,\"displayName\":\"toto\",\"password\":\"$2a$10$QET0aBXPOZ.Qpfzbcyj22OtxUpPZRpQICEyTE4aVwUGzyK8rGVTjq\",\"emailAddress\":\"toto.toto@yahoo.fr\",\"avatar\":\"/images/avatar/avatar_default.png\",\"messages\":[],\"conversation\":[]}]}]}"}
2025-08-26 11:03:02 [pool-1-thread-4] INFO  org.server.Server - {"messageType":"USER_LOG_IN","payload":"{\"@json_id\":\"86f4940d-cb06-48a9-8423-6ed03600ce2a\",\"id\":null,\"userName\":null,\"displayName\":null,\"password\":\"toto\",\"emailAddress\":\"toto.toto@yahoo.fr\",\"avatar\":null,\"messages\":[],\"conversation\":[]}"}
2025-08-26 11:03:02 [pool-1-thread-4] INFO  org.neo4j.ogm.metadata.DomainInfo - Starting Post-processing phase
2025-08-26 11:03:02 [pool-1-thread-4] INFO  org.neo4j.ogm.metadata.DomainInfo - Building byLabel lookup maps
2025-08-26 11:03:02 [pool-1-thread-4] INFO  org.neo4j.ogm.metadata.DomainInfo - Building interface class map for 4 classes
2025-08-26 11:03:02 [pool-1-thread-4] INFO  org.neo4j.ogm.metadata.DomainInfo - Post-processing complete
2025-08-26 11:03:02 [pool-1-thread-4] INFO  o.n.o.drivers.bolt.driver.BoltDriver - Shutting down Bolt driver org.neo4j.driver.internal.InternalDriver@361bc416 
2025-08-26 11:03:02 [pool-1-thread-4] INFO  org.server.action.UserAction - User connected !
2025-08-26 11:03:03 [pool-1-thread-4] INFO  org.server.Server - {"messageType":"CONVERSATION_DISPLAY","payload":"{\"@json_id\":\"da121388-da61-4a04-b531-b470cb9a4e43\",\"id\":3,\"userName\":null,\"displayName\":\"toto\",\"password\":\"$2a$10$QET0aBXPOZ.Qpfzbcyj22OtxUpPZRpQICEyTE4aVwUGzyK8rGVTjq\",\"emailAddress\":\"toto.toto@yahoo.fr\",\"avatar\":\"/images/avatar/avatar_default.png\",\"messages\":[],\"conversation\":[]}"}
2025-08-26 11:03:03 [pool-1-thread-4] INFO  org.neo4j.ogm.metadata.DomainInfo - Starting Post-processing phase
2025-08-26 11:03:03 [pool-1-thread-4] INFO  org.neo4j.ogm.metadata.DomainInfo - Building byLabel lookup maps
2025-08-26 11:03:03 [pool-1-thread-4] INFO  org.neo4j.ogm.metadata.DomainInfo - Building interface class map for 4 classes
2025-08-26 11:03:03 [pool-1-thread-4] INFO  org.neo4j.ogm.metadata.DomainInfo - Post-processing complete
2025-08-26 11:03:03 [pool-1-thread-4] INFO  o.n.o.drivers.bolt.driver.BoltDriver - Shutting down Bolt driver org.neo4j.driver.internal.InternalDriver@67aa0d35 
2025-08-26 11:03:03 [pool-1-thread-4] INFO  o.server.action.ConversationAction - Conversations found !
2025-08-26 11:03:03 [pool-1-thread-4] INFO  org.server.Server - {"messageType":"READ_TARGET_AVATAR","payload":"{\"@json_id\":\"75988669-e192-4845-9bbb-e6e9baf49bd1\",\"id\":0,\"userName\":null,\"displayName\":\"toto\",\"password\":\"$2a$10$U9qpjYgWdBnqsGjux934kuky3CVGEC.VBsxWybAezoy.nBOcbc7Im\",\"emailAddress\":\"toto1.toto@yahoo.fr\",\"avatar\":\"/images/avatar/avatar_default.png\",\"messages\":[],\"conversation\":[]}"}
2025-08-26 11:03:08 [pool-1-thread-4] INFO  org.server.Server - {"messageType":"ONLINE_USERS_FETCH","payload":null}
2025-08-26 11:03:18 [pool-1-thread-4] INFO  org.server.Server - {"messageType":"ONLINE_USERS_FETCH","payload":null}
2025-08-26 11:03:28 [pool-1-thread-5] INFO  org.server.Server - {"messageType":"USER_LOG_IN","payload":"{\"@json_id\":\"2615c178-b1be-404f-84da-20ab1450de67\",\"id\":null,\"userName\":null,\"displayName\":null,\"password\":\"toto\",\"emailAddress\":\"toto1.toto@yahoo.fr\",\"avatar\":null,\"messages\":[],\"conversation\":[]}"}
2025-08-26 11:03:28 [pool-1-thread-5] INFO  org.neo4j.ogm.metadata.DomainInfo - Starting Post-processing phase
2025-08-26 11:03:28 [pool-1-thread-5] INFO  org.neo4j.ogm.metadata.DomainInfo - Building byLabel lookup maps
2025-08-26 11:03:28 [pool-1-thread-5] INFO  org.neo4j.ogm.metadata.DomainInfo - Building interface class map for 4 classes
2025-08-26 11:03:28 [pool-1-thread-5] INFO  org.neo4j.ogm.metadata.DomainInfo - Post-processing complete
2025-08-26 11:03:28 [pool-1-thread-5] INFO  o.n.o.drivers.bolt.driver.BoltDriver - Shutting down Bolt driver org.neo4j.driver.internal.InternalDriver@3e8c6c96 
2025-08-26 11:03:28 [pool-1-thread-4] INFO  org.server.Server - {"messageType":"ONLINE_USERS_FETCH","payload":null}
2025-08-26 11:03:28 [pool-1-thread-5] INFO  org.server.action.UserAction - User connected !
2025-08-26 11:03:28 [pool-1-thread-5] INFO  org.server.Server - {"messageType":"CONVERSATION_DISPLAY","payload":"{\"@json_id\":\"7eb3efc9-003d-49a2-9deb-86e44d07f090\",\"id\":0,\"userName\":null,\"displayName\":\"toto\",\"password\":\"$2a$10$U9qpjYgWdBnqsGjux934kuky3CVGEC.VBsxWybAezoy.nBOcbc7Im\",\"emailAddress\":\"toto1.toto@yahoo.fr\",\"avatar\":\"/images/avatar/avatar_default.png\",\"messages\":[],\"conversation\":[]}"}
2025-08-26 11:03:28 [pool-1-thread-5] INFO  org.neo4j.ogm.metadata.DomainInfo - Starting Post-processing phase
2025-08-26 11:03:28 [pool-1-thread-5] INFO  org.neo4j.ogm.metadata.DomainInfo - Building byLabel lookup maps
2025-08-26 11:03:28 [pool-1-thread-5] INFO  org.neo4j.ogm.metadata.DomainInfo - Building interface class map for 4 classes
2025-08-26 11:03:28 [pool-1-thread-5] INFO  org.neo4j.ogm.metadata.DomainInfo - Post-processing complete
2025-08-26 11:03:28 [pool-1-thread-5] INFO  o.n.o.drivers.bolt.driver.BoltDriver - Shutting down Bolt driver org.neo4j.driver.internal.InternalDriver@73629607 
2025-08-26 11:03:28 [pool-1-thread-5] INFO  o.server.action.ConversationAction - Conversations found !
2025-08-26 11:03:28 [pool-1-thread-5] INFO  org.server.Server - {"messageType":"READ_TARGET_AVATAR","payload":"{\"@json_id\":\"280aeb08-5e21-4a03-9d2b-18f1b88cf838\",\"id\":3,\"userName\":null,\"displayName\":\"toto\",\"password\":\"$2a$10$QET0aBXPOZ.Qpfzbcyj22OtxUpPZRpQICEyTE4aVwUGzyK8rGVTjq\",\"emailAddress\":\"toto.toto@yahoo.fr\",\"avatar\":\"/images/avatar/avatar_default.png\",\"messages\":[],\"conversation\":[]}"}
2025-08-26 11:03:33 [pool-1-thread-5] INFO  org.server.Server - {"messageType":"ONLINE_USERS_FETCH","payload":null}
2025-08-26 11:03:37 [pool-1-thread-5] INFO  org.server.Server - {"messageType":"USER_EXIT","payload":"{\"@json_id\":\"4a3f890a-c0f7-4d6c-b603-3ef7e9d92b18\",\"id\":0,\"userName\":null,\"displayName\":\"toto\",\"password\":\"$2a$10$U9qpjYgWdBnqsGjux934kuky3CVGEC.VBsxWybAezoy.nBOcbc7Im\",\"emailAddress\":\"toto1.toto@yahoo.fr\",\"avatar\":\"/images/avatar/avatar_default.png\",\"messages\":[],\"conversation\":[{\"@json_id\":\"b688fc86-56a8-4241-8e7c-df9cc388a8fa\",\"id\":14,\"messages\":[{\"@json_id\":\"ff7577ea-9aca-41f9-b02d-6803fa57a67f\",\"id\":13,\"time\":[2025,8,24,18,34,42,319695466],\"content\":\"test\",\"readStatuses\":[],\"sender\":null}],\"participants\":[{\"@json_id\":\"39ecab44-6c52-4b56-bdfb-b386676862c4\",\"id\":3,\"userName\":null,\"displayName\":\"toto\",\"password\":\"$2a$10$QET0aBXPOZ.Qpfzbcyj22OtxUpPZRpQICEyTE4aVwUGzyK8rGVTjq\",\"emailAddress\":\"toto.toto@yahoo.fr\",\"avatar\":\"/images/avatar/avatar_default.png\",\"messages\":[],\"conversation\":[]},{\"@json_id\":\"5e91ac6e-886c-4eca-a28f-b47af1fc1825\",\"id\":0,\"userName\":null,\"displayName\":\"toto\",\"password\":\"$2a$10$U9qpjYgWdBnqsGjux934kuky3CVGEC.VBsxWybAezoy.nBOcbc7Im\",\"emailAddress\":\"toto1.toto@yahoo.fr\",\"avatar\":\"/images/avatar/avatar_default.png\",\"messages\":[],\"conversation\":[]}]}]}"}
2025-08-26 11:03:38 [pool-1-thread-4] INFO  org.server.Server - {"messageType":"ONLINE_USERS_FETCH","payload":null}
2025-08-26 11:03:48 [pool-1-thread-4] INFO  org.server.Server - {"messageType":"ONLINE_USERS_FETCH","payload":null}
2025-08-26 11:03:54 [pool-1-thread-4] INFO  org.server.Server - {"messageType":"USER_EXIT","payload":"{\"@json_id\":\"0ecea557-710b-4f06-967e-02bab691725f\",\"id\":3,\"userName\":null,\"displayName\":\"toto\",\"password\":\"$2a$10$QET0aBXPOZ.Qpfzbcyj22OtxUpPZRpQICEyTE4aVwUGzyK8rGVTjq\",\"emailAddress\":\"toto.toto@yahoo.fr\",\"avatar\":\"/images/avatar/avatar_default.png\",\"messages\":[],\"conversation\":[{\"@json_id\":\"fa9280e2-9945-4bfa-84e0-a5b6dc6b6513\",\"id\":14,\"messages\":[{\"@json_id\":\"8f591076-5194-4bb5-b6b6-0d6321eb3721\",\"id\":13,\"time\":[2025,8,24,18,34,42,319695466],\"content\":\"test\",\"readStatuses\":[],\"sender\":null}],\"participants\":[{\"@json_id\":\"a3ae57ca-37eb-4946-bb2b-5dcafff4b92f\",\"id\":0,\"userName\":null,\"displayName\":\"toto\",\"password\":\"$2a$10$U9qpjYgWdBnqsGjux934kuky3CVGEC.VBsxWybAezoy.nBOcbc7Im\",\"emailAddress\":\"toto1.toto@yahoo.fr\",\"avatar\":\"/images/avatar/avatar_default.png\",\"messages\":[],\"conversation\":[]},{\"@json_id\":\"725cc385-a3a9-490e-a357-1f1bbf6d0ac0\",\"id\":3,\"userName\":null,\"displayName\":\"toto\",\"password\":\"$2a$10$QET0aBXPOZ.Qpfzbcyj22OtxUpPZRpQICEyTE4aVwUGzyK8rGVTjq\",\"emailAddress\":\"toto.toto@yahoo.fr\",\"avatar\":\"/images/avatar/avatar_default.png\",\"messages\":[],\"conversation\":[]}]}]}"}
2025-08-26 11:04:56 [pool-1-thread-4] INFO  org.server.Server - {"messageType":"USER_LOG_IN","payload":"{\"@json_id\":\"64ba563a-7b75-4a4c-b42d-d9083119b2da\",\"id\":null,\"userName\":null,\"displayName\":null,\"password\":\"toto\",\"emailAddress\":\"toto.toto@yahoo.fr\",\"avatar\":null,\"messages\":[],\"conversation\":[]}"}
2025-08-26 11:04:56 [pool-1-thread-4] INFO  org.neo4j.ogm.metadata.DomainInfo - Starting Post-processing phase
2025-08-26 11:04:56 [pool-1-thread-4] INFO  org.neo4j.ogm.metadata.DomainInfo - Building byLabel lookup maps
2025-08-26 11:04:56 [pool-1-thread-4] INFO  org.neo4j.ogm.metadata.DomainInfo - Building interface class map for 4 classes
2025-08-26 11:04:56 [pool-1-thread-4] INFO  org.neo4j.ogm.metadata.DomainInfo - Post-processing complete
2025-08-26 11:04:56 [pool-1-thread-4] INFO  o.n.o.drivers.bolt.driver.BoltDriver - Shutting down Bolt driver org.neo4j.driver.internal.InternalDriver@7e329ce8 
2025-08-26 11:04:57 [pool-1-thread-4] INFO  org.server.action.UserAction - User connected !
2025-08-26 11:04:57 [pool-1-thread-4] INFO  org.server.Server - {"messageType":"CONVERSATION_DISPLAY","payload":"{\"@json_id\":\"1cfe2792-906e-4140-ba77-5c6688259cc6\",\"id\":3,\"userName\":null,\"displayName\":\"toto\",\"password\":\"$2a$10$QET0aBXPOZ.Qpfzbcyj22OtxUpPZRpQICEyTE4aVwUGzyK8rGVTjq\",\"emailAddress\":\"toto.toto@yahoo.fr\",\"avatar\":\"/images/avatar/avatar_default.png\",\"messages\":[],\"conversation\":[]}"}
2025-08-26 11:04:57 [pool-1-thread-4] INFO  org.neo4j.ogm.metadata.DomainInfo - Starting Post-processing phase
2025-08-26 11:04:57 [pool-1-thread-4] INFO  org.neo4j.ogm.metadata.DomainInfo - Building byLabel lookup maps
2025-08-26 11:04:57 [pool-1-thread-4] INFO  org.neo4j.ogm.metadata.DomainInfo - Building interface class map for 4 classes
2025-08-26 11:04:57 [pool-1-thread-4] INFO  org.neo4j.ogm.metadata.DomainInfo - Post-processing complete
2025-08-26 11:04:57 [pool-1-thread-4] INFO  o.n.o.drivers.bolt.driver.BoltDriver - Shutting down Bolt driver org.neo4j.driver.internal.InternalDriver@52279acf 
2025-08-26 11:04:57 [pool-1-thread-4] INFO  o.server.action.ConversationAction - Conversations found !
2025-08-26 11:04:57 [pool-1-thread-4] INFO  org.server.Server - {"messageType":"READ_TARGET_AVATAR","payload":"{\"@json_id\":\"b9761946-b563-4475-ab5a-65654d25b572\",\"id\":0,\"userName\":null,\"displayName\":\"toto\",\"password\":\"$2a$10$U9qpjYgWdBnqsGjux934kuky3CVGEC.VBsxWybAezoy.nBOcbc7Im\",\"emailAddress\":\"toto1.toto@yahoo.fr\",\"avatar\":\"/images/avatar/avatar_default.png\",\"messages\":[],\"conversation\":[]}"}
2025-08-26 11:05:01 [pool-1-thread-4] INFO  org.server.Server - {"messageType":"USER_EXIT","payload":"{\"@json_id\":\"c2c3df9a-31a1-45ef-a382-4928f64d50b2\",\"id\":3,\"userName\":null,\"displayName\":\"toto\",\"password\":\"$2a$10$QET0aBXPOZ.Qpfzbcyj22OtxUpPZRpQICEyTE4aVwUGzyK8rGVTjq\",\"emailAddress\":\"toto.toto@yahoo.fr\",\"avatar\":\"/images/avatar/avatar_default.png\",\"messages\":[],\"conversation\":[{\"@json_id\":\"c9e9f9e8-6e7d-4cd2-8dff-115910e5f109\",\"id\":14,\"messages\":[{\"@json_id\":\"1e72675c-d6f7-4a97-a310-1ea83b1a0e67\",\"id\":13,\"time\":[2025,8,24,18,34,42,319695466],\"content\":\"test\",\"readStatuses\":[],\"sender\":null}],\"participants\":[{\"@json_id\":\"09956b56-e9fa-4e2d-816c-d8a1073c3c0d\",\"id\":3,\"userName\":null,\"displayName\":\"toto\",\"password\":\"$2a$10$QET0aBXPOZ.Qpfzbcyj22OtxUpPZRpQICEyTE4aVwUGzyK8rGVTjq\",\"emailAddress\":\"toto.toto@yahoo.fr\",\"avatar\":\"/images/avatar/avatar_default.png\",\"messages\":[],\"conversation\":[]},{\"@json_id\":\"d435551e-eba7-4e68-95c5-77b8fc5aa6a3\",\"id\":0,\"userName\":null,\"displayName\":\"toto\",\"password\":\"$2a$10$U9qpjYgWdBnqsGjux934kuky3CVGEC.VBsxWybAezoy.nBOcbc7Im\",\"emailAddress\":\"toto1.toto@yahoo.fr\",\"avatar\":\"/images/avatar/avatar_default.png\",\"messages\":[],\"conversation\":[]}]}]}"}
2025-08-26 11:06:31 [main] INFO  org.server.Server - Server started, waiting for clients...
2025-08-26 11:06:50 [pool-1-thread-1] INFO  org.server.Server - {"messageType":"USER_LOG_IN","payload":"{\"@json_id\":\"8af7decb-6270-4b38-a4a5-d69fba59b3a5\",\"id\":null,\"userName\":null,\"displayName\":null,\"password\":\"toto\",\"emailAddress\":\"toto.toto@yahoo.fr\",\"avatar\":null,\"messages\":[],\"conversation\":[]}"}
2025-08-26 11:06:50 [pool-1-thread-1] INFO  org.neo4j.ogm.metadata.DomainInfo - Starting Post-processing phase
2025-08-26 11:06:50 [pool-1-thread-1] INFO  org.neo4j.ogm.metadata.DomainInfo - Building byLabel lookup maps
2025-08-26 11:06:50 [pool-1-thread-1] INFO  org.neo4j.ogm.metadata.DomainInfo - Building interface class map for 4 classes
2025-08-26 11:06:50 [pool-1-thread-1] INFO  org.neo4j.ogm.metadata.DomainInfo - Post-processing complete
2025-08-26 11:06:50 [pool-1-thread-1] INFO  o.n.o.drivers.bolt.driver.BoltDriver - Shutting down Bolt driver org.neo4j.driver.internal.InternalDriver@5bc4bd4d 
2025-08-26 11:06:50 [pool-1-thread-1] INFO  org.server.action.UserAction - User connected !
2025-08-26 11:06:51 [pool-1-thread-1] INFO  org.server.Server - {"messageType":"CONVERSATION_DISPLAY","payload":"{\"@json_id\":\"672107a3-2520-4339-b872-7b09d53fc83a\",\"id\":3,\"userName\":null,\"displayName\":\"toto\",\"password\":\"$2a$10$QET0aBXPOZ.Qpfzbcyj22OtxUpPZRpQICEyTE4aVwUGzyK8rGVTjq\",\"emailAddress\":\"toto.toto@yahoo.fr\",\"avatar\":\"/images/avatar/avatar_default.png\",\"messages\":[],\"conversation\":[]}"}
2025-08-26 11:06:51 [pool-1-thread-1] INFO  org.neo4j.ogm.metadata.DomainInfo - Starting Post-processing phase
2025-08-26 11:06:51 [pool-1-thread-1] INFO  org.neo4j.ogm.metadata.DomainInfo - Building byLabel lookup maps
2025-08-26 11:06:51 [pool-1-thread-1] INFO  org.neo4j.ogm.metadata.DomainInfo - Building interface class map for 4 classes
2025-08-26 11:06:51 [pool-1-thread-1] INFO  org.neo4j.ogm.metadata.DomainInfo - Post-processing complete
2025-08-26 11:06:51 [pool-1-thread-1] INFO  o.n.o.drivers.bolt.driver.BoltDriver - Shutting down Bolt driver org.neo4j.driver.internal.InternalDriver@5100ad11 
2025-08-26 11:06:51 [pool-1-thread-1] INFO  o.server.action.ConversationAction - Conversations found !
2025-08-26 11:06:51 [pool-1-thread-1] INFO  org.server.Server - {"messageType":"READ_TARGET_AVATAR","payload":"{\"@json_id\":\"819cee59-8d68-4c03-9538-986878b374d3\",\"id\":0,\"userName\":null,\"displayName\":\"toto\",\"password\":\"$2a$10$U9qpjYgWdBnqsGjux934kuky3CVGEC.VBsxWybAezoy.nBOcbc7Im\",\"emailAddress\":\"toto1.toto@yahoo.fr\",\"avatar\":\"/images/avatar/avatar_default.png\",\"messages\":[],\"conversation\":[]}"}
2025-08-26 11:06:56 [pool-1-thread-1] INFO  org.server.Server - {"messageType":"ONLINE_USERS_FETCH","payload":null}
2025-08-26 11:06:57 [pool-1-thread-1] INFO  org.server.Server - {"messageType":"USER_EXIT","payload":"{\"@json_id\":\"4a6713c0-164d-4798-98e9-2c09265926ca\",\"id\":3,\"userName\":null,\"displayName\":\"toto\",\"password\":\"$2a$10$QET0aBXPOZ.Qpfzbcyj22OtxUpPZRpQICEyTE4aVwUGzyK8rGVTjq\",\"emailAddress\":\"toto.toto@yahoo.fr\",\"avatar\":\"/images/avatar/avatar_default.png\",\"messages\":[],\"conversation\":[{\"@json_id\":\"5168712f-496e-4cab-87c9-920c93258f64\",\"id\":14,\"messages\":[{\"@json_id\":\"bc1b8b60-7ffe-4a48-9d08-2e1658d698bc\",\"id\":13,\"time\":[2025,8,24,18,34,42,319695466],\"content\":\"test\",\"readStatuses\":[],\"sender\":null}],\"participants\":[{\"@json_id\":\"d118a26f-a798-4314-b5c1-83998b080534\",\"id\":0,\"userName\":null,\"displayName\":\"toto\",\"password\":\"$2a$10$U9qpjYgWdBnqsGjux934kuky3CVGEC.VBsxWybAezoy.nBOcbc7Im\",\"emailAddress\":\"toto1.toto@yahoo.fr\",\"avatar\":\"/images/avatar/avatar_default.png\",\"messages\":[],\"conversation\":[]},{\"@json_id\":\"9e757214-42c5-466f-9557-57cb1c9ec9b4\",\"id\":3,\"userName\":null,\"displayName\":\"toto\",\"password\":\"$2a$10$QET0aBXPOZ.Qpfzbcyj22OtxUpPZRpQICEyTE4aVwUGzyK8rGVTjq\",\"emailAddress\":\"toto.toto@yahoo.fr\",\"avatar\":\"/images/avatar/avatar_default.png\",\"messages\":[],\"conversation\":[]}]}]}"}
2025-08-26 11:08:46 [main] INFO  org.server.Server - Server started, waiting for clients...
2025-08-26 11:09:02 [pool-1-thread-1] INFO  org.server.Server - {"messageType":"USER_LOG_IN","payload":"{\"@json_id\":\"5e6e83fe-6066-49b0-af79-4c95126c3b85\",\"id\":null,\"userName\":null,\"displayName\":null,\"password\":\"toto\",\"emailAddress\":\"toto.toto@yahoo.fr\",\"avatar\":null,\"messages\":[],\"conversation\":[]}"}
2025-08-26 11:09:03 [pool-1-thread-1] INFO  org.neo4j.ogm.metadata.DomainInfo - Starting Post-processing phase
2025-08-26 11:09:03 [pool-1-thread-1] INFO  org.neo4j.ogm.metadata.DomainInfo - Building byLabel lookup maps
2025-08-26 11:09:03 [pool-1-thread-1] INFO  org.neo4j.ogm.metadata.DomainInfo - Building interface class map for 4 classes
2025-08-26 11:09:03 [pool-1-thread-1] INFO  org.neo4j.ogm.metadata.DomainInfo - Post-processing complete
2025-08-26 11:09:03 [pool-1-thread-1] INFO  o.n.o.drivers.bolt.driver.BoltDriver - Shutting down Bolt driver org.neo4j.driver.internal.InternalDriver@76164e4e 
2025-08-26 11:09:03 [pool-1-thread-1] INFO  org.server.action.UserAction - User connected !
2025-08-26 11:09:03 [pool-1-thread-1] INFO  org.server.Server - {"messageType":"CONVERSATION_DISPLAY","payload":"{\"@json_id\":\"85372179-de7a-4947-a6bc-ac0862c609c5\",\"id\":3,\"userName\":null,\"displayName\":\"toto\",\"password\":\"$2a$10$QET0aBXPOZ.Qpfzbcyj22OtxUpPZRpQICEyTE4aVwUGzyK8rGVTjq\",\"emailAddress\":\"toto.toto@yahoo.fr\",\"avatar\":\"/images/avatar/avatar_default.png\",\"messages\":[],\"conversation\":[]}"}
2025-08-26 11:09:03 [pool-1-thread-1] INFO  org.neo4j.ogm.metadata.DomainInfo - Starting Post-processing phase
2025-08-26 11:09:03 [pool-1-thread-1] INFO  org.neo4j.ogm.metadata.DomainInfo - Building byLabel lookup maps
2025-08-26 11:09:03 [pool-1-thread-1] INFO  org.neo4j.ogm.metadata.DomainInfo - Building interface class map for 4 classes
2025-08-26 11:09:03 [pool-1-thread-1] INFO  org.neo4j.ogm.metadata.DomainInfo - Post-processing complete
2025-08-26 11:09:03 [pool-1-thread-1] INFO  o.n.o.drivers.bolt.driver.BoltDriver - Shutting down Bolt driver org.neo4j.driver.internal.InternalDriver@61f2ca0 
2025-08-26 11:09:04 [pool-1-thread-1] INFO  o.server.action.ConversationAction - Conversations found !
2025-08-26 11:09:04 [pool-1-thread-1] INFO  org.server.Server - {"messageType":"READ_TARGET_AVATAR","payload":"{\"@json_id\":\"8e6ad2dc-f502-47cf-8564-66aaa69a2690\",\"id\":0,\"userName\":null,\"displayName\":\"toto\",\"password\":\"$2a$10$U9qpjYgWdBnqsGjux934kuky3CVGEC.VBsxWybAezoy.nBOcbc7Im\",\"emailAddress\":\"toto1.toto@yahoo.fr\",\"avatar\":\"/images/avatar/avatar_default.png\",\"messages\":[],\"conversation\":[]}"}
2025-08-26 11:09:08 [pool-1-thread-1] INFO  org.server.Server - {"messageType":"ONLINE_USERS_FETCH","payload":null}
2025-08-26 11:09:13 [pool-1-thread-2] INFO  org.server.Server - {"messageType":"USER_LOG_IN","payload":"{\"@json_id\":\"8cc0cf89-5930-4213-bb16-cfc0395a4c70\",\"id\":null,\"userName\":null,\"displayName\":null,\"password\":\"toto\",\"emailAddress\":\"toto1.toto@yahoo.fr\",\"avatar\":null,\"messages\":[],\"conversation\":[]}"}
2025-08-26 11:09:13 [pool-1-thread-2] INFO  org.neo4j.ogm.metadata.DomainInfo - Starting Post-processing phase
2025-08-26 11:09:13 [pool-1-thread-2] INFO  org.neo4j.ogm.metadata.DomainInfo - Building byLabel lookup maps
2025-08-26 11:09:13 [pool-1-thread-2] INFO  org.neo4j.ogm.metadata.DomainInfo - Building interface class map for 4 classes
2025-08-26 11:09:13 [pool-1-thread-2] INFO  org.neo4j.ogm.metadata.DomainInfo - Post-processing complete
2025-08-26 11:09:13 [pool-1-thread-2] INFO  o.n.o.drivers.bolt.driver.BoltDriver - Shutting down Bolt driver org.neo4j.driver.internal.InternalDriver@43681e0 
2025-08-26 11:09:13 [pool-1-thread-2] INFO  org.server.action.UserAction - User connected !
2025-08-26 11:09:14 [pool-1-thread-2] INFO  org.server.Server - {"messageType":"CONVERSATION_DISPLAY","payload":"{\"@json_id\":\"54851fbb-da41-4070-bfa8-b35214831753\",\"id\":0,\"userName\":null,\"displayName\":\"toto\",\"password\":\"$2a$10$U9qpjYgWdBnqsGjux934kuky3CVGEC.VBsxWybAezoy.nBOcbc7Im\",\"emailAddress\":\"toto1.toto@yahoo.fr\",\"avatar\":\"/images/avatar/avatar_default.png\",\"messages\":[],\"conversation\":[]}"}
2025-08-26 11:09:14 [pool-1-thread-2] INFO  org.neo4j.ogm.metadata.DomainInfo - Starting Post-processing phase
2025-08-26 11:09:14 [pool-1-thread-2] INFO  org.neo4j.ogm.metadata.DomainInfo - Building byLabel lookup maps
2025-08-26 11:09:14 [pool-1-thread-2] INFO  org.neo4j.ogm.metadata.DomainInfo - Building interface class map for 4 classes
2025-08-26 11:09:14 [pool-1-thread-2] INFO  org.neo4j.ogm.metadata.DomainInfo - Post-processing complete
2025-08-26 11:09:14 [pool-1-thread-2] INFO  o.n.o.drivers.bolt.driver.BoltDriver - Shutting down Bolt driver org.neo4j.driver.internal.InternalDriver@4c62ddae 
2025-08-26 11:09:14 [pool-1-thread-2] INFO  o.server.action.ConversationAction - Conversations found !
2025-08-26 11:09:14 [pool-1-thread-2] INFO  org.server.Server - {"messageType":"READ_TARGET_AVATAR","payload":"{\"@json_id\":\"b9150918-ba36-4116-8b54-afd6b3213e48\",\"id\":3,\"userName\":null,\"displayName\":\"toto\",\"password\":\"$2a$10$QET0aBXPOZ.Qpfzbcyj22OtxUpPZRpQICEyTE4aVwUGzyK8rGVTjq\",\"emailAddress\":\"toto.toto@yahoo.fr\",\"avatar\":\"/images/avatar/avatar_default.png\",\"messages\":[],\"conversation\":[]}"}
2025-08-26 11:09:18 [pool-1-thread-1] INFO  org.server.Server - {"messageType":"ONLINE_USERS_FETCH","payload":null}
2025-08-26 11:09:19 [pool-1-thread-2] INFO  org.server.Server - {"messageType":"ONLINE_USERS_FETCH","payload":null}
2025-08-26 11:09:22 [pool-1-thread-2] INFO  org.server.Server - {"messageType":"USER_EXIT","payload":"{\"@json_id\":\"28ea7dc7-6205-41fd-877e-a389054a0ab9\",\"id\":0,\"userName\":null,\"displayName\":\"toto\",\"password\":\"$2a$10$U9qpjYgWdBnqsGjux934kuky3CVGEC.VBsxWybAezoy.nBOcbc7Im\",\"emailAddress\":\"toto1.toto@yahoo.fr\",\"avatar\":\"/images/avatar/avatar_default.png\",\"messages\":[],\"conversation\":[{\"@json_id\":\"fc50f5ec-9bbb-4c9d-8ace-fe6cb4cc0808\",\"id\":14,\"messages\":[{\"@json_id\":\"a2e6154b-9d33-42fd-9861-325d9f8787b2\",\"id\":13,\"time\":[2025,8,24,18,34,42,319695466],\"content\":\"test\",\"readStatuses\":[],\"sender\":null}],\"participants\":[{\"@json_id\":\"4cac8170-ee44-432d-bbce-76cba034da67\",\"id\":0,\"userName\":null,\"displayName\":\"toto\",\"password\":\"$2a$10$U9qpjYgWdBnqsGjux934kuky3CVGEC.VBsxWybAezoy.nBOcbc7Im\",\"emailAddress\":\"toto1.toto@yahoo.fr\",\"avatar\":\"/images/avatar/avatar_default.png\",\"messages\":[],\"conversation\":[]},{\"@json_id\":\"484b0478-3ede-4a31-ac76-58254b9bf7b2\",\"id\":3,\"userName\":null,\"displayName\":\"toto\",\"password\":\"$2a$10$QET0aBXPOZ.Qpfzbcyj22OtxUpPZRpQICEyTE4aVwUGzyK8rGVTjq\",\"emailAddress\":\"toto.toto@yahoo.fr\",\"avatar\":\"/images/avatar/avatar_default.png\",\"messages\":[],\"conversation\":[]}]}]}"}
2025-08-26 11:09:28 [pool-1-thread-1] INFO  org.server.Server - {"messageType":"ONLINE_USERS_FETCH","payload":null}
2025-08-26 11:09:38 [pool-1-thread-1] INFO  org.server.Server - {"messageType":"ONLINE_USERS_FETCH","payload":null}
2025-08-26 11:09:48 [pool-1-thread-1] INFO  org.server.Server - {"messageType":"ONLINE_USERS_FETCH","payload":null}
2025-08-26 11:09:58 [pool-1-thread-1] INFO  org.server.Server - {"messageType":"ONLINE_USERS_FETCH","payload":null}
2025-08-26 11:10:08 [pool-1-thread-1] INFO  org.server.Server - {"messageType":"ONLINE_USERS_FETCH","payload":null}
2025-08-26 11:10:18 [pool-1-thread-1] INFO  org.server.Server - {"messageType":"ONLINE_USERS_FETCH","payload":null}
2025-08-26 11:10:28 [pool-1-thread-1] INFO  org.server.Server - {"messageType":"ONLINE_USERS_FETCH","payload":null}
2025-08-26 11:10:38 [pool-1-thread-1] INFO  org.server.Server - {"messageType":"ONLINE_USERS_FETCH","payload":null}
2025-08-26 11:10:48 [pool-1-thread-1] INFO  org.server.Server - {"messageType":"ONLINE_USERS_FETCH","payload":null}
2025-08-26 11:10:58 [pool-1-thread-3] INFO  org.server.Server - {"messageType":"USER_LOG_IN","payload":"{\"@json_id\":\"563f8b10-c2f8-4ce6-af77-89496125cc9a\",\"id\":null,\"userName\":null,\"displayName\":null,\"password\":\"toto\",\"emailAddress\":\"toto1.toto@yahoo.fr\",\"avatar\":null,\"messages\":[],\"conversation\":[]}"}
2025-08-26 11:10:58 [pool-1-thread-3] INFO  org.neo4j.ogm.metadata.DomainInfo - Starting Post-processing phase
2025-08-26 11:10:58 [pool-1-thread-3] INFO  org.neo4j.ogm.metadata.DomainInfo - Building byLabel lookup maps
2025-08-26 11:10:58 [pool-1-thread-3] INFO  org.neo4j.ogm.metadata.DomainInfo - Building interface class map for 4 classes
2025-08-26 11:10:58 [pool-1-thread-3] INFO  org.neo4j.ogm.metadata.DomainInfo - Post-processing complete
2025-08-26 11:10:58 [pool-1-thread-3] INFO  o.n.o.drivers.bolt.driver.BoltDriver - Shutting down Bolt driver org.neo4j.driver.internal.InternalDriver@7355225d 
2025-08-26 11:10:58 [pool-1-thread-3] INFO  org.server.action.UserAction - User connected !
2025-08-26 11:10:58 [pool-1-thread-1] INFO  org.server.Server - {"messageType":"ONLINE_USERS_FETCH","payload":null}
2025-08-26 11:10:58 [pool-1-thread-3] INFO  org.server.Server - {"messageType":"CONVERSATION_DISPLAY","payload":"{\"@json_id\":\"10229b78-260c-47da-a1ed-56a926a8458e\",\"id\":0,\"userName\":null,\"displayName\":\"toto\",\"password\":\"$2a$10$U9qpjYgWdBnqsGjux934kuky3CVGEC.VBsxWybAezoy.nBOcbc7Im\",\"emailAddress\":\"toto1.toto@yahoo.fr\",\"avatar\":\"/images/avatar/avatar_default.png\",\"messages\":[],\"conversation\":[]}"}
2025-08-26 11:10:58 [pool-1-thread-3] INFO  org.neo4j.ogm.metadata.DomainInfo - Starting Post-processing phase
2025-08-26 11:10:58 [pool-1-thread-3] INFO  org.neo4j.ogm.metadata.DomainInfo - Building byLabel lookup maps
2025-08-26 11:10:58 [pool-1-thread-3] INFO  org.neo4j.ogm.metadata.DomainInfo - Building interface class map for 4 classes
2025-08-26 11:10:58 [pool-1-thread-3] INFO  org.neo4j.ogm.metadata.DomainInfo - Post-processing complete
2025-08-26 11:10:58 [pool-1-thread-3] INFO  o.n.o.drivers.bolt.driver.BoltDriver - Shutting down Bolt driver org.neo4j.driver.internal.InternalDriver@2da403d3 
2025-08-26 11:10:59 [pool-1-thread-3] INFO  o.server.action.ConversationAction - Conversations found !
2025-08-26 11:10:59 [pool-1-thread-3] INFO  org.server.Server - {"messageType":"READ_TARGET_AVATAR","payload":"{\"@json_id\":\"166ac27f-6845-4382-a935-ff0c813350ea\",\"id\":3,\"userName\":null,\"displayName\":\"toto\",\"password\":\"$2a$10$QET0aBXPOZ.Qpfzbcyj22OtxUpPZRpQICEyTE4aVwUGzyK8rGVTjq\",\"emailAddress\":\"toto.toto@yahoo.fr\",\"avatar\":\"/images/avatar/avatar_default.png\",\"messages\":[],\"conversation\":[]}"}
2025-08-26 11:11:03 [pool-1-thread-3] INFO  org.server.Server - {"messageType":"ONLINE_USERS_FETCH","payload":null}
2025-08-26 11:11:08 [pool-1-thread-1] INFO  org.server.Server - {"messageType":"ONLINE_USERS_FETCH","payload":null}
2025-08-26 11:11:09 [pool-1-thread-3] INFO  org.server.Server - {"messageType":"USER_EXIT","payload":"{\"@json_id\":\"cae6e120-a05e-44fb-9d76-77b2f78c8782\",\"id\":0,\"userName\":null,\"displayName\":\"toto\",\"password\":\"$2a$10$U9qpjYgWdBnqsGjux934kuky3CVGEC.VBsxWybAezoy.nBOcbc7Im\",\"emailAddress\":\"toto1.toto@yahoo.fr\",\"avatar\":\"/images/avatar/avatar_default.png\",\"messages\":[],\"conversation\":[{\"@json_id\":\"815d1609-f9d4-40ad-945b-7a75230343ee\",\"id\":14,\"messages\":[{\"@json_id\":\"58e44c3a-42f8-4ff7-bf83-be3cd0c30b7f\",\"id\":13,\"time\":[2025,8,24,18,34,42,319695466],\"content\":\"test\",\"readStatuses\":[],\"sender\":null}],\"participants\":[{\"@json_id\":\"1c4ed2ba-3ba1-4d5e-9422-a3bdeb65481e\",\"id\":0,\"userName\":null,\"displayName\":\"toto\",\"password\":\"$2a$10$U9qpjYgWdBnqsGjux934kuky3CVGEC.VBsxWybAezoy.nBOcbc7Im\",\"emailAddress\":\"toto1.toto@yahoo.fr\",\"avatar\":\"/images/avatar/avatar_default.png\",\"messages\":[],\"conversation\":[]},{\"@json_id\":\"c9cb8fd4-fae6-452b-8b99-28f6effb5b68\",\"id\":3,\"userName\":null,\"displayName\":\"toto\",\"password\":\"$2a$10$QET0aBXPOZ.Qpfzbcyj22OtxUpPZRpQICEyTE4aVwUGzyK8rGVTjq\",\"emailAddress\":\"toto.toto@yahoo.fr\",\"avatar\":\"/images/avatar/avatar_default.png\",\"messages\":[],\"conversation\":[]}]}]}"}
2025-08-26 11:11:18 [pool-1-thread-1] INFO  org.server.Server - {"messageType":"ONLINE_USERS_FETCH","payload":null}
2025-08-26 11:11:28 [pool-1-thread-1] INFO  org.server.Server - {"messageType":"ONLINE_USERS_FETCH","payload":null}
2025-08-26 11:11:37 [pool-1-thread-1] INFO  org.server.Server - {"messageType":"USER_EXIT","payload":"{\"@json_id\":\"0520948c-c3e9-4d41-b30c-6b911bf189e1\",\"id\":3,\"userName\":null,\"displayName\":\"toto\",\"password\":\"$2a$10$QET0aBXPOZ.Qpfzbcyj22OtxUpPZRpQICEyTE4aVwUGzyK8rGVTjq\",\"emailAddress\":\"toto.toto@yahoo.fr\",\"avatar\":\"/images/avatar/avatar_default.png\",\"messages\":[],\"conversation\":[{\"@json_id\":\"5237dc9f-74c7-4e61-9d0d-217df5aa7626\",\"id\":14,\"messages\":[{\"@json_id\":\"b5c35da8-48c3-4e7a-aa6c-ca607fa073d5\",\"id\":13,\"time\":[2025,8,24,18,34,42,319695466],\"content\":\"test\",\"readStatuses\":[],\"sender\":null}],\"participants\":[{\"@json_id\":\"2c708936-68e8-41cd-8a43-84930edb0e84\",\"id\":3,\"userName\":null,\"displayName\":\"toto\",\"password\":\"$2a$10$QET0aBXPOZ.Qpfzbcyj22OtxUpPZRpQICEyTE4aVwUGzyK8rGVTjq\",\"emailAddress\":\"toto.toto@yahoo.fr\",\"avatar\":\"/images/avatar/avatar_default.png\",\"messages\":[],\"conversation\":[]},{\"@json_id\":\"51933eaf-9cb1-4694-a2f4-7f801a73ceac\",\"id\":0,\"userName\":null,\"displayName\":\"toto\",\"password\":\"$2a$10$U9qpjYgWdBnqsGjux934kuky3CVGEC.VBsxWybAezoy.nBOcbc7Im\",\"emailAddress\":\"toto1.toto@yahoo.fr\",\"avatar\":\"/images/avatar/avatar_default.png\",\"messages\":[],\"conversation\":[]}]}]}"}
2025-08-26 11:14:39 [pool-1-thread-4] INFO  org.server.Server - {"messageType":"USER_LOG_IN","payload":"{\"@json_id\":\"11331e5c-250c-4daa-bcaf-5fd73c0d8695\",\"id\":null,\"userName\":null,\"displayName\":null,\"password\":\"toto\",\"emailAddress\":\"toto.toto@yahoo.fr\",\"avatar\":null,\"messages\":[],\"conversation\":[]}"}
2025-08-26 11:14:39 [pool-1-thread-4] INFO  org.neo4j.ogm.metadata.DomainInfo - Starting Post-processing phase
2025-08-26 11:14:39 [pool-1-thread-4] INFO  org.neo4j.ogm.metadata.DomainInfo - Building byLabel lookup maps
2025-08-26 11:14:39 [pool-1-thread-4] INFO  org.neo4j.ogm.metadata.DomainInfo - Building interface class map for 4 classes
2025-08-26 11:14:39 [pool-1-thread-4] INFO  org.neo4j.ogm.metadata.DomainInfo - Post-processing complete
2025-08-26 11:14:39 [pool-1-thread-4] INFO  o.n.o.drivers.bolt.driver.BoltDriver - Shutting down Bolt driver org.neo4j.driver.internal.InternalDriver@8d84971 
2025-08-26 11:14:39 [pool-1-thread-4] INFO  org.server.action.UserAction - User connected !
2025-08-26 11:14:40 [pool-1-thread-4] INFO  org.server.Server - {"messageType":"CONVERSATION_DISPLAY","payload":"{\"@json_id\":\"0f6074eb-99bf-4220-9277-40e3003097e8\",\"id\":3,\"userName\":null,\"displayName\":\"toto\",\"password\":\"$2a$10$QET0aBXPOZ.Qpfzbcyj22OtxUpPZRpQICEyTE4aVwUGzyK8rGVTjq\",\"emailAddress\":\"toto.toto@yahoo.fr\",\"avatar\":\"/images/avatar/avatar_default.png\",\"messages\":[],\"conversation\":[]}"}
2025-08-26 11:14:40 [pool-1-thread-4] INFO  org.neo4j.ogm.metadata.DomainInfo - Starting Post-processing phase
2025-08-26 11:14:40 [pool-1-thread-4] INFO  org.neo4j.ogm.metadata.DomainInfo - Building byLabel lookup maps
2025-08-26 11:14:40 [pool-1-thread-4] INFO  org.neo4j.ogm.metadata.DomainInfo - Building interface class map for 4 classes
2025-08-26 11:14:40 [pool-1-thread-4] INFO  org.neo4j.ogm.metadata.DomainInfo - Post-processing complete
2025-08-26 11:14:40 [pool-1-thread-4] INFO  o.n.o.drivers.bolt.driver.BoltDriver - Shutting down Bolt driver org.neo4j.driver.internal.InternalDriver@7558d5e6 
2025-08-26 11:14:40 [pool-1-thread-4] INFO  o.server.action.ConversationAction - Conversations found !
2025-08-26 11:14:40 [pool-1-thread-4] INFO  org.server.Server - {"messageType":"READ_TARGET_AVATAR","payload":"{\"@json_id\":\"6e4fe284-054f-4a1b-a94d-cb7fa9691657\",\"id\":0,\"userName\":null,\"displayName\":\"toto\",\"password\":\"$2a$10$U9qpjYgWdBnqsGjux934kuky3CVGEC.VBsxWybAezoy.nBOcbc7Im\",\"emailAddress\":\"toto1.toto@yahoo.fr\",\"avatar\":\"/images/avatar/avatar_default.png\",\"messages\":[],\"conversation\":[]}"}
2025-08-26 11:14:45 [pool-1-thread-4] INFO  org.server.Server - {"messageType":"ONLINE_USERS_FETCH","payload":null}
2025-08-26 11:14:55 [pool-1-thread-4] INFO  org.server.Server - {"messageType":"ONLINE_USERS_FETCH","payload":null}
2025-08-26 11:15:03 [pool-1-thread-5] INFO  org.server.Server - {"messageType":"USER_LOG_IN","payload":"{\"@json_id\":\"45980c19-0841-469b-a5b0-652fbe8d83e5\",\"id\":null,\"userName\":null,\"displayName\":null,\"password\":\"toto\",\"emailAddress\":\"toto1.toto@yahoo.fr\",\"avatar\":null,\"messages\":[],\"conversation\":[]}"}
2025-08-26 11:15:03 [pool-1-thread-5] INFO  org.neo4j.ogm.metadata.DomainInfo - Starting Post-processing phase
2025-08-26 11:15:03 [pool-1-thread-5] INFO  org.neo4j.ogm.metadata.DomainInfo - Building byLabel lookup maps
2025-08-26 11:15:03 [pool-1-thread-5] INFO  org.neo4j.ogm.metadata.DomainInfo - Building interface class map for 4 classes
2025-08-26 11:15:03 [pool-1-thread-5] INFO  org.neo4j.ogm.metadata.DomainInfo - Post-processing complete
2025-08-26 11:15:03 [pool-1-thread-5] INFO  o.n.o.drivers.bolt.driver.BoltDriver - Shutting down Bolt driver org.neo4j.driver.internal.InternalDriver@3e8c6c96 
2025-08-26 11:15:03 [pool-1-thread-5] INFO  org.server.action.UserAction - User connected !
2025-08-26 11:15:04 [pool-1-thread-5] INFO  org.server.Server - {"messageType":"CONVERSATION_DISPLAY","payload":"{\"@json_id\":\"3a27a2e5-8a0a-47da-9eb4-e91e24364754\",\"id\":0,\"userName\":null,\"displayName\":\"toto\",\"password\":\"$2a$10$U9qpjYgWdBnqsGjux934kuky3CVGEC.VBsxWybAezoy.nBOcbc7Im\",\"emailAddress\":\"toto1.toto@yahoo.fr\",\"avatar\":\"/images/avatar/avatar_default.png\",\"messages\":[],\"conversation\":[]}"}
2025-08-26 11:15:04 [pool-1-thread-5] INFO  org.neo4j.ogm.metadata.DomainInfo - Starting Post-processing phase
2025-08-26 11:15:04 [pool-1-thread-5] INFO  org.neo4j.ogm.metadata.DomainInfo - Building byLabel lookup maps
2025-08-26 11:15:04 [pool-1-thread-5] INFO  org.neo4j.ogm.metadata.DomainInfo - Building interface class map for 4 classes
2025-08-26 11:15:04 [pool-1-thread-5] INFO  org.neo4j.ogm.metadata.DomainInfo - Post-processing complete
2025-08-26 11:15:04 [pool-1-thread-5] INFO  o.n.o.drivers.bolt.driver.BoltDriver - Shutting down Bolt driver org.neo4j.driver.internal.InternalDriver@73629607 
2025-08-26 11:15:04 [pool-1-thread-5] INFO  o.server.action.ConversationAction - Conversations found !
2025-08-26 11:15:04 [pool-1-thread-5] INFO  org.server.Server - {"messageType":"READ_TARGET_AVATAR","payload":"{\"@json_id\":\"f13f3bc5-7dd3-418d-bfb1-b81e9f1c773c\",\"id\":3,\"userName\":null,\"displayName\":\"toto\",\"password\":\"$2a$10$QET0aBXPOZ.Qpfzbcyj22OtxUpPZRpQICEyTE4aVwUGzyK8rGVTjq\",\"emailAddress\":\"toto.toto@yahoo.fr\",\"avatar\":\"/images/avatar/avatar_default.png\",\"messages\":[],\"conversation\":[]}"}
2025-08-26 11:15:05 [pool-1-thread-4] INFO  org.server.Server - {"messageType":"ONLINE_USERS_FETCH","payload":null}
2025-08-26 11:15:09 [pool-1-thread-5] INFO  org.server.Server - {"messageType":"ONLINE_USERS_FETCH","payload":null}
2025-08-26 11:15:11 [pool-1-thread-5] INFO  org.server.Server - {"messageType":"USER_EXIT","payload":"{\"@json_id\":\"4b5323aa-1f85-4b0b-a1ff-6c794dc54931\",\"id\":0,\"userName\":null,\"displayName\":\"toto\",\"password\":\"$2a$10$U9qpjYgWdBnqsGjux934kuky3CVGEC.VBsxWybAezoy.nBOcbc7Im\",\"emailAddress\":\"toto1.toto@yahoo.fr\",\"avatar\":\"/images/avatar/avatar_default.png\",\"messages\":[],\"conversation\":[{\"@json_id\":\"8e0c430a-150a-48ab-9388-c0f6853490bb\",\"id\":14,\"messages\":[{\"@json_id\":\"60d6bcd7-d82a-440c-8439-b83b0df1cf52\",\"id\":13,\"time\":[2025,8,24,18,34,42,319695466],\"content\":\"test\",\"readStatuses\":[],\"sender\":null}],\"participants\":[{\"@json_id\":\"960dc30e-daff-4804-8f19-f4545b5c0d83\",\"id\":0,\"userName\":null,\"displayName\":\"toto\",\"password\":\"$2a$10$U9qpjYgWdBnqsGjux934kuky3CVGEC.VBsxWybAezoy.nBOcbc7Im\",\"emailAddress\":\"toto1.toto@yahoo.fr\",\"avatar\":\"/images/avatar/avatar_default.png\",\"messages\":[],\"conversation\":[]},{\"@json_id\":\"aca492b4-3f8c-40b2-bf83-9bb1f712dadf\",\"id\":3,\"userName\":null,\"displayName\":\"toto\",\"password\":\"$2a$10$QET0aBXPOZ.Qpfzbcyj22OtxUpPZRpQICEyTE4aVwUGzyK8rGVTjq\",\"emailAddress\":\"toto.toto@yahoo.fr\",\"avatar\":\"/images/avatar/avatar_default.png\",\"messages\":[],\"conversation\":[]}]}]}"}
2025-08-26 11:15:15 [pool-1-thread-4] INFO  org.server.Server - {"messageType":"ONLINE_USERS_FETCH","payload":null}
2025-08-26 11:15:19 [pool-1-thread-4] INFO  org.server.Server - {"messageType":"USER_EXIT","payload":"{\"@json_id\":\"74549324-27d4-46a8-995c-95a8ad8f364c\",\"id\":3,\"userName\":null,\"displayName\":\"toto\",\"password\":\"$2a$10$QET0aBXPOZ.Qpfzbcyj22OtxUpPZRpQICEyTE4aVwUGzyK8rGVTjq\",\"emailAddress\":\"toto.toto@yahoo.fr\",\"avatar\":\"/images/avatar/avatar_default.png\",\"messages\":[],\"conversation\":[{\"@json_id\":\"7375c09f-c8c6-479b-939c-09628e6241c8\",\"id\":14,\"messages\":[{\"@json_id\":\"dcd81d39-dfa9-44a8-b3bc-e5d3f18ab74f\",\"id\":13,\"time\":[2025,8,24,18,34,42,319695466],\"content\":\"test\",\"readStatuses\":[],\"sender\":null}],\"participants\":[{\"@json_id\":\"af22d487-a17e-414c-9eeb-a46ad44eab27\",\"id\":3,\"userName\":null,\"displayName\":\"toto\",\"password\":\"$2a$10$QET0aBXPOZ.Qpfzbcyj22OtxUpPZRpQICEyTE4aVwUGzyK8rGVTjq\",\"emailAddress\":\"toto.toto@yahoo.fr\",\"avatar\":\"/images/avatar/avatar_default.png\",\"messages\":[],\"conversation\":[]},{\"@json_id\":\"9244858e-a674-42e6-9b02-ebd4ea439cda\",\"id\":0,\"userName\":null,\"displayName\":\"toto\",\"password\":\"$2a$10$U9qpjYgWdBnqsGjux934kuky3CVGEC.VBsxWybAezoy.nBOcbc7Im\",\"emailAddress\":\"toto1.toto@yahoo.fr\",\"avatar\":\"/images/avatar/avatar_default.png\",\"messages\":[],\"conversation\":[]}]}]}"}
